time,ACB,BCM,BID,BVH,CTG,FPT,GAS,GVR,HDB,HPG,LPB,MBB,MSN,MWG,PLX,SAB,SHB,SSB,SSI,STB,TCB,TPB,VCB,VHM,VIB,VIC,VJC,VNM,VPB,VRE
2024-01-01,,,,,,,,,,,,,,,,,,,,,,,,,,,,,,
2024-01-02,20.12,60.97,35.29,38.6,27.05,82.08,68.7,20.71,15.77,24.95,13.53,15.87,67.3,41.82,33.2,57.7,9.36,20.42,25.37,27.75,15.42,13.99,54.98,42.55,15.85,44.0,106.8,64.27,17.9,23.05
2024-01-03,20.37,59.69,35.54,38.6,27.05,81.82,68.61,20.61,15.85,24.91,13.7,15.91,67.7,41.67,33.11,57.61,9.45,20.51,25.22,27.6,15.44,13.86,55.38,42.55,15.89,43.5,105.4,64.37,17.71,22.9
2024-01-04,21.08,59.89,36.03,38.84,27.55,82.51,69.16,21.2,15.97,25.18,13.87,16.29,68.1,42.66,33.59,58.07,9.71,20.29,25.76,28.5,15.78,14.11,56.19,43.25,16.18,43.8,105.4,65.31,17.99,23.25
2024-01-05,21.04,59.1,36.11,38.94,28.7,82.76,70.07,21.25,16.17,25.05,14.08,17.1,66.6,42.66,33.78,57.51,9.79,20.6,26.23,28.85,16.0,14.39,57.32,43.05,16.46,43.9,106.2,64.84,18.14,23.1
2024-01-06,,,,,,,,,,,,,,,,,,,,,,,,,,,,,,
2024-01-07,,,,,,,,,,,,,,,,,,,,,,,,,,,,,,
2024-01-08,21.17,59.1,36.9,39.04,29.05,83.28,69.61,21.3,16.37,25.32,14.17,17.36,66.6,42.86,33.68,57.79,9.97,20.51,26.54,29.0,16.17,14.43,57.73,42.9,16.7,44.1,106.2,64.56,18.18,23.35
2024-01-09,20.96,58.51,38.06,38.89,29.3,82.85,69.07,20.81,16.33,25.0,13.96,17.44,66.0,42.07,33.35,57.41,9.97,20.38,26.47,29.1,16.39,14.35,58.06,42.65,16.78,43.9,105.2,64.37,18.14,23.35
2024-01-10,21.0,58.02,38.01,39.23,29.85,81.05,68.7,20.91,16.33,24.77,14.04,17.57,66.1,41.57,33.3,56.57,10.01,20.38,26.04,29.1,16.61,14.39,58.33,42.1,16.78,43.2,104.3,63.8,18.14,23.2
2024-01-11,21.13,57.92,38.18,39.47,30.4,81.22,68.7,20.96,16.53,24.91,14.08,17.44,66.0,41.87,33.54,56.76,10.35,20.42,26.23,29.2,16.39,14.88,59.26,42.0,16.9,43.4,104.7,63.89,18.56,23.3
2024-01-12,21.04,58.21,37.23,40.31,30.6,80.7,68.25,20.11,16.41,24.59,13.83,17.36,64.8,41.47,33.44,56.48,10.23,20.47,26.04,29.1,16.27,14.72,58.46,40.9,16.78,42.7,103.9,63.42,18.33,22.9
2024-01-13,,,,,,,,,,,,,,,,,,,,,,,,,,,,,,
2024-01-14,,,,,,,,,,,,,,,,,,,,,,,,,,,,,,
2024-01-15,21.25,58.31,38.06,40.06,31.0,81.39,68.7,20.21,16.53,24.64,14.21,18.21,65.2,41.92,33.35,56.39,10.48,20.47,25.76,29.7,16.63,14.84,59.47,41.4,17.02,43.05,104.2,63.42,18.37,22.95
2024-01-16,21.04,58.02,38.06,39.67,30.8,81.22,68.25,20.31,16.65,24.59,14.17,17.99,65.3,42.46,33.3,56.11,10.31,20.07,25.57,29.6,16.39,14.76,59.47,41.45,16.98,42.85,104.3,63.14,18.23,22.85
2024-01-17,21.29,58.31,38.26,39.77,31.0,81.48,68.34,20.71,16.45,25.14,14.3,18.12,66.3,43.95,33.25,56.2,10.35,20.11,26.11,29.7,16.49,14.88,59.53,41.9,17.27,42.95,103.9,63.42,18.28,23.05
2024-01-18,21.29,58.51,38.55,40.06,30.9,81.65,68.43,20.76,16.57,25.09,14.51,18.12,66.4,44.25,33.15,56.39,10.31,20.16,26.27,29.65,16.51,14.76,60.2,42.05,17.11,43.0,103.7,63.71,18.33,23.2
2024-01-19,21.55,59.4,39.01,40.21,31.45,82.08,68.61,20.91,16.61,25.09,14.81,18.46,66.7,44.94,33.4,56.76,10.4,20.2,26.08,29.95,16.73,14.92,60.47,43.0,17.35,43.15,104.3,63.8,18.56,23.6
2024-01-20,,,,,,,,,,,,,,,,,,,,,,,,,,,,,,
2024-01-21,,,,,,,,,,,,,,,,,,,,,,,,,,,,,,
2024-01-22,21.67,59.59,40.25,40.21,31.95,82.16,69.34,20.66,16.65,25.32,14.64,18.72,67.0,44.79,33.4,56.76,10.44,20.29,26.08,30.15,16.83,14.96,61.54,42.8,17.35,43.15,104.9,64.37,18.71,23.7
2024-01-23,21.88,60.38,40.2,39.77,31.9,81.82,69.16,20.61,16.65,25.68,14.73,18.63,66.5,44.89,33.4,56.29,10.4,20.16,26.27,30.25,17.17,15.0,60.47,42.3,17.35,42.9,103.5,63.99,18.66,23.55
2024-01-24,21.59,60.58,40.04,39.67,31.9,81.39,68.89,20.66,16.69,25.68,14.68,18.55,66.2,44.0,33.3,56.11,10.4,20.07,26.31,30.4,17.09,14.8,60.8,42.3,17.27,42.9,103.8,63.61,18.56,23.7
2024-01-25,21.5,59.89,40.0,39.67,31.6,81.3,68.61,20.61,16.73,25.45,14.77,18.46,66.1,43.75,33.2,54.89,10.53,20.11,26.43,30.3,16.92,14.72,60.67,42.05,17.06,42.8,104.5,63.33,18.56,23.75
2024-01-26,21.71,60.28,40.0,39.77,31.95,81.73,68.43,20.76,16.85,25.68,14.9,18.63,65.8,44.4,33.2,53.12,10.57,20.16,26.5,30.2,16.97,14.72,61.14,42.0,17.14,42.65,104.5,63.42,18.66,23.55
2024-01-27,,,,,,,,,,,,,,,,,,,,,,,,,,,,,,
2024-01-28,,,,,,,,,,,,,,,,,,,,,,,,,,,,,,
2024-01-29,21.8,60.77,40.08,39.77,32.0,81.73,68.52,21.4,17.01,25.45,14.86,18.72,65.5,44.15,33.2,53.49,10.61,20.16,26.43,30.3,17.07,14.72,60.8,41.8,17.18,42.4,105.3,63.33,18.56,23.3
2024-01-30,21.76,60.77,39.83,40.01,32.05,81.82,69.25,22.05,17.13,25.32,15.11,18.59,65.6,44.15,33.35,53.4,10.53,20.07,26.39,30.3,16.83,14.72,60.27,41.7,17.1,42.5,105.5,63.33,18.66,23.1
2024-01-31,21.46,62.84,39.25,39.57,31.3,81.9,68.61,21.8,17.21,25.23,15.07,18.42,64.4,44.3,33.25,52.56,9.92,19.72,26.7,29.8,16.68,14.43,59.2,41.5,17.06,42.1,103.6,63.33,18.18,22.45
2024-02-01,21.59,63.34,38.96,39.67,31.45,82.08,68.52,22.24,17.37,25.18,15.11,18.38,64.4,44.64,33.2,52.65,9.92,19.81,26.86,29.7,16.49,14.43,58.86,41.1,16.98,42.05,104.0,63.61,18.14,22.45
2024-02-02,21.71,63.53,38.59,39.91,31.55,85.85,68.43,24.03,17.45,25.18,15.24,18.51,65.0,45.74,33.25,53.21,9.79,19.54,27.17,29.75,16.49,14.19,59.6,41.15,16.81,42.05,104.4,63.42,17.85,22.3
2024-02-03,,,,,,,,,,,,,,,,,,,,,,,,,,,,,,
2024-02-04,,,,,,,,,,,,,,,,,,,,,,,,,,,,,,
2024-02-05,21.97,62.55,38.88,40.11,31.75,87.39,68.34,24.08,17.77,25.36,15.15,18.51,64.7,46.43,33.2,53.12,9.84,19.67,26.93,29.85,16.68,14.19,59.8,41.1,16.85,41.8,103.8,63.61,17.9,21.7
2024-02-06,23.23,62.25,39.67,40.06,33.85,88.25,68.61,24.57,18.09,25.45,15.41,19.53,64.7,46.43,33.25,53.03,9.97,20.03,27.25,30.7,17.26,14.68,59.6,41.0,17.68,41.9,104.5,63.99,18.23,21.6
2024-02-07,23.39,62.55,40.16,40.11,34.4,89.11,68.7,24.72,18.37,25.5,15.33,19.65,64.6,46.08,33.3,53.31,9.97,19.98,27.25,30.75,17.36,14.68,59.73,41.0,17.76,42.0,104.3,63.61,18.33,21.6
2024-02-08,,,,,,,,,,,,,,,,,,,,,,,,,,,,,,
2024-02-09,,,,,,,,,,,,,,,,,,,,,,,,,,,,,,
2024-02-10,,,,,,,,,,,,,,,,,,,,,,,,,,,,,,
2024-02-11,,,,,,,,,,,,,,,,,,,,,,,,,,,,,,
2024-02-12,,,,,,,,,,,,,,,,,,,,,,,,,,,,,,
2024-02-13,,,,,,,,,,,,,,,,,,,,,,,,,,,,,,
2024-02-14,,,,,,,,,,,,,,,,,,,,,,,,,,,,,,
2024-02-15,22.85,62.25,40.04,40.26,35.0,89.02,68.89,24.52,18.61,25.68,15.54,20.04,64.9,45.49,33.59,54.05,10.1,20.11,27.32,31.0,18.16,15.08,59.6,41.8,18.18,42.2,104.0,63.61,18.61,21.85
2024-02-16,22.93,62.55,39.92,40.55,34.65,89.02,68.89,24.62,18.57,26.0,15.24,20.16,65.1,45.44,33.68,53.96,10.23,20.25,27.25,30.75,18.38,15.24,59.87,41.95,18.14,42.5,104.4,63.89,18.71,22.05
2024-02-17,,,,,,,,,,,,,,,,,,,,,,,,,,,,,,
2024-02-18,,,,,,,,,,,,,,,,,,,,,,,,,,,,,,
2024-02-19,22.85,62.06,39.87,41.48,34.5,90.05,70.07,26.55,18.37,25.86,15.11,20.08,66.5,45.79,34.02,53.4,10.23,20.11,26.86,30.45,18.64,15.12,59.73,42.9,18.05,44.3,104.4,66.92,18.66,22.6
2024-02-20,22.97,62.74,40.82,41.67,34.7,89.19,71.16,26.11,18.41,26.41,15.15,20.12,68.2,45.64,34.65,54.15,10.18,20.03,27.52,30.55,18.67,15.12,59.8,45.85,18.18,47.9,104.3,67.49,18.52,24.7
2024-02-21,23.02,62.55,40.41,41.28,35.05,88.77,70.53,27.45,18.57,26.09,15.15,20.16,67.7,45.64,34.31,54.05,10.18,19.89,27.09,30.85,18.72,15.04,60.54,44.8,18.43,47.1,103.2,67.21,18.61,25.0
2024-02-22,23.1,64.12,40.91,41.18,35.25,89.71,70.53,27.49,18.33,25.95,15.11,20.29,67.8,44.84,34.31,54.05,10.31,19.94,26.97,31.0,18.89,15.57,59.87,44.8,18.43,47.0,103.2,67.3,18.61,25.75
2024-02-23,22.93,62.35,40.74,40.89,35.0,88.59,69.52,26.55,18.01,25.82,14.64,20.21,66.6,43.6,33.78,53.12,10.23,20.07,26.58,30.65,19.4,15.49,59.47,43.25,18.18,45.2,103.4,67.21,18.52,25.25
2024-02-24,,,,,,,,,,,,,,,,,,,,,,,,,,,,,,
2024-02-25,,,,,,,,,,,,,,,,,,,,,,,,,,,,,,
2024-02-26,22.76,61.76,42.97,40.94,35.1,88.77,68.98,27.05,17.97,25.73,14.68,20.12,66.1,42.71,33.59,52.65,10.1,19.98,26.58,30.15,19.49,15.36,59.47,43.1,17.97,44.3,103.9,66.92,18.23,25.35
2024-02-27,22.97,61.96,43.8,41.14,35.45,92.11,69.34,28.39,18.05,26.18,14.73,20.29,66.7,44.05,33.97,52.09,10.1,19.85,27.4,30.35,19.88,15.28,59.6,43.3,18.05,44.35,103.5,67.3,18.23,25.55
2024-02-28,23.14,61.96,43.22,41.18,35.65,91.17,70.71,28.19,18.17,27.41,14.81,20.55,67.7,44.4,34.55,52.75,10.18,19.89,27.83,30.75,20.15,15.49,60.47,44.0,18.14,45.25,103.3,67.68,18.42,26.3
2024-02-29,23.27,62.25,43.8,41.72,35.2,92.37,70.25,27.89,18.53,27.73,14.64,20.38,69.1,45.64,34.36,54.05,10.14,19.94,28.34,31.1,20.05,15.97,65.08,43.4,18.1,45.0,103.1,67.78,18.66,26.4
2024-03-01,23.14,62.15,43.3,41.72,35.0,93.57,70.34,27.74,18.37,27.86,14.56,20.25,70.0,45.74,34.36,54.24,10.14,19.94,28.89,31.7,20.0,15.85,63.48,43.3,17.89,44.85,103.2,67.4,18.66,25.85
2024-03-02,,,,,,,,,,,,,,,,,,,,,,,,,,,,,,
2024-03-03,,,,,,,,,,,,,,,,,,,,,,,,,,,,,,
2024-03-04,23.02,62.84,43.39,41.77,35.15,95.03,70.71,29.18,18.49,27.91,14.6,20.21,69.9,46.23,34.6,54.33,10.18,19.98,28.89,31.65,20.05,15.81,63.95,43.8,17.93,45.15,103.3,67.78,18.61,26.2
2024-03-05,23.14,63.63,43.72,41.92,35.75,94.25,70.8,29.08,18.41,27.91,14.77,20.5,70.9,47.12,34.31,54.05,10.1,19.94,28.61,31.55,20.07,15.65,63.68,43.3,18.1,45.0,103.5,67.87,18.56,26.4
2024-03-06,23.14,64.03,44.21,41.92,35.65,92.97,72.25,28.54,18.37,27.73,15.24,20.72,75.7,47.92,34.69,55.17,10.14,19.85,28.65,31.35,20.27,15.49,63.61,43.05,18.14,45.2,103.2,67.97,18.33,25.7
2024-03-07,23.02,65.21,43.96,42.26,35.45,92.8,72.44,28.39,18.49,27.82,15.15,20.72,76.4,47.72,34.94,56.29,10.14,19.85,28.77,31.15,20.56,15.53,63.88,42.85,18.05,45.35,103.3,67.49,18.42,25.75
2024-03-08,22.68,68.26,40.99,43.29,34.5,93.91,72.34,28.24,18.21,27.5,14.6,20.08,78.0,46.63,35.32,55.55,10.1,19.76,28.73,30.6,19.88,15.08,63.61,42.55,17.89,44.8,103.1,66.26,17.99,25.4
2024-03-09,,,,,,,,,,,,,,,,,,,,,,,,,,,,,,
2024-03-10,,,,,,,,,,,,,,,,,,,,,,,,,,,,,,
2024-03-11,22.39,65.7,41.73,42.21,33.9,94.34,70.8,28.73,18.21,27.09,14.13,19.4,76.6,45.88,34.55,55.08,9.79,19.59,28.26,30.1,19.35,14.92,62.94,42.5,17.68,44.35,103.0,66.26,17.61,24.5
2024-03-12,22.34,65.21,41.73,42.02,33.95,94.34,70.71,29.23,17.97,27.09,14.13,19.36,77.2,45.69,34.6,55.08,9.71,19.59,28.14,30.1,19.44,14.96,62.88,42.35,17.6,44.05,102.0,66.26,17.57,24.45
2024-03-13,22.47,66.98,42.81,42.26,34.2,96.06,70.98,31.51,18.09,27.36,14.38,19.65,78.9,46.43,35.13,54.71,9.75,19.63,28.34,30.15,19.86,14.96,63.08,42.5,17.64,44.1,102.0,66.26,17.66,24.95
2024-03-14,22.72,66.78,42.48,42.55,34.2,99.23,72.25,31.51,18.21,27.5,14.34,19.91,78.7,46.73,35.66,54.8,9.84,19.67,29.51,30.4,20.0,15.08,63.28,42.8,17.93,45.0,101.0,66.55,17.71,25.55
2024-03-15,22.68,66.29,42.15,41.97,33.95,98.2,73.44,32.1,18.13,27.27,14.13,19.7,76.8,46.18,35.85,53.59,9.79,19.67,28.96,30.2,19.59,14.96,62.81,42.4,18.01,44.4,100.5,65.87,17.61,25.1
2024-03-16,,,,,,,,,,,,,,,,,,,,,,,,,,,,,,
2024-03-17,,,,,,,,,,,,,,,,,,,,,,,,,,,,,,
2024-03-18,22.43,62.06,41.24,40.55,32.35,95.28,72.71,31.9,17.85,26.36,13.53,19.06,73.9,45.29,34.6,52.37,9.49,19.59,27.79,29.7,19.11,14.35,61.87,41.3,18.05,43.9,100.5,64.82,17.04,25.0
2024-03-19,22.47,63.34,42.15,40.94,32.95,95.28,72.53,31.61,17.25,26.73,13.7,19.53,77.2,44.99,34.98,52.84,9.62,19.45,28.22,29.9,19.2,14.76,61.87,41.85,18.18,45.6,100.0,65.01,17.19,26.7
2024-03-20,22.51,62.84,41.73,40.84,33.0,95.28,72.44,31.9,17.45,27.05,13.83,19.65,76.5,45.24,35.61,52.65,9.58,19.5,28.3,30.15,19.42,14.55,61.87,42.2,18.26,45.8,100.1,64.72,17.28,26.1
2024-03-21,23.14,64.22,43.63,41.48,34.05,98.29,73.26,32.3,18.05,27.36,14.34,20.5,77.6,47.62,35.75,53.31,9.79,19.63,29.28,31.1,20.66,15.0,62.88,42.55,19.63,45.9,101.2,65.11,17.61,26.35
2024-03-22,23.44,64.12,44.05,41.38,35.0,98.2,73.16,32.45,18.93,27.45,14.38,21.14,78.3,47.62,36.38,53.31,9.88,19.67,29.35,31.55,21.36,15.12,63.68,42.6,19.76,46.05,101.5,65.01,17.71,26.45
2024-03-23,,,,,,,,,,,,,,,,,,,,,,,,,,,,,,
2024-03-24,,,,,,,,,,,,,,,,,,,,,,,,,,,,,,
2024-03-25,23.1,63.83,43.55,41.43,34.5,97.6,72.89,31.31,18.69,27.32,14.17,20.93,75.4,47.92,35.8,53.03,9.88,19.45,29.12,30.8,21.41,15.16,62.94,42.4,19.63,46.15,100.7,64.34,17.71,25.95
2024-03-26,22.97,63.83,43.8,41.67,34.65,97.43,72.8,31.56,18.73,27.36,14.13,20.93,74.0,47.42,35.71,52.84,9.84,19.37,29.0,30.75,21.58,15.32,64.08,42.45,19.8,46.6,100.2,64.53,17.95,25.0
2024-03-27,23.18,63.93,43.39,41.72,34.8,97.86,72.89,32.7,19.17,27.82,14.34,21.27,74.1,48.17,36.19,53.12,9.88,19.37,29.59,30.65,21.87,15.41,63.95,42.5,19.88,46.7,101.0,64.72,18.37,25.9
2024-03-28,23.69,64.12,43.39,42.21,35.3,98.89,72.71,32.7,19.21,27.68,14.38,21.44,75.7,50.0,36.04,53.12,9.92,19.32,30.29,30.8,23.13,15.41,63.95,42.6,19.88,46.9,101.7,64.82,18.52,25.65
2024-03-29,23.65,63.93,42.97,41.67,35.15,99.49,72.98,32.6,19.05,27.5,14.47,21.4,74.2,50.4,35.8,52.93,9.84,19.32,30.06,31.6,23.06,15.41,63.48,42.85,19.92,47.3,102.4,64.72,18.47,25.5
2024-03-30,,,,,,,,,,,,,,,,,,,,,,,,,,,,,,
2024-03-31,,,,,,,,,,,,,,,,,,,,,,,,,,,,,,
2024-04-01,23.6,63.14,42.72,41.38,34.75,98.8,72.62,32.35,18.93,27.23,14.73,21.02,72.6,50.3,35.75,52.84,9.79,19.19,29.55,31.05,22.72,15.12,63.34,42.65,19.88,47.35,102.0,64.24,18.47,25.65
2024-04-02,23.44,62.74,42.56,40.94,34.1,98.97,72.71,32.45,18.81,27.09,14.6,20.59,73.3,49.56,35.61,52.56,9.71,19.1,29.67,29.6,22.79,14.84,62.81,42.2,19.55,46.5,101.4,63.96,17.95,25.35
2024-04-03,23.44,63.34,42.15,41.04,33.9,98.71,74.44,33.93,18.69,27.23,14.77,20.59,73.2,49.51,36.09,52.28,9.66,19.01,29.67,30.1,22.69,14.96,62.74,42.9,19.51,47.2,100.9,63.96,18.28,25.5
2024-04-04,23.14,62.55,42.15,41.04,33.5,97.77,73.8,32.8,18.69,26.86,14.6,20.25,73.0,48.61,35.66,52.47,9.66,19.15,29.39,29.65,22.28,14.84,63.14,42.75,19.26,47.25,102.0,63.96,18.23,25.25
2024-04-05,22.76,61.66,41.49,40.75,33.1,96.57,73.16,31.21,18.57,26.59,14.43,19.82,71.9,49.06,35.61,52.37,9.58,19.06,28.73,29.15,21.89,14.68,63.01,42.4,18.76,47.3,101.3,64.91,18.04,24.7
2024-04-06,,,,,,,,,,,,,,,,,,,,,,,,,,,,,,
2024-04-07,,,,,,,,,,,,,,,,,,,,,,,,,,,,,,
2024-04-08,22.64,61.07,41.32,40.5,32.95,96.57,72.62,31.01,18.65,26.64,14.64,19.7,71.7,49.41,35.66,51.62,9.53,19.01,28.61,28.95,21.77,14.68,63.01,42.4,18.72,47.35,100.5,64.15,18.14,23.6
2024-04-09,22.72,60.08,41.98,40.35,33.55,96.48,72.34,31.31,18.97,26.86,14.86,19.91,72.2,49.41,35.46,51.25,9.53,19.01,28.65,28.7,21.92,14.72,63.01,42.9,18.8,47.0,101.1,64.05,18.18,23.65
2024-04-10,22.76,60.28,42.89,40.55,33.65,97.17,72.07,31.31,18.89,26.95,16.01,20.25,72.5,51.29,35.18,51.44,9.66,19.06,28.85,29.1,22.11,14.88,62.94,43.45,19.01,47.65,101.0,64.05,18.33,24.2
2024-04-11,22.6,59.4,42.39,40.31,33.25,97.17,71.53,30.86,18.81,26.77,15.67,19.91,71.5,50.8,34.74,51.34,9.58,19.1,28.53,28.75,21.8,14.68,62.54,43.75,18.76,47.75,100.8,63.76,18.33,23.8
2024-04-12,22.68,58.8,43.63,40.35,33.65,98.03,71.71,31.36,18.93,27.14,15.75,20.21,71.7,51.19,34.98,51.72,9.58,19.37,28.92,28.9,21.87,14.8,62.74,44.3,18.97,48.15,101.0,63.86,18.42,23.95
2024-04-13,,,,,,,,,,,,,,,,,,,,,,,,,,,,,,
2024-04-14,,,,,,,,,,,,,,,,,,,,,,,,,,,,,,
2024-04-15,22.55,55.95,41.07,38.6,33.4,95.63,67.52,29.53,18.65,25.55,15.58,19.57,66.9,49.11,33.49,50.88,9.71,19.37,27.29,27.5,21.43,14.19,61.54,42.2,18.64,46.0,104.8,62.23,17.47,22.5
2024-04-16,22.47,53.98,40.87,38.3,32.8,95.63,68.25,29.03,18.41,25.32,16.01,19.61,64.6,48.32,33.83,49.48,9.71,18.31,26.62,27.2,21.43,13.78,60.54,40.75,18.26,44.65,104.0,60.41,17.57,21.9
2024-04-17,22.47,53.49,39.67,37.67,32.65,95.71,68.34,28.39,17.93,25.36,16.4,19.65,65.5,48.56,33.88,50.41,9.58,19.23,26.86,26.8,21.65,13.78,59.87,41.55,18.38,44.5,101.9,61.56,17.23,21.85
2024-04-18,,,,,,,,,,,,,,,,,,,,,,,,,,,,,,
2024-04-19,22.22,49.94,38.92,37.33,31.25,93.48,67.98,27.25,17.53,25.0,16.01,19.23,65.9,47.67,33.25,48.54,9.58,18.93,25.8,26.15,21.02,13.3,60.0,40.3,17.91,42.6,102.0,60.7,17.04,21.05
2024-04-20,,,,,,,,,,,,,,,,,,,,,,,,,,,,,,
2024-04-21,,,,,,,,,,,,,,,,,,,,,,,,,,,,,,
2024-04-22,22.43,50.92,40.33,37.67,31.7,93.4,68.16,27.94,17.77,25.32,16.87,19.19,66.7,47.77,33.25,49.48,9.62,19.15,26.5,27.1,21.77,13.62,60.33,40.65,18.03,41.7,102.1,61.37,17.33,21.5
2024-04-23,22.3,49.64,40.08,38.01,31.15,94.25,67.34,26.8,17.29,24.95,17.25,18.51,64.5,48.27,33.25,48.82,9.36,18.93,26.78,27.55,22.06,13.91,59.67,40.2,17.78,41.0,101.0,60.6,17.09,21.6
2024-04-24,22.43,50.14,40.78,38.16,31.7,97.08,67.61,27.59,17.77,25.23,17.55,18.68,65.2,49.46,33.64,49.57,9.53,19.28,27.25,27.8,22.5,14.19,60.27,40.25,18.03,41.1,102.6,60.89,17.47,22.05
2024-04-25,22.47,51.42,40.74,38.3,32.25,104.55,67.34,28.88,17.81,25.73,17.64,18.85,66.2,50.99,33.59,50.04,9.58,19.01,27.4,28.2,22.21,14.35,60.54,40.4,17.99,41.3,101.5,61.27,17.42,22.1
2024-04-26,22.34,51.22,40.58,38.01,32.15,104.8,66.89,28.78,17.89,25.5,17.08,18.72,67.1,52.58,33.68,50.5,9.62,18.93,27.09,28.1,22.14,14.31,61.0,40.3,17.86,41.9,101.9,61.85,17.38,22.0
2024-04-27,,,,,,,,,,,,,,,,,,,,,,,,,,,,,,
2024-04-28,,,,,,,,,,,,,,,,,,,,,,,,,,,,,,
2024-04-29,,,,,,,,,,,,,,,,,,,,,,,,,,,,,,
2024-04-30,,,,,,,,,,,,,,,,,,,,,,,,,,,,,,
2024-05-01,,,,,,,,,,,,,,,,,,,,,,,,,,,,,,
2024-05-02,22.51,51.71,40.37,38.55,32.0,105.92,66.43,28.98,18.69,25.5,17.55,18.89,67.1,54.27,33.92,50.88,9.88,19.06,26.78,27.5,22.48,14.31,60.94,40.35,17.95,43.6,102.2,62.23,17.38,22.35
2024-05-03,22.76,52.7,40.49,39.04,32.15,107.72,67.25,29.08,18.93,25.77,17.12,18.97,68.1,54.57,34.5,52.84,9.97,19.1,27.01,27.5,22.98,14.19,61.41,40.85,18.12,44.0,103.1,62.81,17.42,22.75
2024-05-04,,,,,,,,,,,,,,,,,,,,,,,,,,,,,,
2024-05-05,,,,,,,,,,,,,,,,,,,,,,,,,,,,,,
2024-05-06,22.97,53.09,40.74,39.08,32.35,106.78,67.8,29.23,19.09,26.18,17.3,19.19,70.1,55.36,35.03,52.75,10.01,19.1,27.29,27.65,23.23,14.27,62.01,40.85,18.25,43.85,106.2,62.81,17.47,23.0
2024-05-07,23.1,53.78,41.32,39.62,32.8,109.09,67.98,30.52,19.09,26.59,17.3,19.27,70.5,57.05,35.42,52.75,10.01,19.19,27.64,28.1,23.13,14.27,62.14,40.9,18.42,44.5,114.0,63.19,17.61,22.85
2024-05-08,22.93,52.8,41.15,39.87,32.35,110.89,68.43,30.22,19.09,27.05,17.38,18.97,70.2,57.74,36.67,53.21,9.92,19.15,27.4,27.85,22.94,14.23,61.61,40.5,18.25,44.3,115.6,64.34,17.57,22.85
2024-05-09,23.1,53.58,40.91,39.67,32.45,111.49,69.25,31.31,18.85,27.32,17.04,19.02,70.6,57.94,37.77,53.68,10.14,19.15,27.36,27.8,23.18,14.35,61.74,40.85,18.29,45.05,116.0,63.86,17.57,22.85
2024-05-10,23.06,55.65,40.45,39.62,32.55,110.81,68.16,30.91,18.73,27.23,17.12,19.14,70.6,56.95,38.21,53.49,10.01,19.1,27.32,27.6,23.23,14.59,61.34,40.35,18.33,44.5,115.8,63.38,17.47,22.3
2024-05-11,,,,,,,,,,,,,,,,,,,,,,,,,,,,,,
2024-05-12,,,,,,,,,,,,,,,,,,,,,,,,,,,,,,
2024-05-13,23.23,54.96,40.08,39.52,32.25,110.46,68.25,31.01,18.61,27.36,17.0,19.23,70.3,57.54,38.3,52.93,10.01,19.01,27.52,27.2,23.28,14.51,60.54,39.7,18.21,44.35,115.5,62.71,17.52,22.1
2024-05-14,23.23,55.46,39.71,39.18,32.25,111.15,68.16,31.8,18.65,27.36,17.0,19.31,70.1,57.54,37.3,53.12,9.97,19.01,27.6,27.2,23.2,14.51,60.54,40.15,18.29,46.05,116.6,63.19,17.95,22.15
2024-05-15,23.27,57.33,39.96,39.43,32.25,112.61,68.16,32.0,18.65,27.5,17.21,19.4,71.9,59.53,37.5,53.4,9.97,18.97,27.71,27.3,23.15,14.51,60.74,40.05,18.59,46.0,116.6,63.96,18.09,22.15
2024-05-16,23.35,57.23,40.53,39.72,32.55,115.1,69.07,32.2,18.85,28.59,17.77,19.57,72.0,59.23,38.1,53.68,10.05,19.01,28.14,28.1,23.47,14.59,61.2,40.15,18.89,46.2,116.0,64.24,18.14,22.45
2024-05-17,23.69,57.23,40.66,39.62,32.9,114.67,68.7,32.0,19.25,28.32,19.01,19.7,72.4,58.53,37.4,53.68,10.23,19.1,28.07,28.3,24.08,14.8,61.34,40.2,18.97,46.25,116.7,64.05,18.28,22.5
2024-05-18,,,,,,,,,,,,,,,,,,,,,,,,,,,,,,
2024-05-19,,,,,,,,,,,,,,,,,,,,,,,,,,,,,,
2024-05-20,23.69,59.69,40.91,40.01,33.05,114.07,69.16,33.19,19.49,28.73,19.52,19.91,75.7,59.03,38.0,53.96,10.18,19.19,28.5,28.2,24.03,14.92,61.41,40.45,19.15,46.35,114.6,63.67,18.52,22.85
2024-05-21,23.39,62.15,40.82,40.79,33.35,114.5,69.16,32.6,19.53,28.59,19.35,19.78,74.9,59.53,37.0,53.68,10.1,19.15,28.34,27.85,23.52,14.76,60.67,40.05,18.97,46.45,111.0,63.09,18.61,22.7
2024-05-22,23.44,61.66,41.11,40.65,32.7,116.72,69.61,32.3,19.49,28.32,19.48,19.74,73.8,59.13,37.4,53.68,10.05,19.1,28.42,27.95,23.18,14.68,60.67,40.2,18.97,45.5,109.1,63.09,18.25,23.1
2024-05-23,23.52,61.56,40.82,40.6,32.6,115.78,69.52,32.1,19.21,28.6,19.61,19.57,73.2,59.53,37.6,53.68,9.97,19.06,27.99,27.7,22.92,14.63,60.54,40.1,18.8,44.75,109.0,63.09,18.15,22.75
2024-05-24,23.73,59.89,40.08,42.75,32.3,112.01,70.8,32.5,19.21,28.5,19.01,19.26,73.1,58.43,40.25,53.96,9.92,19.01,27.17,28.3,22.9,14.27,60.2,39.75,18.63,44.15,108.0,63.0,18.0,22.05
2024-05-25,,,,,,,,,,,,,,,,,,,,,,,,,,,,,,
2024-05-26,,,,,,,,,,,,,,,,,,,,,,,,,,,,,,
2024-05-27,24.57,59.59,40.12,43.58,32.1,112.01,71.07,33.24,18.97,28.65,19.82,19.44,72.7,58.73,40.5,54.15,9.92,19.01,27.17,28.35,23.0,14.23,60.0,39.75,18.68,44.45,107.7,63.09,17.95,22.2
2024-05-28,24.61,61.07,40.16,44.8,31.7,114.15,73.71,34.63,18.85,28.8,20.16,19.44,73.8,59.63,41.1,54.52,9.97,18.84,27.44,28.6,23.15,14.35,60.07,39.75,18.8,44.45,108.5,63.38,18.0,22.3
2024-05-29,24.57,60.58,40.16,44.46,31.65,115.61,73.8,34.48,18.77,28.6,21.4,19.39,75.0,60.02,41.25,56.29,9.92,18.75,27.4,28.25,23.2,14.35,60.07,39.45,18.72,44.25,107.3,63.28,17.95,22.1
2024-05-30,24.23,59.2,39.17,43.29,31.35,113.12,72.89,33.74,18.25,28.0,21.83,18.87,74.1,58.73,40.35,54.43,9.79,18.75,26.78,27.6,22.92,14.19,59.2,39.0,18.46,43.15,107.0,62.81,17.7,21.6
2024-05-31,24.65,59.69,38.92,43.82,31.8,114.75,72.89,34.83,18.49,28.05,21.96,18.91,76.6,61.91,40.8,54.43,9.84,18.75,27.01,27.8,23.15,14.23,58.33,38.85,18.59,43.3,107.1,62.61,17.9,21.65
2024-06-01,,,,,,,,,,,,,,,,,,,,,,,,,,,,,,
2024-06-02,,,,,,,,,,,,,,,,,,,,,,,,,,,,,,
2024-06-03,24.6,60.48,39.01,43.97,32.05,115.52,73.16,34.68,18.65,28.8,22.0,19.09,76.8,62.7,41.2,54.8,9.88,18.84,27.32,28.1,23.55,14.35,58.86,39.1,18.68,43.8,107.3,63.0,18.05,21.95
2024-06-04,24.45,61.27,39.3,44.16,32.45,118.18,73.07,34.63,19.05,29.0,21.88,19.57,77.1,62.6,41.35,55.55,9.97,18.84,27.6,29.85,23.5,14.59,59.06,39.4,19.02,44.0,107.9,63.28,18.15,22.05
2024-06-05,24.3,61.27,39.38,44.85,32.4,119.81,73.35,34.78,18.97,29.1,21.53,19.31,77.5,61.11,41.5,57.69,9.92,18.88,27.64,29.6,23.6,14.55,59.26,39.3,19.15,44.1,108.0,63.48,18.1,22.15
2024-06-06,24.3,62.65,39.42,45.44,32.35,119.04,72.98,34.28,18.81,28.9,21.92,19.39,77.5,61.11,40.8,60.87,9.92,18.97,27.48,29.65,23.6,14.55,59.4,39.0,19.06,43.7,107.8,64.44,17.95,22.2
2024-06-07,24.3,62.45,39.42,44.9,32.65,120.5,73.07,34.48,18.85,29.1,22.18,19.39,77.0,61.31,41.25,61.24,10.14,18.93,27.56,30.7,24.35,14.68,59.2,39.0,19.06,43.2,108.0,64.72,17.95,22.2
2024-06-08,,,,,,,,,,,,,,,,,,,,,,,,,,,,,,
2024-06-09,,,,,,,,,,,,,,,,,,,,,,,,,,,,,,
2024-06-10,24.3,62.35,39.3,45.19,32.9,122.64,73.07,34.93,18.93,29.15,22.3,19.57,76.8,61.51,41.5,62.45,10.05,18.93,27.6,31.05,24.18,14.76,58.8,38.85,18.97,43.4,108.6,64.44,18.0,22.05
2024-06-11,24.1,61.56,39.01,44.26,33.15,122.73,73.07,34.93,18.81,29.05,22.0,19.52,75.7,61.31,42.1,62.27,10.01,18.79,27.52,30.7,24.58,14.72,58.26,38.15,19.32,42.55,105.4,63.67,18.05,21.65
2024-06-12,23.9,61.37,38.84,44.16,32.85,126.92,72.89,34.73,18.73,29.0,21.75,19.48,76.0,61.51,42.5,61.99,10.01,18.71,27.95,30.9,24.5,14.72,58.19,37.7,19.36,42.5,104.5,63.57,18.15,21.6
2024-06-13,24.4,62.65,39.58,44.41,33.5,129.1,72.98,34.98,19.13,29.3,22.35,20.13,78.0,62.6,42.15,61.15,10.14,18.97,28.38,31.25,24.65,14.96,59.13,38.1,19.49,42.9,105.3,64.05,19.25,21.6
2024-06-14,24.6,61.86,39.25,43.48,32.8,128.11,71.89,32.7,19.17,29.1,22.82,20.09,78.0,62.5,40.5,58.44,10.1,19.01,28.18,30.55,24.55,15.12,58.53,38.05,19.23,42.0,104.0,63.48,18.7,21.45
2024-06-15,,,,,,,,,,,,,,,,,,,,,,,,,,,,,,
2024-06-16,,,,,,,,,,,,,,,,,,,,,,,,,,,,,,
2024-06-17,24.25,60.77,38.43,43.09,32.3,127.61,70.62,32.7,18.65,29.0,23.03,19.96,76.2,60.52,39.9,58.44,9.97,19.41,27.91,30.25,24.25,14.92,58.26,37.9,18.85,42.0,104.0,63.28,18.45,21.1
2024-06-18,24.4,60.87,38.43,43.48,32.35,127.12,70.98,33.19,18.81,29.4,22.86,20.22,76.2,60.62,40.3,59.0,10.01,19.81,27.99,30.55,24.1,15.0,58.26,38.2,18.85,42.1,104.1,63.19,18.6,21.1
2024-06-19,24.25,60.87,37.89,44.16,31.95,125.73,70.89,33.09,18.65,29.25,22.77,20.04,74.9,61.11,40.55,57.69,9.92,19.98,27.95,30.45,24.08,14.92,57.86,37.75,18.72,41.45,102.0,62.42,18.4,20.65
2024-06-20,24.4,61.66,37.48,43.97,32.0,130.89,70.98,33.09,18.65,28.95,23.07,20.13,75.1,62.01,40.6,56.57,9.92,20.2,27.64,30.0,24.5,15.0,57.26,37.55,18.68,41.35,102.3,62.52,19.0,20.05
2024-06-21,24.5,62.45,37.64,44.07,32.15,132.38,70.89,33.69,18.53,29.0,23.2,20.09,75.5,61.91,40.8,57.41,9.97,20.6,27.71,30.45,24.2,15.04,57.19,37.45,18.63,41.15,101.9,63.28,19.35,19.85
2024-06-22,,,,,,,,,,,,,,,,,,,,,,,,,,,,,,
2024-06-23,,,,,,,,,,,,,,,,,,,,,,,,,,,,,,
2024-06-24,23.9,60.48,37.19,42.31,31.55,131.09,69.52,32.7,17.89,28.25,23.55,19.61,73.7,61.01,40.75,56.67,9.75,19.76,26.7,29.4,23.6,14.5,57.19,37.1,18.21,41.1,100.9,62.61,18.85,19.9
2024-06-25,23.9,60.18,35.99,43.09,31.45,127.71,69.43,32.7,17.85,28.5,23.89,19.57,73.6,61.11,40.7,55.36,9.79,18.62,26.86,29.25,23.4,14.5,57.19,37.2,18.08,41.15,100.9,62.81,18.85,20.05
2024-06-26,23.6,60.97,36.36,42.99,31.05,128.51,69.25,33.29,18.01,28.6,24.23,19.44,73.1,60.82,40.75,55.83,9.75,18.22,26.23,28.95,23.55,14.42,56.99,37.5,18.08,41.15,101.1,62.42,18.55,20.75
2024-06-27,23.8,64.22,36.44,43.33,31.15,129.9,69.61,34.98,18.01,28.7,23.8,19.48,73.6,61.51,41.3,55.92,9.75,17.61,26.62,29.1,23.35,14.46,56.99,37.35,18.03,41.0,100.7,62.42,18.7,20.35
2024-06-28,23.75,61.86,35.74,44.26,31.0,129.5,69.61,33.19,18.17,28.3,23.55,19.31,74.5,61.6,40.6,56.01,9.75,17.78,26.35,28.8,22.5,14.25,56.86,37.3,17.95,40.9,100.7,62.61,18.6,20.4
2024-06-29,,,,,,,,,,,,,,,,,,,,,,,,,,,,,,
2024-06-30,,,,,,,,,,,,,,,,,,,,,,,,,,,,,,
2024-07-01,23.6,62.15,35.54,44.7,30.85,127.61,69.71,33.29,18.25,28.05,23.63,19.26,74.7,62.0,40.25,56.2,9.84,17.96,26.11,28.8,22.65,14.29,56.99,37.1,17.86,41.05,99.7,62.61,18.5,20.6
2024-07-02,23.7,61.96,36.4,45.53,31.9,126.62,70.62,33.84,18.53,28.25,23.93,19.52,76.0,64.7,40.8,56.67,10.1,18.0,26.47,29.25,22.65,14.46,57.66,37.55,18.12,41.3,99.7,63.09,18.8,21.6
2024-07-03,23.95,62.25,37.64,45.73,32.05,129.2,70.98,34.08,19.37,28.7,25.47,19.65,75.8,65.1,41.2,56.95,10.1,18.09,26.82,29.55,22.9,14.54,58.73,37.7,18.21,41.25,100.1,63.28,18.75,20.95
2024-07-04,23.95,62.25,38.68,45.63,32.05,131.19,71.16,33.84,19.45,28.6,25.6,19.65,76.5,64.9,41.8,56.95,10.05,18.22,26.78,29.6,23.3,14.62,58.86,37.8,18.08,41.3,100.4,63.57,19.05,21.1
2024-07-05,24.0,62.25,38.92,45.34,32.1,135.16,71.34,34.28,19.37,28.6,26.5,19.65,76.3,65.0,43.8,55.98,10.05,18.22,26.66,29.6,23.2,14.54,58.86,37.95,17.95,41.1,100.5,63.67,19.0,20.7
2024-07-06,,,,,,,,,,,,,,,,,,,,,,,,,,,,,,
2024-07-07,,,,,,,,,,,,,,,,,,,,,,,,,,,,,,
2024-07-08,24.1,63.04,38.63,43.97,32.3,136.55,71.44,34.78,19.37,28.65,27.23,19.65,75.7,65.6,44.0,53.76,10.05,18.05,26.86,29.75,23.1,14.75,58.33,37.8,18.08,40.35,101.0,64.24,19.0,20.3
2024-07-09,24.05,64.03,38.76,45.04,32.4,135.06,71.34,36.81,19.45,28.75,27.1,19.7,75.5,66.3,45.8,53.76,10.1,18.09,26.78,29.95,23.25,14.75,57.99,37.8,18.16,40.15,100.6,64.44,19.0,20.2
2024-07-10,24.25,64.32,38.76,45.53,32.4,133.08,71.44,36.66,19.85,28.95,26.71,20.13,76.4,65.2,46.0,54.44,10.18,18.22,26.82,29.85,23.1,14.67,58.86,37.95,18.25,40.6,100.7,64.05,19.2,20.55
2024-07-11,24.15,63.73,38.68,45.04,32.2,131.59,71.16,36.31,19.97,28.85,26.29,20.09,75.8,64.6,46.1,54.24,10.18,18.31,26.9,29.85,22.8,14.79,58.93,38.1,18.21,40.7,100.7,63.57,19.05,20.65
2024-07-12,23.8,63.63,38.22,44.46,31.9,131.29,70.71,36.36,19.96,28.45,26.46,19.91,74.6,64.1,46.1,53.76,10.18,18.27,26.9,29.7,22.8,14.83,58.6,38.3,18.16,41.65,100.7,63.38,18.95,20.65
2024-07-13,,,,,,,,,,,,,,,,,,,,,,,,,,,,,,
2024-07-14,,,,,,,,,,,,,,,,,,,,,,,,,,,,,,
2024-07-15,23.9,64.22,38.26,44.46,32.0,131.39,71.25,37.25,20.08,28.2,26.54,19.96,74.2,64.1,46.55,53.76,10.23,18.13,26.78,29.6,22.6,14.67,58.53,37.8,18.12,41.3,102.4,63.48,18.7,20.35
2024-07-16,23.95,65.7,38.43,45.14,32.1,131.39,71.25,37.45,20.29,28.4,26.71,20.04,73.8,64.1,47.1,53.67,10.23,18.13,26.82,29.75,22.55,14.75,58.6,37.65,18.21,40.7,103.8,63.38,18.8,20.15
2024-07-17,24.2,63.14,39.3,43.29,32.55,129.0,70.16,35.22,20.5,27.6,26.29,20.48,71.0,62.2,43.85,51.83,10.18,18.18,26.5,29.95,22.8,14.75,58.53,36.8,18.29,40.15,103.2,62.9,18.8,19.75
2024-07-18,24.5,64.32,39.54,44.07,32.75,126.92,70.8,34.48,20.5,28.05,26.8,20.96,70.2,63.4,45.0,51.64,10.18,18.13,26.39,29.95,23.3,14.75,58.8,36.7,18.33,40.15,103.2,62.81,18.65,19.6
2024-07-19,24.65,65.8,39.25,44.7,32.75,125.13,70.71,34.13,20.58,28.2,27.36,21.57,70.7,64.7,46.1,52.41,10.09,18.31,26.93,30.15,23.1,14.92,58.53,37.55,18.29,40.3,104.5,62.42,18.8,19.85
2024-07-20,,,,,,,,,,,,,,,,,,,,,,,,,,,,,,
2024-07-21,,,,,,,,,,,,,,,,,,,,,,,,,,,,,,
2024-07-22,24.65,65.11,39.01,43.04,33.15,122.35,69.71,32.3,20.5,27.75,26.24,21.44,70.4,63.8,45.45,52.8,10.0,18.35,26.66,29.9,23.0,15.25,58.39,37.3,18.16,40.2,104.5,62.52,18.65,19.6
2024-07-23,24.0,65.7,36.77,42.5,32.05,123.94,69.89,30.32,20.67,27.8,26.67,20.7,70.1,62.0,45.2,52.8,9.91,18.53,26.43,29.0,23.0,14.42,58.53,37.35,18.03,40.4,104.6,62.81,18.2,19.95
2024-07-24,23.8,63.83,37.19,41.14,31.7,123.14,69.43,29.82,20.5,27.1,26.54,20.57,70.2,58.6,44.1,52.02,9.86,18.84,24.94,28.6,22.85,14.58,58.46,37.4,17.82,40.45,105.5,62.9,18.2,19.8
2024-07-25,23.8,64.71,37.6,41.18,31.4,123.24,69.52,31.76,20.54,27.3,26.03,20.44,70.8,59.7,45.45,51.83,9.91,18.62,24.83,28.6,22.55,14.75,58.33,37.55,17.78,40.85,106.5,62.61,18.3,19.7
2024-07-26,24.0,68.06,37.89,41.72,31.55,123.54,69.61,32.6,20.79,27.35,24.79,20.74,71.0,60.4,46.35,52.6,9.91,19.01,24.9,28.75,22.6,14.83,58.33,37.5,17.78,41.25,106.5,62.71,18.3,19.2
2024-07-27,,,,,,,,,,,,,,,,,,,,,,,,,,,,,,
2024-07-28,,,,,,,,,,,,,,,,,,,,,,,,,,,,,,
2024-07-29,24.05,70.53,38.3,42.16,32.1,128.11,70.07,32.8,20.87,27.6,25.0,20.96,73.7,61.1,47.3,52.99,9.91,19.06,25.14,28.8,22.75,14.96,58.39,37.1,17.86,40.75,106.1,63.19,18.4,18.95
2024-07-30,23.95,70.72,38.43,41.82,31.8,126.12,69.89,32.2,20.87,27.9,24.96,20.74,73.8,61.9,46.55,52.8,9.91,19.1,24.9,28.8,22.6,14.83,58.39,36.7,17.52,41.0,104.5,64.15,18.3,18.55
2024-07-31,24.1,71.12,38.76,41.97,31.8,125.73,70.43,32.55,21.12,27.1,24.92,21.04,74.1,63.5,45.8,52.8,9.95,19.01,24.75,28.85,22.95,15.0,58.53,36.65,17.56,41.55,105.1,65.68,18.6,18.55
2024-08-01,23.95,66.88,38.68,41.72,31.3,123.24,71.62,30.67,21.42,26.6,24.32,20.22,70.8,61.5,45.3,53.09,9.77,19.01,23.42,28.05,22.55,14.58,59.67,36.0,17.65,41.5,104.1,67.22,18.45,17.8
2024-08-02,23.65,64.42,38.43,41.28,30.25,120.17,70.8,30.42,20.75,26.5,24.1,20.0,71.0,60.7,44.8,52.6,9.59,18.84,23.23,27.95,22.55,14.46,59.33,34.6,17.48,40.8,101.8,67.12,18.35,17.75
2024-08-03,,,,,,,,,,,,,,,,,,,,,,,,,,,,,,
2024-08-04,,,,,,,,,,,,,,,,,,,,,,,,,,,,,,
2024-08-05,23.15,64.03,37.19,40.6,30.0,116.59,69.52,29.82,20.25,25.8,22.73,19.83,70.2,60.3,45.1,50.19,9.23,18.53,23.11,27.0,22.3,14.0,58.13,34.0,17.26,40.4,98.2,65.68,17.95,16.8
2024-08-06,23.25,65.4,37.89,40.55,29.95,118.97,69.61,30.12,20.29,25.85,23.29,20.0,70.5,60.6,45.55,50.29,9.28,18.97,23.15,27.3,22.05,14.04,57.99,34.0,17.39,40.55,99.9,67.12,18.1,16.7
2024-08-07,23.3,68.26,38.01,40.99,30.05,119.37,70.62,31.01,20.21,25.95,24.02,20.17,72.2,61.5,46.25,50.87,9.41,19.01,23.62,27.9,21.75,14.17,58.19,36.6,17.52,41.75,98.2,69.42,18.0,17.65
2024-08-08,23.25,68.46,37.77,41.09,30.05,120.07,71.8,31.36,20.46,25.55,24.06,20.0,72.7,61.9,47.0,50.96,9.32,18.66,23.34,28.0,20.75,14.04,58.33,36.95,17.56,41.65,97.0,69.23,17.5,17.45
2024-08-09,23.3,69.44,38.3,41.18,30.35,121.16,73.62,31.95,20.87,25.7,24.19,20.17,74.5,62.5,47.0,51.45,9.37,18.84,23.66,28.2,21.0,14.17,58.46,36.8,17.69,41.2,99.0,69.52,17.8,17.35
2024-08-10,,,,,,,,,,,,,,,,,,,,,,,,,,,,,,
2024-08-11,,,,,,,,,,,,,,,,,,,,,,,,,,,,,,
2024-08-12,23.3,69.94,38.43,41.82,31.2,125.33,73.89,32.1,21.0,25.7,24.23,20.31,74.3,65.6,48.7,51.54,9.37,18.97,24.36,28.6,21.0,14.17,58.39,36.35,17.65,40.6,98.9,69.81,17.8,17.25
2024-08-13,23.5,69.05,38.43,41.62,31.35,127.12,73.8,32.45,21.17,25.2,24.44,20.35,73.8,65.5,48.75,51.93,9.41,18.75,24.4,29.15,20.9,14.29,58.6,35.85,17.56,40.65,100.0,69.71,17.95,17.35
2024-08-14,23.55,69.74,38.68,41.72,31.6,128.61,74.44,32.6,21.46,25.3,24.49,20.35,74.9,65.8,48.75,52.41,9.41,18.88,24.44,29.2,20.9,14.33,58.73,36.0,17.61,40.75,101.2,70.28,18.0,17.5
2024-08-15,23.45,69.64,38.55,41.72,31.45,127.32,73.89,32.3,21.58,25.2,24.57,20.22,75.0,65.3,48.8,53.76,9.28,18.84,24.05,28.75,20.95,14.25,58.6,37.15,17.61,40.8,101.6,70.67,17.95,17.8
2024-08-16,23.5,69.74,38.63,41.77,31.8,128.21,73.71,32.65,21.62,25.0,25.3,20.31,75.2,65.9,49.05,53.57,9.37,18.84,24.32,28.95,21.05,14.29,58.86,38.0,17.74,40.9,102.0,70.19,18.0,17.9
2024-08-17,,,,,,,,,,,,,,,,,,,,,,,,,,,,,,
2024-08-18,,,,,,,,,,,,,,,,,,,,,,,,,,,,,,
2024-08-19,23.95,71.31,39.34,42.5,32.35,129.1,75.17,34.18,22.37,25.7,26.5,20.83,77.1,68.6,50.4,54.15,9.5,18.84,25.29,29.35,21.4,14.46,59.06,38.2,18.12,41.05,104.2,70.76,18.4,18.2
2024-08-20,24.0,70.92,39.79,43.04,32.6,129.8,76.9,34.13,22.25,25.8,26.71,20.91,77.5,68.3,49.45,55.31,9.55,18.93,25.22,29.5,21.8,14.58,59.47,38.5,18.21,41.0,103.9,72.2,18.4,18.25
2024-08-21,24.05,70.43,40.53,43.29,33.0,129.7,76.8,34.28,22.25,25.8,26.41,20.91,77.1,68.9,48.5,55.21,9.55,18.84,25.33,29.4,21.55,14.58,60.47,38.9,18.12,41.5,103.9,72.01,18.45,18.65
2024-08-22,24.3,70.53,41.24,43.19,34.3,132.58,76.71,34.38,22.29,25.7,26.63,21.22,77.3,69.1,48.9,54.63,9.59,18.97,25.53,29.8,22.0,14.92,61.61,39.5,18.4,41.55,103.8,70.57,18.6,18.9
2024-08-23,24.25,70.43,41.4,43.53,34.15,131.49,76.99,34.28,22.37,25.4,26.88,21.13,77.4,69.3,48.6,54.63,9.55,19.65,25.57,29.65,22.2,14.75,60.54,39.35,18.3,41.5,103.8,71.34,18.7,19.4
2024-08-24,,,,,,,,,,,,,,,,,,,,,,,,,,,,,,
2024-08-25,,,,,,,,,,,,,,,,,,,,,,,,,,,,,,
2024-08-26,24.4,69.84,41.4,44.6,34.4,130.59,76.35,34.73,22.37,25.95,26.76,21.13,76.2,69.6,48.55,54.73,9.55,19.7,26.23,29.75,22.4,14.83,61.27,39.85,18.35,41.65,104.0,70.28,18.8,19.6
2024-08-27,24.4,68.06,40.58,43.97,34.25,129.5,75.53,34.38,22.46,25.7,26.71,21.13,75.6,67.8,48.5,54.73,9.5,19.35,26.08,29.6,22.45,14.75,60.8,40.35,18.3,42.1,103.9,69.61,18.95,19.75
2024-08-28,24.4,68.16,40.91,44.02,34.5,131.98,75.8,34.73,22.46,25.65,26.67,21.17,76.8,68.7,49.2,55.02,9.5,19.1,25.88,29.55,22.6,14.75,60.94,40.6,18.2,44.4,103.4,70.19,18.9,19.5
2024-08-29,24.55,68.16,40.74,43.97,34.5,131.29,75.89,34.98,22.54,25.6,26.97,21.44,76.8,68.6,48.75,55.4,9.5,19.05,26.35,29.65,23.0,14.79,60.87,40.7,18.3,44.05,103.3,70.38,18.9,19.15
2024-08-30,24.65,69.84,40.41,43.87,34.65,132.08,75.8,34.93,22.75,25.5,26.67,21.57,76.5,68.7,48.55,55.4,9.5,19.0,26.27,30.35,23.0,14.83,61.2,41.1,18.3,44.2,104.7,70.38,18.95,19.2
2024-08-31,,,,,,,,,,,,,,,,,,,,,,,,,,,,,,
2024-09-01,,,,,,,,,,,,,,,,,,,,,,,,,,,,,,
2024-09-02,,,,,,,,,,,,,,,,,,,,,,,,,,,,,,
2024-09-03,,,,,,,,,,,,,,,,,,,,,,,,,,,,,,
2024-09-04,24.45,69.25,39.79,43.58,34.45,130.59,75.44,33.09,22.37,25.1,26.41,21.17,75.2,68.2,46.9,55.02,9.32,18.5,25.76,29.95,22.85,14.58,60.4,41.0,18.0,43.3,103.0,70.09,18.5,18.85
2024-09-05,24.45,69.54,40.16,43.48,34.6,128.81,75.8,33.54,22.25,25.0,25.99,20.78,74.1,67.6,45.55,54.73,9.32,18.4,25.69,29.4,22.7,14.62,60.27,42.7,18.15,44.4,103.0,71.05,18.3,19.65
2024-09-06,24.45,69.74,40.2,43.58,34.6,129.4,76.26,33.34,22.25,24.75,26.33,20.65,74.0,66.8,45.65,54.73,9.28,18.0,25.61,29.5,22.65,14.62,60.07,43.25,18.1,44.6,102.9,71.72,18.2,19.4
2024-09-07,,,,,,,,,,,,,,,,,,,,,,,,,,,,,,
2024-09-08,,,,,,,,,,,,,,,,,,,,,,,,,,,,,,
2024-09-09,24.3,69.74,40.41,42.8,35.0,129.2,76.17,33.69,21.79,25.3,26.37,20.65,75.1,67.2,46.2,53.67,9.28,17.75,25.65,29.5,22.6,14.62,59.67,43.0,17.85,43.45,102.1,71.15,18.25,19.85
2024-09-10,24.1,69.54,40.04,42.11,34.8,128.71,75.98,33.59,21.75,25.15,26.29,20.57,75.2,67.5,46.1,53.38,9.23,17.0,24.98,29.15,22.2,14.75,59.53,42.15,17.85,42.6,103.3,71.24,18.1,19.05
2024-09-11,24.1,69.74,39.67,41.92,34.45,128.9,75.53,33.29,21.62,25.05,26.2,20.44,74.8,67.1,45.75,53.09,9.23,16.0,24.87,29.1,21.95,14.75,58.86,41.75,17.8,42.1,103.9,70.86,18.05,18.6
2024-09-12,24.2,69.64,39.96,41.82,34.7,130.1,75.89,33.98,21.79,25.1,26.29,20.83,74.9,67.2,45.4,53.38,9.28,15.05,25.18,29.55,22.15,14.92,59.13,43.1,17.9,42.55,104.8,71.34,18.25,19.0
2024-09-13,24.25,69.64,39.83,41.53,34.65,131.09,74.2,34.08,21.79,25.0,26.07,20.74,74.2,66.5,45.0,53.57,9.28,15.2,25.06,29.55,22.15,15.04,59.6,42.7,18.0,42.5,103.8,69.9,18.3,18.85
2024-09-14,,,,,,,,,,,,,,,,,,,,,,,,,,,,,,
2024-09-15,,,,,,,,,,,,,,,,,,,,,,,,,,,,,,
2024-09-16,24.15,68.46,39.46,41.33,34.5,130.2,72.6,34.28,21.71,24.85,25.86,20.74,72.8,66.0,45.0,53.76,9.23,15.2,25.02,29.55,22.2,14.92,59.4,41.75,17.9,42.05,103.4,68.94,18.25,18.9
2024-09-17,24.1,68.56,39.25,41.48,34.35,130.29,72.3,34.43,21.67,24.8,25.86,20.7,72.8,65.5,44.2,53.76,9.19,15.25,25.02,29.45,22.15,14.92,59.26,41.7,17.9,42.05,103.6,68.75,18.3,18.9
2024-09-18,24.35,69.64,40.08,41.77,34.8,131.98,72.9,35.22,22.04,25.1,26.07,21.0,74.4,66.8,44.75,54.15,9.28,15.6,25.61,29.8,22.7,15.04,60.0,43.9,18.1,42.65,104.2,70.0,18.5,19.15
2024-09-19,24.6,69.84,40.33,41.87,35.6,133.37,72.9,34.88,22.17,25.2,26.07,21.17,74.0,67.7,44.55,54.24,9.28,15.75,26.19,30.3,22.9,15.21,60.8,43.75,18.25,42.7,104.6,70.0,18.65,19.2
2024-09-20,24.9,70.23,40.53,41.67,35.95,134.07,73.0,35.17,22.37,25.45,26.46,21.35,74.6,68.0,45.35,54.53,9.32,16.45,26.08,30.6,23.3,15.04,60.6,43.7,18.35,42.3,104.3,69.71,18.8,19.4
2024-09-21,,,,,,,,,,,,,,,,,,,,,,,,,,,,,,
2024-09-22,,,,,,,,,,,,,,,,,,,,,,,,,,,,,,
2024-09-23,25.6,69.64,40.25,41.82,35.65,132.48,72.9,34.98,22.33,25.7,26.67,21.57,74.4,66.8,45.1,55.11,9.32,15.95,26.45,30.8,23.35,15.25,60.8,43.15,18.45,42.35,104.5,69.61,18.9,19.0
2024-09-24,25.4,69.94,40.08,42.26,35.65,132.78,73.0,35.07,22.33,25.65,26.71,21.57,74.0,67.5,45.0,55.21,9.32,15.9,26.4,30.8,23.3,15.15,60.8,43.45,18.25,42.35,104.5,69.55,18.95,18.9
2024-09-25,25.8,70.72,40.78,42.26,36.0,132.68,73.5,35.62,22.5,26.05,27.1,22.04,75.1,68.0,45.25,55.31,9.41,16.55,26.7,31.85,23.6,15.45,61.0,43.8,18.95,42.4,104.2,69.06,19.2,19.05
2024-09-26,26.0,70.82,41.2,42.16,35.45,132.98,73.8,35.77,22.67,26.05,27.18,22.17,75.7,68.3,45.3,55.5,9.5,16.65,27.35,32.6,23.65,15.55,61.87,44.1,19.25,42.6,104.2,69.06,19.35,19.15
2024-09-27,25.9,70.13,41.32,42.21,36.45,132.58,73.5,35.57,23.42,25.9,27.23,22.26,75.2,66.8,44.9,55.89,9.77,16.85,27.4,32.8,24.05,16.6,61.87,43.0,19.2,42.45,104.0,70.15,19.6,19.15
2024-09-28,,,,,,,,,,,,,,,,,,,,,,,,,,,,,,
2024-09-29,,,,,,,,,,,,,,,,,,,,,,,,,,,,,,
2024-09-30,25.7,68.95,40.99,41.87,36.65,132.08,73.0,35.27,23.12,26.15,27.18,22.13,75.6,66.9,44.5,55.69,9.82,16.85,27.25,33.2,23.95,16.85,61.54,42.55,19.2,42.0,104.3,69.55,19.65,19.1
2024-10-01,25.75,68.95,41.07,41.72,36.35,133.77,73.0,35.57,23.21,26.65,27.01,22.31,75.8,67.8,44.4,55.6,9.91,17.0,27.8,33.4,24.15,16.95,61.54,42.9,19.25,42.05,104.8,69.55,19.85,19.1
2024-10-02,25.6,68.46,40.99,42.06,35.95,133.67,72.9,35.57,22.87,26.3,26.93,22.17,76.0,67.0,44.6,54.82,9.77,17.2,27.5,33.4,24.35,17.05,61.41,42.85,19.55,42.05,103.8,69.06,19.6,19.1
2024-10-03,25.7,66.98,40.91,41.82,35.9,133.08,72.5,34.83,22.92,26.1,26.76,22.09,76.0,65.8,44.25,54.82,9.77,17.5,27.35,33.55,24.35,17.35,61.81,41.6,19.25,41.35,104.6,69.35,19.8,18.6
2024-10-04,25.4,66.78,40.62,41.77,35.6,132.58,72.5,34.58,22.75,26.1,26.59,21.83,75.5,66.2,44.45,54.63,9.77,17.45,27.3,33.1,24.05,17.2,61.74,41.15,19.15,40.9,104.8,67.87,19.95,18.25
2024-10-05,,,,,,,,,,,,,,,,,,,,,,,,,,,,,,
2024-10-06,,,,,,,,,,,,,,,,,,,,,,,,,,,,,,
2024-10-07,25.35,66.49,40.49,41.87,35.5,132.68,72.6,34.23,22.25,26.2,27.1,21.74,74.5,65.9,44.75,54.53,9.68,17.1,27.25,33.35,24.0,17.25,61.41,40.9,19.2,40.85,104.0,66.58,19.7,18.15
2024-10-08,25.35,66.88,40.33,41.87,35.55,132.68,72.6,34.48,22.21,26.35,27.23,21.83,74.6,65.0,44.65,54.15,9.64,16.95,27.35,33.55,24.2,17.55,60.87,40.7,19.2,40.6,104.0,66.68,19.85,18.15
2024-10-09,25.55,67.08,40.33,41.87,35.7,133.37,72.3,34.93,22.42,27.05,28.55,21.96,75.1,63.6,44.35,53.95,9.68,16.95,27.1,33.6,24.3,17.4,60.8,41.6,19.15,41.0,104.1,67.27,20.0,18.25
2024-10-10,26.05,67.28,40.82,42.26,36.05,134.86,72.5,35.32,22.58,27.25,28.43,22.17,77.9,64.1,44.35,54.53,9.68,17.5,27.35,33.6,24.55,17.4,61.0,42.15,19.1,41.3,104.6,67.17,20.3,18.45
2024-10-11,25.9,66.68,40.74,42.85,35.8,138.64,73.2,34.93,22.58,27.0,28.08,22.04,79.5,63.5,44.6,55.4,9.64,17.5,27.35,33.4,24.25,17.25,61.0,42.3,19.0,41.35,106.0,66.97,20.35,18.35
2024-10-12,,,,,,,,,,,,,,,,,,,,,,,,,,,,,,
2024-10-13,,,,,,,,,,,,,,,,,,,,,,,,,,,,,,
2024-10-14,25.95,66.78,40.82,42.89,36.05,136.15,72.7,35.27,22.5,27.05,27.7,22.17,80.1,63.6,44.4,55.11,9.68,17.4,27.5,33.6,24.35,17.35,61.07,45.1,19.0,42.15,106.0,66.58,20.4,19.05
2024-10-15,25.8,66.78,40.91,42.6,36.1,135.66,72.4,35.27,22.46,27.15,27.57,22.31,80.2,63.7,42.5,55.11,9.68,17.1,27.25,33.6,24.15,17.4,61.07,44.6,19.05,41.55,105.3,66.18,20.5,18.8
2024-10-16,25.6,66.49,41.15,42.41,35.9,135.06,72.0,35.27,22.21,27.1,27.18,22.09,80.0,64.3,41.6,55.11,9.64,16.7,27.05,33.15,24.1,17.35,61.07,44.45,19.05,41.45,103.8,66.28,20.65,18.65
2024-10-17,25.75,66.0,40.95,42.5,36.05,134.57,71.2,35.02,22.17,26.75,27.14,22.04,79.3,65.2,41.75,54.92,9.64,16.2,26.95,33.25,24.1,17.3,61.34,44.8,18.95,41.45,104.2,66.78,20.7,18.6
2024-10-18,25.95,66.49,41.57,42.75,36.25,135.66,71.6,35.47,22.21,26.95,27.48,22.35,80.3,65.2,42.3,55.31,9.77,16.7,27.35,34.7,24.4,17.75,61.54,45.15,19.4,41.7,104.4,66.87,20.55,18.75
2024-10-19,,,,,,,,,,,,,,,,,,,,,,,,,,,,,,
2024-10-20,,,,,,,,,,,,,,,,,,,,,,,,,,,,,,
2024-10-21,25.8,65.5,41.03,42.75,35.5,134.57,71.3,34.88,22.37,26.7,27.48,22.22,79.7,64.9,41.5,54.53,9.68,16.45,26.9,35.25,24.1,17.5,61.54,45.5,19.15,41.85,104.3,66.68,20.4,18.75
2024-10-22,25.4,64.03,40.25,42.02,34.8,132.08,71.2,32.45,22.25,26.5,26.8,21.87,78.5,65.5,41.35,53.95,9.59,16.45,26.7,34.9,24.0,17.15,61.14,47.4,18.6,42.2,104.2,66.68,20.3,18.55
2024-10-23,25.15,64.03,39.67,42.11,34.75,131.69,70.7,32.75,22.17,26.35,27.06,21.87,78.3,65.1,41.9,53.67,9.55,16.45,26.7,34.65,23.75,17.2,61.0,46.5,18.4,42.7,103.9,66.68,20.3,18.6
2024-10-24,25.0,64.32,39.67,42.31,34.05,132.88,70.9,32.4,22.17,26.35,27.23,21.48,78.5,64.9,41.75,53.76,9.5,16.4,26.8,33.4,23.55,17.05,61.14,43.85,18.5,42.05,103.6,66.78,20.0,18.15
2024-10-25,24.85,64.32,39.25,42.31,34.5,132.68,70.9,31.9,22.21,26.45,27.14,21.35,77.2,65.0,41.45,53.28,9.37,16.35,26.7,33.3,23.4,17.0,61.34,43.5,18.25,41.55,103.4,67.37,20.0,18.1
2024-10-26,,,,,,,,,,,,,,,,,,,,,,,,,,,,,,
2024-10-27,,,,,,,,,,,,,,,,,,,,,,,,,,,,,,
2024-10-28,24.75,64.22,39.09,42.02,34.55,132.68,70.7,31.8,22.08,26.5,27.4,21.44,76.3,64.9,40.75,53.38,9.37,16.4,26.65,33.3,23.45,17.05,61.2,42.5,18.2,41.45,102.9,66.18,19.9,18.1
2024-10-29,25.1,64.42,39.25,42.21,34.7,133.87,70.7,32.35,22.25,26.7,27.57,21.61,77.3,65.4,41.5,53.28,9.41,16.45,26.7,33.8,23.7,17.1,61.54,42.55,18.3,41.3,103.2,66.28,20.15,18.1
2024-10-30,24.95,65.4,39.38,41.82,34.5,134.27,70.6,32.3,22.54,26.8,27.7,21.48,76.8,65.7,41.35,53.18,9.41,16.25,26.2,33.95,23.75,17.0,61.27,40.85,18.8,40.8,103.0,65.78,20.15,18.05
2024-10-31,25.05,65.11,39.38,42.02,34.8,134.37,70.5,32.35,22.42,26.8,27.83,21.57,76.0,65.6,41.0,53.28,9.41,16.25,26.3,34.6,23.85,17.05,61.2,40.45,18.8,41.05,103.5,64.79,20.15,17.85
2024-11-01,24.9,65.21,39.3,42.02,35.5,132.68,70.0,31.76,22.12,26.45,28.0,21.39,74.2,65.5,40.6,53.38,9.46,16.35,26.05,34.95,23.7,17.05,62.54,41.3,18.7,41.1,103.5,65.09,20.05,17.7
2024-11-02,,,,,,,,,,,,,,,,,,,,,,,,,,,,,,
2024-11-03,,,,,,,,,,,,,,,,,,,,,,,,,,,,,,
2024-11-04,24.65,64.4,39.3,42.6,35.35,131.78,69.9,31.16,21.71,26.15,27.66,21.22,73.1,64.7,39.9,53.57,9.37,16.4,25.9,34.65,23.4,16.5,61.81,40.55,18.45,41.05,103.4,65.09,19.6,17.55
2024-11-05,24.75,65.2,39.13,42.02,35.05,131.39,69.4,31.36,21.58,26.2,27.74,21.22,73.0,64.8,39.7,53.47,9.37,16.35,26.15,34.85,23.45,16.5,61.54,41.25,18.45,41.05,102.6,64.99,19.55,17.6
2024-11-06,24.8,65.8,39.34,42.85,35.1,132.08,69.9,32.1,21.71,26.55,27.7,21.31,73.3,65.0,40.15,53.57,9.5,16.65,26.2,34.8,23.6,16.55,62.07,41.3,18.55,41.4,103.1,64.79,19.7,17.8
2024-11-07,24.9,67.0,39.34,42.65,35.6,133.27,70.1,32.8,21.83,26.95,27.83,21.57,73.3,64.8,40.25,53.67,9.5,16.65,26.35,35.4,23.85,16.75,62.34,41.3,18.5,41.7,104.1,65.09,19.6,18.05
2024-11-08,24.75,66.6,38.84,42.89,34.8,134.17,70.0,32.55,21.58,27.0,27.48,21.22,72.2,64.5,40.0,53.28,9.46,16.5,26.05,35.0,23.45,16.55,61.67,40.0,18.25,41.0,103.5,65.09,19.3,17.75
2024-11-09,,,,,,,,,,,,,,,,,,,,,,,,,,,,,,
2024-11-10,,,,,,,,,,,,,,,,,,,,,,,,,,,,,,
2024-11-11,24.65,66.0,38.34,44.12,33.85,135.06,70.0,32.4,21.12,26.95,27.14,20.83,71.3,62.9,39.1,53.28,9.37,16.4,25.55,33.4,23.05,16.0,61.47,39.25,18.05,40.65,103.4,64.2,18.95,17.6
2024-11-12,24.65,67.1,38.26,44.16,34.2,134.96,69.8,32.6,21.08,27.3,27.01,20.96,72.4,60.8,39.1,53.47,9.41,16.45,25.55,33.25,22.9,16.05,61.47,40.3,18.15,40.5,103.1,64.29,18.9,17.85
2024-11-13,24.6,66.9,37.89,43.33,33.95,135.16,68.0,32.05,21.25,26.85,26.88,20.74,71.9,60.3,38.6,54.34,9.37,16.35,25.25,32.4,22.7,15.7,61.47,40.15,18.15,40.5,103.0,64.2,18.75,17.95
2024-11-14,24.55,67.3,37.6,43.33,33.6,135.06,69.0,31.35,21.0,26.3,26.84,20.7,71.4,60.7,38.7,54.05,9.28,16.4,24.65,32.5,22.75,15.75,61.47,40.3,18.1,40.6,102.1,64.2,18.8,18.1
2024-11-15,24.3,67.6,36.94,42.7,32.8,131.69,68.6,30.8,20.5,25.9,26.5,20.44,70.6,59.8,38.4,53.57,9.19,16.55,23.8,32.2,22.4,15.5,61.27,40.0,18.1,40.55,101.5,63.2,18.7,18.05
2024-11-16,,,,,,,,,,,,,,,,,,,,,,,,,,,,,,
2024-11-17,,,,,,,,,,,,,,,,,,,,,,,,,,,,,,
2024-11-18,24.1,65.7,36.73,42.6,32.7,131.59,68.3,30.3,20.21,25.5,26.67,20.09,69.3,57.1,37.35,53.38,9.1,16.4,23.8,31.9,22.2,15.55,60.8,39.6,17.95,40.35,101.0,62.71,18.45,18.1
2024-11-19,24.3,64.0,36.86,42.7,33.0,129.0,67.9,30.35,20.37,25.45,26.71,20.13,70.0,57.5,38.0,53.09,9.1,16.5,23.8,31.75,22.2,15.8,60.2,40.9,18.05,40.35,100.3,62.51,18.5,17.9
2024-11-20,24.15,63.1,36.77,43.1,33.05,125.83,67.5,30.0,20.25,25.25,26.63,20.13,69.1,56.0,38.0,52.8,9.1,16.55,23.75,31.3,22.25,15.7,60.13,41.75,18.0,40.15,100.1,62.41,18.4,17.75
2024-11-21,24.25,64.8,37.27,43.4,33.6,130.1,67.8,30.6,20.33,25.55,26.93,20.35,70.1,56.5,38.35,53.18,9.14,16.55,24.05,32.25,22.6,16.05,60.33,42.85,18.1,40.3,100.2,62.91,18.6,17.95
2024-11-22,24.65,64.8,37.39,43.5,34.7,131.59,68.6,30.85,20.54,25.85,27.1,20.78,70.8,58.4,38.9,53.38,9.19,16.7,24.25,32.6,23.15,16.1,60.6,41.6,18.2,40.3,101.0,63.4,19.05,18.1
2024-11-23,,,,,,,,,,,,,,,,,,,,,,,,,,,,,,
2024-11-24,,,,,,,,,,,,,,,,,,,,,,,,,,,,,,
2024-11-25,24.8,65.0,37.6,44.2,34.7,132.28,69.3,30.8,20.54,26.05,27.18,20.78,71.0,58.6,39.0,53.57,9.23,16.7,24.2,32.65,23.4,16.05,60.8,41.45,18.2,40.45,101.5,63.7,19.05,18.1
2024-11-26,24.85,65.4,37.6,44.25,34.9,132.38,69.4,31.0,20.54,26.2,27.18,20.87,72.1,59.0,38.8,53.67,9.28,16.75,24.5,32.95,23.45,16.15,61.14,42.4,18.5,41.0,102.4,63.9,19.05,18.2
2024-11-27,24.95,65.3,38.06,43.95,34.95,134.27,69.0,31.15,20.83,26.1,27.31,20.78,72.4,59.5,39.05,54.15,9.28,16.75,24.25,32.8,23.35,16.1,61.74,41.9,18.45,40.75,102.1,64.0,19.0,18.05
2024-11-28,24.95,65.8,38.1,44.4,34.95,137.35,69.3,31.3,20.79,26.3,27.4,20.87,72.2,59.7,39.1,53.57,9.23,16.8,24.25,32.95,23.4,16.2,61.87,41.1,18.55,40.7,101.8,64.0,19.05,17.9
2024-11-29,25.0,65.5,37.89,44.4,35.25,138.04,69.2,31.2,20.96,26.3,27.44,20.83,72.2,58.9,40.0,53.28,9.23,16.8,24.2,32.8,23.35,16.2,61.87,40.75,18.75,40.5,100.4,63.8,19.0,17.8
2024-11-30,,,,,,,,,,,,,,,,,,,,,,,,,,,,,,
2024-12-01,,,,,,,,,,,,,,,,,,,,,,,,,,,,,,
2024-12-02,25.05,65.7,38.43,48.0,35.7,141.6,69.0,31.35,21.04,26.75,27.7,20.91,72.5,59.9,39.45,54.05,9.23,16.85,24.3,32.85,23.4,16.1,62.81,40.75,18.85,40.3,101.3,63.7,19.1,17.7
2024-12-03,24.95,65.8,38.06,48.6,35.45,141.7,68.7,30.9,21.33,26.6,28.55,20.83,72.4,59.6,39.45,53.86,9.19,16.75,24.25,32.6,23.45,16.0,61.94,40.5,18.7,40.25,101.0,63.4,19.0,17.7
2024-12-04,24.85,65.2,37.31,50.9,35.3,142.8,68.5,30.35,21.5,26.65,28.51,20.7,71.4,58.0,40.05,54.05,9.19,16.75,24.0,32.15,23.4,15.8,61.87,40.1,18.75,39.8,100.4,62.81,18.95,17.2
2024-12-05,24.95,65.2,37.44,51.4,35.05,143.6,68.5,30.1,21.58,26.4,28.64,20.7,71.8,58.1,40.0,54.92,9.14,16.8,23.65,32.25,23.35,15.75,62.21,40.2,18.8,40.3,100.9,62.71,18.8,17.35
2024-12-06,25.5,67.1,38.34,51.3,36.25,148.0,69.0,31.35,22.12,27.5,28.85,21.17,73.2,60.5,40.1,55.31,9.28,17.0,25.8,33.6,23.95,16.25,62.81,41.2,19.2,40.75,101.9,63.6,19.3,17.65
2024-12-07,,,,,,,,,,,,,,,,,,,,,,,,,,,,,,
2024-12-08,,,,,,,,,,,,,,,,,,,,,,,,,,,,,,
2024-12-09,25.35,67.1,38.51,50.9,36.05,146.1,69.2,32.0,22.25,27.5,29.15,21.09,73.1,60.8,40.0,55.21,9.28,17.0,26.0,33.6,23.95,16.25,62.81,41.4,19.2,41.85,101.5,63.5,19.2,17.7
2024-12-10,25.35,67.3,38.63,51.4,36.1,147.0,69.0,31.7,22.46,27.6,29.15,21.09,72.7,60.5,40.1,55.4,9.32,17.25,26.0,33.5,24.0,16.35,63.21,40.95,19.25,41.2,101.9,63.4,19.2,17.5
2024-12-11,25.2,66.8,38.43,51.4,36.2,149.7,68.6,31.25,23.3,27.6,28.73,20.96,72.2,59.9,39.85,55.6,9.37,17.1,25.95,33.5,24.0,16.2,62.34,40.8,19.1,40.9,101.8,63.4,19.05,17.35
2024-12-12,25.25,66.7,38.51,51.7,36.2,149.2,68.5,31.6,23.65,27.35,28.34,21.13,72.1,59.9,39.4,55.5,9.46,17.15,26.0,33.65,24.15,16.25,62.54,40.75,19.1,40.9,102.0,63.7,19.15,17.3
2024-12-13,25.1,66.7,38.34,52.2,36.1,149.4,68.2,31.35,23.35,27.1,28.17,21.04,71.0,59.6,38.7,55.21,9.37,17.1,25.7,33.55,24.1,16.25,62.14,40.5,19.05,40.6,101.8,63.6,19.1,17.2
2024-12-14,,,,,,,,,,,,,,,,,,,,,,,,,,,,,,
2024-12-15,,,,,,,,,,,,,,,,,,,,,,,,,,,,,,
2024-12-16,25.05,66.6,38.59,52.2,36.2,149.5,68.1,31.05,23.5,26.85,28.3,20.87,70.9,60.2,38.65,55.21,9.28,17.1,25.75,33.85,24.1,16.15,62.14,40.55,19.2,40.6,101.1,63.7,19.0,17.2
2024-12-17,25.05,67.4,38.51,52.1,36.05,147.7,68.0,31.1,23.65,26.85,28.21,20.91,71.0,60.2,38.65,55.02,9.28,16.95,25.85,33.85,24.15,16.15,62.07,40.8,19.2,40.55,100.8,64.0,18.95,17.1
2024-12-18,25.1,67.2,38.59,51.7,35.8,148.0,68.3,31.05,23.65,26.95,28.51,20.91,71.0,59.9,38.7,55.31,9.28,17.1,25.8,33.85,24.1,16.1,62.21,40.9,19.05,40.55,100.5,64.2,18.95,17.1
2024-12-19,24.7,66.5,38.34,51.6,35.6,147.2,68.0,30.75,23.2,26.8,28.3,20.7,70.3,59.4,38.7,54.44,9.14,16.5,25.45,33.55,23.75,15.95,61.67,40.2,18.9,40.1,98.0,63.4,18.6,16.95
2024-12-20,24.75,66.3,38.3,51.1,35.7,148.3,68.4,30.85,23.15,26.7,28.3,20.7,70.0,59.6,38.65,54.44,9.14,16.5,25.9,33.5,23.8,15.9,61.74,40.2,18.85,40.25,99.2,63.5,18.65,17.0
2024-12-21,,,,,,,,,,,,,,,,,,,,,,,,,,,,,,
2024-12-22,,,,,,,,,,,,,,,,,,,,,,,,,,,,,,
2024-12-23,24.8,67.5,38.5,51.4,36.1,148.7,68.5,30.7,23.25,26.75,28.47,20.87,70.3,60.5,38.75,54.73,9.14,16.6,25.85,34.1,23.8,16.0,61.81,40.4,18.9,40.5,99.5,63.8,18.9,17.0
2024-12-24,24.8,67.3,38.05,52.1,35.9,149.4,68.2,30.65,23.05,26.6,28.34,20.74,69.9,60.7,38.25,55.02,9.14,16.75,25.5,34.35,23.8,16.0,61.54,40.1,18.85,40.35,99.8,63.6,18.75,16.9
2024-12-25,24.95,67.7,38.1,52.9,36.2,150.4,68.3,30.85,23.4,26.75,28.73,20.83,70.2,61.3,38.45,55.21,9.19,16.85,25.9,34.75,23.95,16.05,61.67,40.35,19.0,40.55,100.5,63.9,18.8,17.05
2024-12-26,25.4,68.8,38.8,52.5,38.0,149.1,68.5,30.85,23.7,26.85,29.03,21.26,70.5,60.5,38.45,55.2,9.23,16.9,26.35,36.35,24.3,16.35,61.54,40.65,19.3,40.65,101.0,63.8,19.05,17.15
2024-12-27,25.5,68.8,39.1,51.9,38.0,148.7,68.5,30.7,24.1,26.8,29.2,21.74,70.4,60.4,38.25,55.1,9.28,16.9,26.3,36.9,24.45,16.55,61.67,40.35,19.75,40.55,101.0,63.7,19.1,17.0
2024-12-28,,,,,,,,,,,,,,,,,,,,,,,,,,,,,,
2024-12-29,,,,,,,,,,,,,,,,,,,,,,,,,,,,,,
2024-12-30,25.35,68.2,38.25,51.6,38.35,148.5,68.2,30.55,24.4,26.65,31.05,21.57,70.0,60.5,38.2,55.2,9.23,16.7,26.45,36.8,24.35,16.5,61.54,40.3,19.75,40.3,99.7,63.3,19.1,17.0
2024-12-31,25.35,68.7,37.55,50.7,37.8,150.3,68.1,30.35,25.25,26.6,31.2,21.57,70.0,60.5,37.5,55.5,9.19,16.6,26.05,36.9,24.35,16.5,61.0,40.0,19.7,40.3,99.4,63.3,19.05,17.05
