Series Name,Series Code,Country Name,Country Code,2014 [YR2014],2015 [YR2015],2016 [YR2016],2017 [YR2017],2018 [YR2018],2019 [YR2019],2020 [YR2020],2021 [YR2021],2022 [YR2022],2023 [YR2023]
Consumer price index (2010 = 100),FP.CPI.TOTL,Afghanistan,AFG,133.768366733582,132.883209191418,138.708665508891,145.610741438593,146.52248185721,149.895975208032,..,..,..,..
Consumer price index (2010 = 100),FP.CPI.TOTL,Albania,ALB,109.324187306059,111.397164149808,112.817958876089,115.059269640307,117.392740239274,119.049258384382,120.978911881374,123.448662047404,131.750834819418,138.021863913783
Consumer price index (2010 = 100),FP.CPI.TOTL,Algeria,DZA,120.94986420025,126.736646357875,134.844870195013,142.384203185789,148.463994714821,151.361667767746,155.017250238567,166.218894516626,181.619931977783,198.550857618244
Consumer price index (2010 = 100),FP.CPI.TOTL,American Samoa,ASM,..,..,..,..,..,..,..,..,..,..
Consumer price index (2010 = 100),FP.CPI.TOTL,Andorra,AND,..,..,..,..,..,..,..,..,..,..
Consumer price index (2010 = 100),FP.CPI.TOTL,Angola,AGO,146.042056377604,159.705710507375,208.726444198045,271.019765885988,324.2180676186,379.597607073274,464.139837113465,583.675779438661,708.32143556848,804.965533144132
Consumer price index (2010 = 100),FP.CPI.TOTL,Antigua and Barbuda,ATG,109.261003713412,110.319735692442,109.779789209262,112.450169287899,113.807620427883,115.436612610656,116.159233923762,118.555594720979,127.484109443389,133.943906030246
Consumer price index (2010 = 100),FP.CPI.TOTL,Argentina,ARG,..,..,..,..,..,..,..,..,..,..
Consumer price index (2010 = 100),FP.CPI.TOTL,Armenia,ARM,120.277766438018,124.766161254862,123.014933984404,124.207629297981,127.33795197859,129.176007326748,130.740891696593,140.134410734876,152.243300572606,155.258355482585
Consumer price index (2010 = 100),FP.CPI.TOTL,Aruba,ABW,102.91277219904,103.401364578457,102.438495220917,101.385138831048,105.061405952227,109.534355432857,..,..,..,..
Consumer price index (2010 = 100),FP.CPI.TOTL,Australia,AUS,110.379812695109,112.044745057232,113.475546305931,115.686784599376,117.89802289282,119.797086368366,120.811654526535,124.271592091571,132.466181061394,139.880332986472
Consumer price index (2010 = 100),FP.CPI.TOTL,Austria,AUT,109.70500693326,110.688581802368,111.675472068849,113.999739176771,116.277886952829,118.057980056249,119.689435836364,123.00084356117,133.513565675464,143.946494832533
Consumer price index (2010 = 100),FP.CPI.TOTL,Azerbaijan,AZE,113.175,117.733333333333,132.383333333333,149.508333333333,152.9,156.891564325,161.221472575,171.943182758333,195.761197791667,212.959661766667
Consumer price index (2010 = 100),FP.CPI.TOTL,"Bahamas, The",BHS,107.600021675885,109.602977818188,109.223338388445,110.881574765532,113.393999859543,116.218911182281,116.263679982958,119.641038306054,126.347404647515,130.204684513872
Consumer price index (2010 = 100),FP.CPI.TOTL,Bahrain,BHR,108.522858827732,110.529042157059,113.609258293,115.184698674791,117.589374360011,118.772111860491,116.019323149199,115.315875502436,119.496930529675,119.586099949687
Consumer price index (2010 = 100),FP.CPI.TOTL,Bangladesh,BGD,136.126776861358,144.558850888013,152.529140322278,161.226458913586,170.164243384102,179.679821747048,189.905534708779,200.437039174984,215.864586624407,237.199569600947
Consumer price index (2010 = 100),FP.CPI.TOTL,Barbados,BRB,118.52926677929,117.210285040264,118.712836656173,124.24507403521,128.809607088726,134.091174070188,..,..,155.64882826163,170.890071679653
Consumer price index (2010 = 100),FP.CPI.TOTL,Belarus,BLR,340.948328529255,387.093945157894,432.912632614287,459.025218055968,481.390313879142,508.339294380209,536.542688278354,587.301149813956,676.627747581603,710.463188170058
Consumer price index (2010 = 100),FP.CPI.TOTL,Belgium,BEL,108.02321825881,108.629692097897,110.773882150291,113.128902605325,115.451625636977,117.110457187971,117.978001866073,120.856958300438,132.456219048303,137.819385631235
Consumer price index (2010 = 100),FP.CPI.TOTL,Belize,BLZ,104.690948425632,103.788947954679,104.477512032706,105.676551744532,105.961860070454,106.160082270615,106.288997389243,109.728123082433,116.61564017262,121.734880395108
Consumer price index (2010 = 100),FP.CPI.TOTL,Benin,BEN,109.497320123437,109.736884846516,108.86633100536,108.913431866169,109.914532239727,110.720040198148,114.066798322144,116.04419147224,117.611691618775,120.823695911462
Consumer price index (2010 = 100),FP.CPI.TOTL,Bermuda,BMU,..,..,..,..,..,..,..,..,..,..
Consumer price index (2010 = 100),FP.CPI.TOTL,Bhutan,BTN,142.193554958547,148.660722526853,153.447429647958,161.05087817625,165.437845896943,169.948393577383,179.515409348127,192.704073301911,203.570977260005,212.180694578194
Consumer price index (2010 = 100),FP.CPI.TOTL,Bolivia,BOL,128.437100493447,133.651146397123,138.493613869075,142.402953510878,145.638433874571,148.317518475358,149.712803892505,150.816761737338,153.450518176398,157.40476617273
Consumer price index (2010 = 100),FP.CPI.TOTL,Bosnia and Herzegovina,BIH,104.7525,103.667239971042,102.025142250964,102.85158612695,104.30910432626,104.896137350469,103.79336844634,105.850178320986,120.691266784607,128.060556205188
Consumer price index (2010 = 100),FP.CPI.TOTL,Botswana,BWA,128.934551163777,132.882567987256,136.623156350634,141.143033956383,145.713267399351,149.753698758867,152.584581533137,163.633196988276,182.721938000665,191.981583240697
Consumer price index (2010 = 100),FP.CPI.TOTL,Brazil,BRA,126.927212865611,138.388614560102,150.482594206408,155.668786230018,161.373814183906,167.397860280061,172.774291252888,187.117425058296,204.482120615775,213.87513528772
Consumer price index (2010 = 100),FP.CPI.TOTL,British Virgin Islands,VGB,..,..,..,..,..,..,..,..,..,..
Consumer price index (2010 = 100),FP.CPI.TOTL,Brunei Darussalam,BRN,100.431575127898,99.9411201211483,99.6625909496525,98.4063383634936,99.4150542992179,99.0268165721066,100.948253665821,102.69810471103,106.479705986051,106.859907015157
Consumer price index (2010 = 100),FP.CPI.TOTL,Bulgaria,BGR,106.718970777133,106.607307237894,105.755888099687,107.936147464138,110.974058623258,114.418393160353,116.331973243132,120.168304321485,138.584408106261,151.670713970091
Consumer price index (2010 = 100),FP.CPI.TOTL,Burkina Faso,BFA,106.975893599335,107.751296576491,108.226524455215,109.831522699898,111.979764709293,108.359022934412,110.40098363882,114.434519867232,130.787482169834,131.759116014267
Consumer price index (2010 = 100),FP.CPI.TOTL,Burundi,BDI,145.932087987576,154.023568290146,162.583720148134,188.682529221908,183.371685700859,182.112339994344,195.44497823506,211.871226580912,251.704878819603,319.517907407394
Consumer price index (2010 = 100),FP.CPI.TOTL,Cabo Verde,CPV,108.48221067765,108.624526319136,107.095292454784,107.935364262011,109.292107113842,110.501606515952,111.171020616435,113.241195084123,122.222274152969,126.774290191905
Consumer price index (2010 = 100),FP.CPI.TOTL,Cambodia,KHM,116.076745197925,117.497445574856,121.044857661075,124.570453245464,127.633746767247,130.113128034144,133.938838017668,137.850836238126,145.217175025789,148.306623905508
Consumer price index (2010 = 100),FP.CPI.TOTL,Cameroon,CMR,109.925634907972,112.867503568736,113.854180430792,114.583313019794,115.808046057299,118.648588290011,121.540776745136,124.302010149149,132.067998413642,141.818332882446
Consumer price index (2010 = 100),FP.CPI.TOTL,Canada,CAN,107.462793360046,108.672009158557,110.224670864339,111.984831139096,114.524899828277,116.757298225529,117.594447624499,121.587006296508,129.858328563251,134.895535203205
Consumer price index (2010 = 100),FP.CPI.TOTL,Cayman Islands,CYM,106.079855772852,103.589601772708,102.941899128965,..,..,..,..,..,..,..
Consumer price index (2010 = 100),FP.CPI.TOTL,Central African Republic,CAF,131.211909142167,133.052773088714,139.632808518549,145.470469904858,147.815682079127,151.785085312376,154.380847959423,160.95649049113,169.942960718886,175.005796934209
Consumer price index (2010 = 100),FP.CPI.TOTL,Chad,TCD,111.791867727178,116.685139362731,115.760479031492,113.981125136835,118.853387371944,117.698204738763,122.952422521941,122.00219164626,129.063711291026,143.049515597449
Consumer price index (2010 = 100),FP.CPI.TOTL,Channel Islands,CHI,..,..,..,..,..,..,..,..,..,..
Consumer price index (2010 = 100),FP.CPI.TOTL,Chile,CHL,113.466996344872,118.401419049667,122.884325951408,125.566544829069,128.623951838314,131.913566974844,135.930982584391,142.081272844549,158.625026875941,170.651472801548
Consumer price index (2010 = 100),FP.CPI.TOTL,China,CHN,113.294060199837,114.922122819495,117.220567369674,119.088050428682,121.558877866113,125.083154382075,128.109443605623,129.366216637457,131.919356668535,132.229151902431
Consumer price index (2010 = 100),FP.CPI.TOTL,Colombia,COL,111.999775887943,117.588375602645,126.423331457792,131.877630006754,136.151216036968,140.94784969246,144.509087395731,149.559763199866,164.780806314133,184.119324369034
Consumer price index (2010 = 100),FP.CPI.TOTL,Comoros,COM,..,..,..,..,..,..,..,..,..,..
Consumer price index (2010 = 100),FP.CPI.TOTL,"Congo, Dem. Rep.",COD,129.135509183589,130.096534344839,133.850926577035,..,..,..,..,..,..,..
Consumer price index (2010 = 100),FP.CPI.TOTL,"Congo, Rep.",COG,112.827020267541,116.402619073639,120.116516568787,120.657117555654,122.048027425109,124.740496075729,126.980051354846,129.158575405592,133.089443475834,138.814612802413
Consumer price index (2010 = 100),FP.CPI.TOTL,Costa Rica,CRI,120.53771357375,121.50440434597,121.483166772673,123.458369999913,126.20052189975,128.845743336848,129.77976091938,132.020379357515,142.944768574546,143.695505220117
Consumer price index (2010 = 100),FP.CPI.TOTL,Cote d'Ivoire,CIV,109.513495413212,110.884056313105,111.685945921178,112.451978676858,112.856141244189,111.606977877028,114.313454421135,118.991105987766,125.269275743533,130.764985523184
Consumer price index (2010 = 100),FP.CPI.TOTL,Croatia,HRV,107.874015748031,107.372942018611,106.164996420902,107.363994273443,108.974588403722,109.815676449535,109.985683607731,112.795275590551,124.955261274159,134.878310665712
Consumer price index (2010 = 100),FP.CPI.TOTL,Cuba,CUB,..,..,..,..,..,..,..,..,..,..
Consumer price index (2010 = 100),FP.CPI.TOTL,Curacao,CUW,108.601210000729,108.083679568482,108.032655441358,109.745608280487,112.58109191632,115.533202128435,..,..,..,..
Consumer price index (2010 = 100),FP.CPI.TOTL,Cyprus,CYP,103.907467160884,101.728529974231,100.274659733349,100.807886777964,102.254975116847,102.510991917283,101.856538374448,104.348039621067,113.108561527348,117.114122395083
Consumer price index (2010 = 100),FP.CPI.TOTL,Czechia,CZE,107.149256405662,107.480738218957,108.215373588963,110.867228095323,113.250313563877,116.47554201756,120.157677835513,124.771546317864,143.612255868124,158.923132055187
Consumer price index (2010 = 100),FP.CPI.TOTL,Denmark,DNK,106.65119185787,107.133291670387,107.401124899563,108.633157753772,109.517007410053,110.347290420498,110.811534684403,112.864922774752,121.55164717436,125.569145611999
Consumer price index (2010 = 100),FP.CPI.TOTL,Djibouti,DJI,113.440387934233,112.479105732701,115.55924715987,116.215753245397,116.387718683166,120.250922373372,122.388271692977,123.834800404194,130.249205896313,132.196520309031
Consumer price index (2010 = 100),FP.CPI.TOTL,Dominica,DMA,103.274655758634,102.403196345051,102.548420693137,102.85222335235,103.869628411641,105.43247529016,104.665858458043,106.218256661718,114.482690539567,119.322667519736
Consumer price index (2010 = 100),FP.CPI.TOTL,Dominican Republic,DOM,118.45383775457,119.444995914537,121.373036513831,125.353534364345,129.821678689518,132.172234898705,137.169709129879,148.476613026712,161.559024136759,169.2906134919
Consumer price index (2010 = 100),FP.CPI.TOTL,Ecuador,ECU,116.841560903266,121.476252276892,123.575683382786,124.09140868848,123.813315813595,124.142674729473,123.721989477427,123.886850743311,128.180979253477,131.021069370666
Consumer price index (2010 = 100),FP.CPI.TOTL,"Egypt, Arab Rep.",EGY,142.052800661666,156.784372636979,178.441948479442,231.094115427901,264.375055382559,288.572774376263,303.131077181708,318.936481308266,363.254813484487,486.342894474661
Consumer price index (2010 = 100),FP.CPI.TOTL,El Salvador,SLV,108.987569242944,108.19045106832,108.843974500215,109.945860865916,111.144633577093,111.228352310936,110.815038640419,114.656913864201,122.910624989713,127.883032020654
Consumer price index (2010 = 100),FP.CPI.TOTL,Equatorial Guinea,GNQ,116.661676646707,118.617662311179,120.292471529847,121.187874251497,122.472555526802,124.346722780622,130.273952095808,130.14745508982,136.377245508982,..
Consumer price index (2010 = 100),FP.CPI.TOTL,Eritrea,ERI,..,..,..,..,..,..,..,..,..,..
Consumer price index (2010 = 100),FP.CPI.TOTL,Estonia,EST,112.026100209564,111.474566584111,111.640312440465,115.455324823776,119.422747189941,122.14231282149,121.599352257573,127.257572871023,151.94333206325,165.860163840732
Consumer price index (2010 = 100),FP.CPI.TOTL,Eswatini,SWZ,129.027305806354,135.415763752502,146.042210573467,155.128044574078,162.597555594944,166.821866435163,..,..,..,..
Consumer price index (2010 = 100),FP.CPI.TOTL,Ethiopia,ETH,189.185249477272,207.288195981494,221.027534076201,244.649000887414,278.49138441874,322.519847925871,388.173106848802,492.356913864236,659.216079717136,858.423451765946
Consumer price index (2010 = 100),FP.CPI.TOTL,Faroe Islands,FRO,..,..,..,..,..,..,..,..,..,..
Consumer price index (2010 = 100),FP.CPI.TOTL,Fiji,FJI,114.776205049732,116.354246365723,120.849273144606,124.894797245601,129.992348890589,132.297245600612,128.863810252487,129.064651874522,134.898622800306,137.796480489671
Consumer price index (2010 = 100),FP.CPI.TOTL,Finland,FIN,109.016205355146,108.789529224042,109.177564613377,110.000779878603,111.192991413593,112.331712088838,112.658096995756,115.130462665656,123.331790076698,131.040820253141
Consumer price index (2010 = 100),FP.CPI.TOTL,France,FRA,105.539425293424,105.579017755019,105.772580900596,106.864453008147,108.842316422953,110.04856675289,110.572946910908,112.388921149413,118.258283622798,124.027345193475
Consumer price index (2010 = 100),FP.CPI.TOTL,French Polynesia,PYF,..,..,..,..,..,..,..,..,..,..
Consumer price index (2010 = 100),FP.CPI.TOTL,Gabon,GAB,109.374984864148,109.004427677729,111.300831725277,114.252447232406,119.678371953152,122.627926286455,124.286789179276,125.637671569116,130.953713012953,135.70604334892
Consumer price index (2010 = 100),FP.CPI.TOTL,"Gambia, The",GMB,122.349573755068,130.679689360556,140.126253232327,151.384262300215,161.255981964361,172.730435584882,182.975555086968,196.461489499352,219.080336221032,256.267499051756
Consumer price index (2010 = 100),FP.CPI.TOTL,Georgia,GEO,110.25075,114.664725,117.112733333333,124.180858333333,127.428491666667,133.612466666667,140.563608333333,154.011208333333,172.335716666667,176.623016666667
Consumer price index (2010 = 100),FP.CPI.TOTL,Germany,DEU,106.650549555164,107.199187857464,107.72633665683,109.35246016194,111.246629356349,112.854877121191,113.018378926344,116.484275880086,124.489744387368,131.892448207044
Consumer price index (2010 = 100),FP.CPI.TOTL,Ghana,GHA,155.904739308264,182.642354549914,214.521910357024,241.062392815469,259.886388974227,278.45173709811,305.983066637367,336.492909542398,441.666780384402,609.972588583069
Consumer price index (2010 = 100),FP.CPI.TOTL,Gibraltar,GIB,..,..,..,..,..,..,..,..,..,..
Consumer price index (2010 = 100),FP.CPI.TOTL,Greece,GRC,102.551500931586,100.771321684226,99.9392992576633,101.05987316816,101.692125375109,101.949414101629,100.677102178392,101.909213734394,111.738622172264,115.61014338928
Consumer price index (2010 = 100),FP.CPI.TOTL,Greenland,GRL,..,..,..,..,..,..,..,..,..,..
Consumer price index (2010 = 100),FP.CPI.TOTL,Grenada,GRD,104.433537174123,103.895236562601,105.609913099453,106.569335074026,107.426261562601,108.068831493402,107.268330431284,108.57648052784,111.378339233988,114.381235918893
Consumer price index (2010 = 100),FP.CPI.TOTL,Guam,GUM,..,..,..,..,..,..,..,..,..,..
Consumer price index (2010 = 100),FP.CPI.TOTL,Guatemala,GTM,118.950430995715,121.791824121623,127.209662777719,132.838100804773,137.822002853775,142.921394880398,147.515518254925,153.80123012521,164.390642043944,..
Consumer price index (2010 = 100),FP.CPI.TOTL,Guinea,GIN,166.026332763198,185.584371739381,200.751590655302,218.647309106389,240.135129253703,262.875950950144,290.745061231669,327.371054687123,361.722233672476,389.954566905293
Consumer price index (2010 = 100),FP.CPI.TOTL,Guinea-Bissau,GNB,106.940486169321,108.519698239732,110.150880134116,112.013657770165,112.440793517742,112.718072816065,114.003069434827,116.559575493745,127.508994091945,..
Consumer price index (2010 = 100),FP.CPI.TOTL,Guyana,GUY,110.466272954109,109.359694377327,110.27395023836,112.374289819108,113.815875399987,116.191475510903,117.345648454536,123.251485665774,130.788382420166,134.478057859335
Consumer price index (2010 = 100),FP.CPI.TOTL,Haiti,HTI,121.011954452908,129.158286450508,144.015244532932,159.396200425506,179.291095505561,212.825312171362,261.341632995889,305.355546890834,409.127368142819,559.741538412178
Consumer price index (2010 = 100),FP.CPI.TOTL,Honduras,HND,125.346249905396,129.30447286763,132.827518353137,138.053432225838,144.055097252706,150.34435782941,155.558919246197,162.529327177779,177.302656474684,189.116778929842
Consumer price index (2010 = 100),FP.CPI.TOTL,"Hong Kong SAR, China",HKG,119.384996620861,122.955620635278,125.917999549448,127.799053840955,130.874070736652,134.647443117819,134.985357062402,137.102951115116,139.682360892093,142.610948411804
Consumer price index (2010 = 100),FP.CPI.TOTL,Hungary,HUN,111.453108897286,111.384403984885,111.824115424253,114.450017176228,117.712126417039,121.642047406389,125.688766746822,132.112676056338,151.411885949845,177.341119890072
Consumer price index (2010 = 100),FP.CPI.TOTL,Iceland,ISL,115.953778501939,117.847368154088,119.847152693711,121.956960656067,125.22896551876,129.003331214359,132.677248064403,138.573742998267,150.087495958498,163.199594369605
Consumer price index (2010 = 100),FP.CPI.TOTL,India,IND,139.924446113916,146.790501522574,154.054013105394,159.18119775209,165.451068899504,171.621576003377,182.988822584425,192.378724699015,205.266241146235,216.862025027426
Consumer price index (2010 = 100),FP.CPI.TOTL,Indonesia,IDN,124.386150032818,132.300991429788,136.965666608222,142.182412273917,146.729898360527,151.176675071352,154.080730631506,156.484590188327,163.071752418121,169.056700046911
Consumer price index (2010 = 100),FP.CPI.TOTL,"Iran, Islamic Rep.",IRN,256.002941860307,287.964093938751,308.828317801683,333.673322422363,393.781629583152,550.929425291206,719.481539670071,1031.65750196386,1480.30950510605,2140.21942916994
Consumer price index (2010 = 100),FP.CPI.TOTL,Iraq,IRQ,116.910341144268,118.539288337005,119.198984840636,119.418381179572,119.857173857442,119.618699575991,120.30550550657,127.574201605207,133.946234405587,139.784084815516
Consumer price index (2010 = 100),FP.CPI.TOTL,Ireland,IRL,105.024225826838,104.676637876554,104.697703812935,105.07689066779,105.571940172741,106.562039182642,106.214451232357,108.7002317253,117.210870023173,124.594480724668
Consumer price index (2010 = 100),FP.CPI.TOTL,Isle of Man,IMN,..,..,..,..,..,..,..,..,..,..
Consumer price index (2010 = 100),FP.CPI.TOTL,Israel,ISR,107.387712467952,106.741999810084,106.1532617985,106.428639255531,107.273763175387,108.185357515905,107.520653309277,109.144430728326,113.939796790428,118.754154401291
Consumer price index (2010 = 100),FP.CPI.TOTL,Italy,ITA,107.457017849343,107.498700856028,107.397634171255,108.714901774357,109.951520340534,110.623595648239,110.471258578492,112.541250526224,121.771084752039,128.617291886527
Consumer price index (2010 = 100),FP.CPI.TOTL,Jamaica,JAM,136.086662153013,141.110358835477,144.427894380501,150.751523358158,156.384563303995,162.49153689912,170.984608465162,181.00906404486,199.742721733243,212.674339878131
Consumer price index (2010 = 100),FP.CPI.TOTL,Japan,JPN,102.777289506064,103.594656354368,103.462822991738,103.963789769731,104.992089998242,105.484267885393,105.457901212867,105.211812269292,107.839690631042,111.364035858675
Consumer price index (2010 = 100),FP.CPI.TOTL,Jordan,JOR,117.426797297677,116.397138828916,115.491068042148,119.329869272798,124.654739256782,125.604002606804,126.022633651656,127.719016475095,133.120452526249,135.895840722819
Consumer price index (2010 = 100),FP.CPI.TOTL,Kazakhstan,KAZ,129.146608074122,137.771387734837,157.556866561297,169.283293508518,179.717344348262,189.302678517188,202.02032502464,218.265731563044,251.066409830229,288.035913621386
Consumer price index (2010 = 100),FP.CPI.TOTL,Kenya,KEN,140.914406784821,150.189610460249,159.647425011301,172.428238576216,180.514789261214,189.973110678512,200.241465217838,212.472085832078,228.747155845931,246.295256788022
Consumer price index (2010 = 100),FP.CPI.TOTL,Kiribati,KIR,98.9812362348314,99.5474244893384,101.456058112065,101.81675559135,102.391033138334,100.534601842803,103.10149708468,105.218806716601,110.843756153458,121.133463779108
Consumer price index (2010 = 100),FP.CPI.TOTL,"Korea, Dem. People's Rep.",PRK,..,..,..,..,..,..,..,..,..,..
Consumer price index (2010 = 100),FP.CPI.TOTL,"Korea, Rep.",KOR,109.057167004994,109.82747242569,110.894650313757,113.050810827499,114.719259179216,115.158634290169,115.777367840135,118.669872413341,124.709591769001,129.195964772806
Consumer price index (2010 = 100),FP.CPI.TOTL,Kosovo,XKX,112.418995558574,111.815384928396,112.120830379226,113.789451041016,114.988561700519,118.065646442895,118.29968552161,122.267091891806,136.426245250384,143.171601365813
Consumer price index (2010 = 100),FP.CPI.TOTL,Kuwait,KWT,114.389159736163,118.131631775165,121.909951247491,124.557631780803,125.234145567617,126.601512114575,129.262333503248,133.68779685455,139.009439631897,144.072391440901
Consumer price index (2010 = 100),FP.CPI.TOTL,Kyrgyz Republic,KGZ,137.421167323168,146.358103369357,146.927199725867,151.592593591367,153.931154097371,155.676152413544,165.523327506819,185.228945555436,211.018203674728,233.709575724236
Consumer price index (2010 = 100),FP.CPI.TOTL,Lao PDR,LAO,124.217333843943,125.804029263158,127.813009249953,128.868078299,131.497493121168,135.866574667173,142.801303317534,148.164378148681,182.1773224818,239.071544726127
Consumer price index (2010 = 100),FP.CPI.TOTL,Latvia,LVA,107.357807845492,107.544870498588,107.69611443606,110.852001659202,113.661494917447,116.856984643273,117.112977285484,120.949398596532,141.886081804437,154.567925394545
Consumer price index (2010 = 100),FP.CPI.TOTL,Lebanon,LBN,119.448888615649,114.970576284332,114.069943209824,118.999307190905,126.230882092859,130.024611761339,240.369131329817,612.355015021184,1660.74042721277,5336.65059176616
Consumer price index (2010 = 100),FP.CPI.TOTL,Lesotho,LSO,123.085406783966,127.046843072419,135.427494309836,141.450902126157,148.172370359897,155.858195070683,163.616966833624,173.512105268925,187.864686358543,199.779473243937
Consumer price index (2010 = 100),FP.CPI.TOTL,Liberia,LBR,136.976961508543,147.590891046088,160.629437395093,180.579023030836,223.129788020628,283.299582540638,331.335078273269,357.230882302137,384.355369130599,423.153943398049
Consumer price index (2010 = 100),FP.CPI.TOTL,Libya,LBY,128.769770733721,142.164780042916,178.919883449612,225.087687557724,254.732194858593,249.224429256178,252.830797888857,260.082820215574,271.813339537122,278.263946612131
Consumer price index (2010 = 100),FP.CPI.TOTL,Liechtenstein,LIE,..,..,..,..,..,..,..,..,..,..
Consumer price index (2010 = 100),FP.CPI.TOTL,Lithuania,LTU,108.584878864148,107.624882767344,108.599453068237,112.642489751195,115.681502787888,118.382098321258,119.802558548614,125.413564341792,150.12636507601,163.813865619739
Consumer price index (2010 = 100),FP.CPI.TOTL,Luxembourg,LUX,108.684138684139,109.200109200109,109.517699517699,111.413231413231,113.115843115843,115.087815087815,116.031486031486,118.963508963509,126.501046501047,131.233961233961
Consumer price index (2010 = 100),FP.CPI.TOTL,"Macao SAR, China",MAC,125.607397273199,131.335802236166,134.447091569562,136.098268622918,140.187290654338,144.045147898287,145.213945369628,145.252360796339,146.770288671746,147.469479571402
Consumer price index (2010 = 100),FP.CPI.TOTL,Madagascar,MDG,129.928988710365,139.549180162949,147.972031780113,160.711019098127,174.522893053767,184.314525125891,192.059040165303,203.221994008737,219.806108379759,241.510481738622
Consumer price index (2010 = 100),FP.CPI.TOTL,Malawi,MWI,205.649014902299,250.618999732887,305.031174499811,340.242124547702,382.500802418103,418.344325525805,454.42867680603,496.827527221711,600.932616885901,773.939571837271
Consumer price index (2010 = 100),FP.CPI.TOTL,Malaysia,MYS,110.464922512914,112.789535077487,115.147475420763,119.605065822363,120.663222796201,121.463089485086,120.079986668888,123.05449091818,127.212131311448,130.378270288285
Consumer price index (2010 = 100),FP.CPI.TOTL,Maldives,MDV,130.796085435266,132.042842431055,132.706370144271,136.445336799763,136.263355033873,136.563174927495,134.692567714574,135.424149976868,138.58378956189,142.64078208493
Consumer price index (2010 = 100),FP.CPI.TOTL,Mali,MLI,108.73074314203,110.308089786071,108.322933479343,110.229262671784,110.559450578237,108.726079750895,109.202396681528,113.489249057224,124.408590014187,126.969916905327
Consumer price index (2010 = 100),FP.CPI.TOTL,Malta,MLT,106.984281575608,108.161695229016,108.856853441984,110.342046800347,111.619613085975,113.452474124359,114.176919176219,115.887166319179,123.018580023951,129.28510661979
Consumer price index (2010 = 100),FP.CPI.TOTL,Marshall Islands,MHL,..,..,..,..,..,..,..,..,..,..
Consumer price index (2010 = 100),FP.CPI.TOTL,Mauritania,MRT,119.525611071366,123.415843264796,125.232167135102,128.055246473499,131.983161831254,135.018896797734,138.240035711831,143.168520868821,156.80570371963,164.572369168803
Consumer price index (2010 = 100),FP.CPI.TOTL,Mauritius,MUS,118.231441048035,119.752547307133,120.923338185347,125.357593401261,129.389161086851,129.914034934498,133.266857350801,138.635551188743,153.571800582242,164.403192624939
Consumer price index (2010 = 100),FP.CPI.TOTL,Mexico,MEX,116.247985177591,119.410675116721,122.780095507214,130.197802476747,136.57664871233,141.542522969974,146.350487735058,154.676672089174,166.890369321443,176.116003638578
Consumer price index (2010 = 100),FP.CPI.TOTL,"Micronesia, Fed. Sts.",FSM,113.020173769947,112.683242732504,111.514190075614,112.163485612668,113.844143545724,116.034336045649,116.677856243305,120.401378078118,126.9135800956,..
Consumer price index (2010 = 100),FP.CPI.TOTL,Moldova,MDA,123.752035663224,135.726580048525,144.357852642313,153.842495547244,158.527082570638,166.196279636921,172.455183700835,181.261454671574,233.351098473522,264.659839713206
Consumer price index (2010 = 100),FP.CPI.TOTL,Monaco,MCO,..,..,..,..,..,..,..,..,..,..
Consumer price index (2010 = 100),FP.CPI.TOTL,Mongolia,MNG,153.731545442232,162.549099282135,163.74102668292,170.784234051199,182.438973559454,195.758969878895,203.190059190237,218.130243126627,251.172516573854,277.162801529648
Consumer price index (2010 = 100),FP.CPI.TOTL,Montenegro,MNE,109.332618412118,111.025843470093,110.724535958828,113.360041214069,116.320125570259,116.740696925397,116.442242679664,119.249434576437,134.799922927867,146.372185064342
Consumer price index (2010 = 100),FP.CPI.TOTL,Morocco,MAR,104.588425178695,106.217815694412,107.954807470602,108.76950272846,110.731613965107,111.067558219968,111.851660373914,113.419774613788,120.970176677427,128.338641341941
Consumer price index (2010 = 100),FP.CPI.TOTL,Mozambique,MOZ,121.964207535538,126.294863432896,148.292955561846,170.704777480577,177.38161216446,182.353092070672,188.706156499664,200.799346249151,221.440317880633,237.222313580234
Consumer price index (2010 = 100),FP.CPI.TOTL,Myanmar,MMR,118.152345882585,129.322671760608,138.283213706085,144.606264199701,154.544081933578,168.182700659368,..,..,..,..
Consumer price index (2010 = 100),FP.CPI.TOTL,Namibia,NAM,124.67212131582,128.903512292969,137.576891264402,146.032091587863,152.29919176551,157.968367961494,161.458493232361,167.298294033139,177.472173637599,187.907421438975
Consumer price index (2010 = 100),FP.CPI.TOTL,Nauru,NRU,..,..,..,..,..,..,..,..,..,..
Consumer price index (2010 = 100),FP.CPI.TOTL,Nepal,NPL,141.272338749022,152.388930465066,165.784440634692,171.797601626909,178.774582924802,188.729977162221,198.265307403646,206.492683278536,222.291008492302,238.106479175293
Consumer price index (2010 = 100),FP.CPI.TOTL,Netherlands,NLD,108.531758668693,109.183218539311,109.528965398018,111.042062834942,112.933662096136,115.907994941178,117.382878251613,120.523715504927,132.577542831667,137.666390675753
Consumer price index (2010 = 100),FP.CPI.TOTL,New Caledonia,NCL,105.74149431556,106.344758149096,106.959768427235,..,..,..,..,..,..,..
Consumer price index (2010 = 100),FP.CPI.TOTL,New Zealand,NZL,107.628261011102,107.943293912264,108.640866961892,110.651578737121,112.420119642595,114.240911764414,116.19964268334,120.779210747308,129.441767205658,136.86287449004
Consumer price index (2010 = 100),FP.CPI.TOTL,Nicaragua,NIC,131.61641766895,136.877625982058,141.700061784993,147.156465910385,154.436645452421,162.739607236814,168.731375929621,177.047156631849,195.57943398714,211.983969101511
Consumer price index (2010 = 100),FP.CPI.TOTL,Niger,NER,104.802334182625,104.198578028039,105.921907081479,108.883878892078,112.115120867278,109.323686827592,112.492099097718,116.809397403471,121.746017087804,126.251804508777
Consumer price index (2010 = 100),FP.CPI.TOTL,Nigeria,NGA,145.799165386817,158.934846393837,183.882551450038,214.227339611353,240.138364526616,267.505546743183,302.939394135074,354.296242254442,421.071120344953,524.90536465723
Consumer price index (2010 = 100),FP.CPI.TOTL,North Macedonia,MKD,110.029166666667,109.699166666666,109.436666666667,110.915833333333,112.533333333333,113.395833333333,114.756666666667,118.464166666667,135.291666666667,147.9575
Consumer price index (2010 = 100),FP.CPI.TOTL,Northern Mariana Islands,MNP,..,..,..,..,..,..,..,..,..,..
Consumer price index (2010 = 100),FP.CPI.TOTL,Norway,NOR,106.279974662926,108.587458148584,112.442312912858,114.55071939191,117.71785358791,120.269658854402,121.81703013302,126.06098995566,133.327300696769,140.684100986336
Consumer price index (2010 = 100),FP.CPI.TOTL,Oman,OMN,109.335066922386,109.406451933026,110.619997113916,112.377853000941,113.377243149909,113.933716077231,113.470686128837,115.379503467114,118.271078246879,119.395579550122
Consumer price index (2010 = 100),FP.CPI.TOTL,Pakistan,PAK,141.698463473481,145.282482630176,150.752541224988,156.911345866617,164.879393855103,182.320932671494,200.078979004625,219.078900139702,262.618333965596,343.42107928414
Consumer price index (2010 = 100),FP.CPI.TOTL,Palau,PLW,116.795180722892,117.903614457831,116.674698795181,118.329132252596,120.825527447798,121.148590355413,121.412914552552,124.584804918221,139.974347062763,157.889653757745
Consumer price index (2010 = 100),FP.CPI.TOTL,Panama,PAN,119.473250218224,119.63751644926,120.522515865459,121.577794043312,122.503704212582,122.068713378771,120.176312134352,122.136031309897,125.628695902787,127.496057864854
Consumer price index (2010 = 100),FP.CPI.TOTL,Papua New Guinea,PNG,120.579474681831,127.809369076631,136.339019767127,143.73138369889,150.018897576695,155.912649364765,163.508205344215,170.839243117812,179.813837244105,183.94721776434
Consumer price index (2010 = 100),FP.CPI.TOTL,Paraguay,PRY,121.040974529347,124.828349944629,129.929863418236,134.610557401255,139.962148394242,143.821040974529,146.363100775194,153.370941306755,168.348482834994,176.14642303433
Consumer price index (2010 = 100),FP.CPI.TOTL,Peru,PER,113.822090321437,117.689869607084,121.876306151171,125.526380202401,127.420766879302,130.290437892643,132.899389330896,138.576404455789,150.124955005568,159.8164418433
Consumer price index (2010 = 100),FP.CPI.TOTL,Philippines,PHL,114.656498576585,115.429504132997,116.876642442093,120.211352458706,126.593789832853,129.621996007385,132.7240608691,137.936373936063,145.965868357034,154.691744685736
Consumer price index (2010 = 100),FP.CPI.TOTL,Poland,POL,109.080240575033,108.126741968608,107.407950711457,109.637670529559,111.625348393722,114.111779375092,117.962446824116,123.925480416606,141.807246589409,158.156080387267
Consumer price index (2010 = 100),FP.CPI.TOTL,Portugal,PRT,106.522866162199,107.042632369495,107.692806187126,109.166705134988,110.25151180504,110.624358614714,110.610598791976,112.010549789253,120.783990313085,125.991328648484
Consumer price index (2010 = 100),FP.CPI.TOTL,Puerto Rico,PRI,..,..,..,..,..,..,..,..,..,..
Consumer price index (2010 = 100),FP.CPI.TOTL,Qatar,QAT,110.392153372377,112.394752300764,115.403100913185,115.858803424889,116.155188066291,115.380849813981,112.44981274436,115.041180060887,120.787803986413,124.444834716253
Consumer price index (2010 = 100),FP.CPI.TOTL,Romania,ROU,114.887603022632,114.204990933389,112.440756038601,113.946361611816,119.216932828292,123.780383348878,127.037135732912,133.455469478653,151.866303747835,167.656128062128
Consumer price index (2010 = 100),FP.CPI.TOTL,Russian Federation,RUS,131.155272814079,151.529464141176,162.200847296653,168.175238863746,173.015822116403,180.750263654162,186.862621885623,199.372063343799,..,..
Consumer price index (2010 = 100),FP.CPI.TOTL,Rwanda,RWA,123.236367612123,126.35240266948,135.417357450773,146.629287289695,146.172962049541,151.066652368989,165.947320417633,165.297890975286,194.537781306206,233.035926477338
Consumer price index (2010 = 100),FP.CPI.TOTL,Samoa,WSM,107.607338757532,108.386921789764,109.801066219157,111.722471535674,116.411976345519,117.555522119693,115.711178865273,119.336646996638,132.41818969607,..
Consumer price index (2010 = 100),FP.CPI.TOTL,San Marino,SMR,108.703218890836,108.861584341924,109.486393249581,110.631595560108,..,..,..,..,..,..
Consumer price index (2010 = 100),FP.CPI.TOTL,Sao Tome and Principe,STP,146.312124734434,153.987480809631,162.349801230772,171.587985799762,185.089551682324,199.378919008272,218.956588859877,236.774773301467,279.407575020066,338.806590676412
Consumer price index (2010 = 100),FP.CPI.TOTL,Saudi Arabia,SAU,115.22537829232,116.615080724277,119.027660580771,118.029977181469,120.93132112752,118.399825471917,122.479242037952,126.231136275934,129.354187644052,132.364369779118
Consumer price index (2010 = 100),FP.CPI.TOTL,Senegal,SEN,104.46308699624,104.604333556103,105.48016989023,106.870560070658,107.363218008605,109.252930368352,112.031392832995,114.474038812672,125.574379147807,133.032841755522
Consumer price index (2010 = 100),FP.CPI.TOTL,Serbia,SRB,131.137397634213,132.963299969669,134.455565665757,138.665453442523,141.383075523203,143.997573551714,146.266302699424,152.241431604489,170.482256596906,191.574158325751
Consumer price index (2010 = 100),FP.CPI.TOTL,Seychelles,SYC,116.206421540945,120.903420148673,119.675667780057,123.094557177785,127.652648173983,129.959451530316,131.522427900042,144.370984575085,148.162219077859,146.628294313518
Consumer price index (2010 = 100),FP.CPI.TOTL,Sierra Leone,SLE,125.686955139246,134.094703092292,148.692334190095,175.786321842126,203.964069000238,234.160947560879,265.648268369591,297.191234531916,378.051882667797,558.166662231195
Consumer price index (2010 = 100),FP.CPI.TOTL,Singapore,SGP,113.81440330709,113.219588558659,112.616956081526,113.265922901941,113.762730027133,114.405785881945,114.197662689794,116.829758470318,123.980978131334,129.958680443666
Consumer price index (2010 = 100),FP.CPI.TOTL,Sint Maarten (Dutch part),SXM,113.639177693628,114.01421785026,114.141551956674,116.643546314853,..,..,..,..,..,..
Consumer price index (2010 = 100),FP.CPI.TOTL,Slovak Republic,SVK,109.091413049504,108.736626198791,108.171184655469,109.590332058318,112.345473695881,115.338987748766,117.573036199346,121.276123953656,136.768113531792,151.172459670713
Consumer price index (2010 = 100),FP.CPI.TOTL,Slovenia,SVN,106.506864432967,105.947115172383,105.888844744625,107.402110095793,109.269412439853,111.051074912815,110.99015582925,113.117909327683,123.110404802896,132.278285436807
Consumer price index (2010 = 100),FP.CPI.TOTL,Solomon Islands,SLB,126.007882882883,125.284006297329,125.926068821616,126.541452847665,130.921653412479,133.062033185591,137.005392964625,136.847236823755,144.398644275693,152.897744832961
Consumer price index (2010 = 100),FP.CPI.TOTL,Somalia,SOM,..,..,..,..,..,..,..,..,..,..
Consumer price index (2010 = 100),FP.CPI.TOTL,South Africa,ZAF,124.629819674535,130.288813956898,138.850608415188,146.04896642721,152.646239554318,158.935639935493,164.03753115379,171.60240433954,183.682744465621,194.839466353907
Consumer price index (2010 = 100),FP.CPI.TOTL,South Sudan,SSD,217.159833769899,331.74710919474,1592.38474945444,4583.7054616258,8411.16962950086,15749.1887552482,20422.8933712573,22570.7110312611,21061.3351456807,21563.1855553078
Consumer price index (2010 = 100),FP.CPI.TOTL,Spain,ESP,107.047558596627,106.511929320121,106.296138281102,108.375371885592,110.190639172868,110.961443623997,110.603312216661,114.024422110457,123.591728295232,127.957434718697
Consumer price index (2010 = 100),FP.CPI.TOTL,Sri Lanka,LKA,126.595370167296,131.365949371736,136.566580789574,147.08785819643,150.228239475663,155.528883036152,165.100045087827,176.681451206782,264.529415973267,308.285687553672
Consumer price index (2010 = 100),FP.CPI.TOTL,St. Kitts and Nevis,KNA,108.147412972867,105.657994028676,104.932084385971,105.661274976213,104.565438498638,104.220830481643,103.004318030447,104.235929197152,107.017126546147,110.823845926704
Consumer price index (2010 = 100),FP.CPI.TOTL,St. Lucia,LCA,112.455671155643,111.349556102794,107.921974406103,108.034496100272,110.125632259346,110.719305842338,108.775287041709,111.397536282109,118.502634846347,123.326412840445
Consumer price index (2010 = 100),FP.CPI.TOTL,St. Martin (French part),MAF,..,..,..,..,..,..,..,..,..,..
Consumer price index (2010 = 100),FP.CPI.TOTL,St. Vincent and the Grenadines,VCT,106.926514399206,105.072823568355,104.915590863952,107.174776564052,109.665673618007,110.666997682887,109.971863621317,111.701423369745,118.023833167825,123.411122144985
Consumer price index (2010 = 100),FP.CPI.TOTL,Sudan,SDN,299.222507343468,349.819748489056,411.913641797515,545.174403033738,890.228952120137,1344.19276243483,3538.6920569685,16245.8889681416,38796.5572974048,..
Consumer price index (2010 = 100),FP.CPI.TOTL,Suriname,SUR,130.245441255674,139.224436408402,216.37202126887,263.967251492829,..,294.682234318514,397.496230269416,632.494660552573,964.212982746744,1461.62458068448
Consumer price index (2010 = 100),FP.CPI.TOTL,Sweden,SWE,103.643306416286,103.594817159687,104.614469083966,106.491774734342,108.572129146727,110.509219846432,111.058856590269,113.461278849041,122.957183435409,133.468331831819
Consumer price index (2010 = 100),FP.CPI.TOTL,Switzerland,CHE,99.3077647259499,98.1717745930005,97.7451017375587,98.2668532046593,99.1869606006829,99.5468963730059,98.8243104053428,99.3992842451935,102.21728177187,104.400030506506
Consumer price index (2010 = 100),FP.CPI.TOTL,Syrian Arab Republic,SYR,222.437220260699,307.989117541357,454.915823558951,537.143085248474,542.197514899324,614.947220639849,..,..,..,..
Consumer price index (2010 = 100),FP.CPI.TOTL,Tajikistan,TJK,132.575867830099,140.151994675248,148.56753447088,..,..,..,..,..,..,..
Consumer price index (2010 = 100),FP.CPI.TOTL,Tanzania,TZA,149.657870726625,158.021006257208,166.198224024889,175.03783564472,181.154460150602,187.430158933385,193.597155886785,200.742671235263,209.475523539762,217.433986576543
Consumer price index (2010 = 100),FP.CPI.TOTL,Thailand,THA,111.345922613126,110.34333613031,110.550946791118,111.286809151122,112.470786778062,113.265649996346,112.307493787832,113.689320040059,120.598688742159,122.079672279536
Consumer price index (2010 = 100),FP.CPI.TOTL,Timor-Leste,TLS,142.030686404269,142.948415716182,140.847298607328,141.583897133995,144.832175882741,146.220845236294,146.945368377278,152.37929193466,163.053932878494,176.783646400144
Consumer price index (2010 = 100),FP.CPI.TOTL,Togo,TGO,108.378170652492,111.179750599295,112.608909002895,111.503213533868,112.537690648103,113.296929295441,115.222166604613,120.045614301505,129.610336993973,..
Consumer price index (2010 = 100),FP.CPI.TOTL,Tonga,TON,111.043857874478,109.873457478337,112.706165683491,121.178358977414,127.27617144704,128.77744906121,128.327065776959,135.565368559565,150.438740351379,159.993300024419
Consumer price index (2010 = 100),FP.CPI.TOTL,Trinidad and Tobago,TTO,127.679287620338,133.630694979302,137.734049199352,140.323978776513,141.753275747519,143.17157812644,144.029156309043,146.995044259351,155.562483405851,162.763941221304
Consumer price index (2010 = 100),FP.CPI.TOTL,Tunisia,TUN,119.004136828432,124.284792209994,128.795583680247,135.633145958134,145.544662556429,155.325373517033,164.076639849227,173.439427529047,187.846106359388,205.370262060998
Consumer price index (2010 = 100),FP.CPI.TOTL,Turkiye,TUR,135.661434977578,146.067825112108,157.424794469357,174.96870328849,203.545403587444,234.437126307922,263.223561285501,314.806147234679,542.438807922272,834.593142750374
Consumer price index (2010 = 100),FP.CPI.TOTL,Turkmenistan,TKM,..,..,..,..,..,..,..,..,..,..
Consumer price index (2010 = 100),FP.CPI.TOTL,Turks and Caicos Islands,TCA,..,..,..,..,..,..,..,..,..,..
Consumer price index (2010 = 100),FP.CPI.TOTL,Tuvalu,TUV,..,..,..,..,..,..,..,..,..,..
Consumer price index (2010 = 100),FP.CPI.TOTL,Uganda,UGA,142.02416598956,149.962871001285,158.52031485061,166.778774735588,171.141727345227,176.049367040563,181.882451026004,185.892180700766,199.268589530793,209.931348222214
Consumer price index (2010 = 100),FP.CPI.TOTL,Ukraine,UKR,121.385333794535,180.499827049464,205.612244897959,235.299204427534,261.068834313386,281.658595641646,289.354894500173,316.447595987548,380.31822898651,429.185402974749
Consumer price index (2010 = 100),FP.CPI.TOTL,United Arab Emirates,ARE,105.072324180443,109.348732137854,111.117434855702,113.302920986271,116.779772707568,114.524660532343,112.143231100025,112.345016399902,118.28944516653,120.213669474403
Consumer price index (2010 = 100),FP.CPI.TOTL,United Kingdom,GBR,110.551137414463,110.958017384871,112.076937303495,114.943591640466,117.579064176068,119.622711300166,120.806362123174,123.848714629184,133.660070279268,142.740891437026
Consumer price index (2010 = 100),FP.CPI.TOTL,United States,USA,108.566932118964,108.695721960694,110.06700893427,112.411557302308,115.157303224791,117.244195476228,118.690501577198,124.266413825838,134.21120616846,139.73579356326
Consumer price index (2010 = 100),FP.CPI.TOTL,Uruguay,URY,138.127943821187,150.098484199709,164.567097713454,174.800034255374,188.096257600411,202.921983386144,222.719876680654,239.976021238332,261.824349714601,277.191092046658
Consumer price index (2010 = 100),FP.CPI.TOTL,Uzbekistan,UZB,157.434843486255,171.213355163693,185.134519079165,210.823308306965,247.768363601715,283.758541881172,320.271824153995,355.018882210761,395.656628724736,..
Consumer price index (2010 = 100),FP.CPI.TOTL,Vanuatu,VUT,104.553098901245,107.149433340321,108.051705592199,111.384588808318,113.980923247394,117.129669269253,123.371920154692,126.262874104585,134.696357601727,..
Consumer price index (2010 = 100),FP.CPI.TOTL,"Venezuela, RB",VEN,348.167562329311,772.020086336005,2740.27398467096,..,..,..,..,..,..,..
Consumer price index (2010 = 100),FP.CPI.TOTL,Viet Nam,VNM,143.643689923265,144.550370194288,148.407332801278,153.631652156685,159.069641224583,163.516947912918,168.783721483338,171.880422664063,177.305841095852,183.073410082137
Consumer price index (2010 = 100),FP.CPI.TOTL,Virgin Islands (U.S.),VIR,..,..,..,..,..,..,..,..,..,..
Consumer price index (2010 = 100),FP.CPI.TOTL,West Bank and Gaza,PSE,109.423600300128,110.990121099896,110.746934413771,110.982350206885,110.765815014162,112.516117965437,111.688750943651,113.070878047339,117.301112781727,124.18798049845
Consumer price index (2010 = 100),FP.CPI.TOTL,"Yemen, Rep.",YEM,157.583340537675,..,..,..,..,..,..,..,..,..
Consumer price index (2010 = 100),FP.CPI.TOTL,Zambia,ZMB,130.815807718974,144.042061474463,169.781989060935,180.949079423773,194.510438332948,212.308758955396,245.711424389492,299.818966181342,332.778676527232,369.000077035667
Consumer price index (2010 = 100),FP.CPI.TOTL,Zimbabwe,ZWE,108.859485114339,106.213145404861,104.573565367467,105.508413634402,116.712210556594,414.684308931397,2725.3128146124,5411.00244498777,11076.6017877336,..
Consumer price index (2010 = 100),FP.CPI.TOTL,Africa Eastern and Southern,AFE,..,..,..,..,..,..,..,..,..,..
Consumer price index (2010 = 100),FP.CPI.TOTL,Africa Western and Central,AFW,..,..,..,..,..,..,..,..,..,..
Consumer price index (2010 = 100),FP.CPI.TOTL,Arab World,ARB,..,..,..,..,..,..,..,..,..,..
Consumer price index (2010 = 100),FP.CPI.TOTL,Caribbean small states,CSS,..,..,..,..,..,..,..,..,..,..
Consumer price index (2010 = 100),FP.CPI.TOTL,Central Europe and the Baltics,CEB,..,..,..,..,..,..,..,..,..,..
Consumer price index (2010 = 100),FP.CPI.TOTL,Early-demographic dividend,EAR,..,..,..,..,..,..,..,..,..,..
Consumer price index (2010 = 100),FP.CPI.TOTL,East Asia & Pacific,EAS,..,..,..,..,..,..,..,..,..,..
Consumer price index (2010 = 100),FP.CPI.TOTL,East Asia & Pacific (excluding high income),EAP,..,..,..,..,..,..,..,..,..,..
Consumer price index (2010 = 100),FP.CPI.TOTL,East Asia & Pacific (IDA & IBRD countries),TEA,..,..,..,..,..,..,..,..,..,..
Consumer price index (2010 = 100),FP.CPI.TOTL,Euro area,EMU,..,..,..,..,..,..,..,..,..,..
Consumer price index (2010 = 100),FP.CPI.TOTL,Europe & Central Asia,ECS,..,..,..,..,..,..,..,..,..,..
Consumer price index (2010 = 100),FP.CPI.TOTL,Europe & Central Asia (excluding high income),ECA,..,..,..,..,..,..,..,..,..,..
Consumer price index (2010 = 100),FP.CPI.TOTL,Europe & Central Asia (IDA & IBRD countries),TEC,..,..,..,..,..,..,..,..,..,..
Consumer price index (2010 = 100),FP.CPI.TOTL,European Union,EUU,..,..,..,..,..,..,..,..,..,..
Consumer price index (2010 = 100),FP.CPI.TOTL,Fragile and conflict affected situations,FCS,..,..,..,..,..,..,..,..,..,..
Consumer price index (2010 = 100),FP.CPI.TOTL,Heavily indebted poor countries (HIPC),HPC,..,..,..,..,..,..,..,..,..,..
Consumer price index (2010 = 100),FP.CPI.TOTL,High income,HIC,..,..,..,..,..,..,..,..,..,..
Consumer price index (2010 = 100),FP.CPI.TOTL,IBRD only,IBD,..,..,..,..,..,..,..,..,..,..
Consumer price index (2010 = 100),FP.CPI.TOTL,IDA & IBRD total,IBT,..,..,..,..,..,..,..,..,..,..
Consumer price index (2010 = 100),FP.CPI.TOTL,IDA blend,IDB,..,..,..,..,..,..,..,..,..,..
Consumer price index (2010 = 100),FP.CPI.TOTL,IDA only,IDX,..,..,..,..,..,..,..,..,..,..
Consumer price index (2010 = 100),FP.CPI.TOTL,IDA total,IDA,..,..,..,..,..,..,..,..,..,..
Consumer price index (2010 = 100),FP.CPI.TOTL,Late-demographic dividend,LTE,..,..,..,..,..,..,..,..,..,..
Consumer price index (2010 = 100),FP.CPI.TOTL,Latin America & Caribbean,LCN,..,..,..,..,..,..,..,..,..,..
Consumer price index (2010 = 100),FP.CPI.TOTL,Latin America & Caribbean (excluding high income),LAC,..,..,..,..,..,..,..,..,..,..
Consumer price index (2010 = 100),FP.CPI.TOTL,Latin America & the Caribbean (IDA & IBRD countries),TLA,..,..,..,..,..,..,..,..,..,..
Consumer price index (2010 = 100),FP.CPI.TOTL,Least developed countries: UN classification,LDC,..,..,..,..,..,..,..,..,..,..
Consumer price index (2010 = 100),FP.CPI.TOTL,Low & middle income,LMY,..,..,..,..,..,..,..,..,..,..
Consumer price index (2010 = 100),FP.CPI.TOTL,Low income,LIC,..,..,..,..,..,..,..,..,..,..
Consumer price index (2010 = 100),FP.CPI.TOTL,Lower middle income,LMC,..,..,..,..,..,..,..,..,..,..
Consumer price index (2010 = 100),FP.CPI.TOTL,Middle East & North Africa,MEA,..,..,..,..,..,..,..,..,..,..
Consumer price index (2010 = 100),FP.CPI.TOTL,Middle East & North Africa (excluding high income),MNA,..,..,..,..,..,..,..,..,..,..
Consumer price index (2010 = 100),FP.CPI.TOTL,Middle East & North Africa (IDA & IBRD countries),TMN,..,..,..,..,..,..,..,..,..,..
Consumer price index (2010 = 100),FP.CPI.TOTL,Middle income,MIC,..,..,..,..,..,..,..,..,..,..
Consumer price index (2010 = 100),FP.CPI.TOTL,North America,NAC,..,..,..,..,..,..,..,..,..,..
Consumer price index (2010 = 100),FP.CPI.TOTL,Not classified,INX,..,..,..,..,..,..,..,..,..,..
Consumer price index (2010 = 100),FP.CPI.TOTL,OECD members,OED,..,..,..,..,..,..,..,..,..,..
Consumer price index (2010 = 100),FP.CPI.TOTL,Other small states,OSS,..,..,..,..,..,..,..,..,..,..
Consumer price index (2010 = 100),FP.CPI.TOTL,Pacific island small states,PSS,..,..,..,..,..,..,..,..,..,..
Consumer price index (2010 = 100),FP.CPI.TOTL,Post-demographic dividend,PST,..,..,..,..,..,..,..,..,..,..
Consumer price index (2010 = 100),FP.CPI.TOTL,Pre-demographic dividend,PRE,..,..,..,..,..,..,..,..,..,..
Consumer price index (2010 = 100),FP.CPI.TOTL,Small states,SST,..,..,..,..,..,..,..,..,..,..
Consumer price index (2010 = 100),FP.CPI.TOTL,South Asia,SAS,..,..,..,..,..,..,..,..,..,..
Consumer price index (2010 = 100),FP.CPI.TOTL,South Asia (IDA & IBRD),TSA,..,..,..,..,..,..,..,..,..,..
Consumer price index (2010 = 100),FP.CPI.TOTL,Sub-Saharan Africa,SSF,..,..,..,..,..,..,..,..,..,..
Consumer price index (2010 = 100),FP.CPI.TOTL,Sub-Saharan Africa (excluding high income),SSA,..,..,..,..,..,..,..,..,..,..
Consumer price index (2010 = 100),FP.CPI.TOTL,Sub-Saharan Africa (IDA & IBRD countries),TSS,..,..,..,..,..,..,..,..,..,..
Consumer price index (2010 = 100),FP.CPI.TOTL,Upper middle income,UMC,..,..,..,..,..,..,..,..,..,..
Consumer price index (2010 = 100),FP.CPI.TOTL,World,WLD,..,..,..,..,..,..,..,..,..,..
,,,,,,,,,,,,,
,,,,,,,,,,,,,
,,,,,,,,,,,,,
Data from database: World Development Indicators,,,,,,,,,,,,,
Last Updated: 01/28/2025,,,,,,,,,,,,,
