period,quarter,year,price_to_earning,price_to_book,roe,earning_per_share,company
2024-Q4,4,2024,7.0,1.4,0.217,3758.0,ACB
2024-Q3,3,2024,7.1,1.5,0.223,3638.0,ACB
2024-Q2,2,2024,6.5,1.4,0.239,3675.0,ACB
2024-Q1,1,2024,6.8,1.4,0.23,3540.0,ACB
2023-Q4,4,2023,5.6,1.3,0.248,3592.0,ACB
2023-Q3,3,2023,5.5,1.2,0.243,3337.0,ACB
2023-Q2,2,2023,5.7,1.3,0.252,3236.0,ACB
2023-Q1,1,2023,5.4,1.3,0.263,3254.0,ACB
2022-Q4,4,2022,5.0,1.2,0.265,3064.0,ACB
2022-Q3,3,2022,5.3,1.2,0.27,2965.0,ACB
2022-Q2,2,2022,6.4,1.4,0.254,2633.0,ACB
2022-Q1,1,2022,8.0,1.7,0.242,2329.0,ACB
2021-Q4,4,2021,9.3,2.0,0.239,2472.0,ACB
2021-Q3,3,2021,10.1,2.3,0.258,2503.0,ACB
2021-Q2,2,2021,11.4,2.7,0.272,2496.0,ACB
2021-Q1,1,2021,9.6,2.2,0.256,2221.0,ACB
2020-Q4,4,2020,7.9,1.7,0.243,2274.0,ACB
2020-Q3,3,2020,7.3,1.5,0.229,1978.0,ACB
2020-Q2,2,2020,6.2,1.2,0.225,1823.0,ACB
2020-Q1,1,2020,4.8,1.0,0.238,1826.0,ACB
2019-Q4,4,2019,6.3,1.4,0.246,2219.0,ACB
2019-Q3,3,2019,6.7,1.5,0.259,2151.0,ACB
2019-Q2,2,2019,6.6,1.6,0.264,2062.0,ACB
2019-Q1,1,2019,7.2,1.7,0.271,1983.0,ACB
2018-Q4,4,2018,7.4,1.8,0.277,1901.0,ACB
2018-Q3,3,2018,10.0,2.2,0.263,1614.0,ACB
2018-Q2,2,2018,11.0,2.2,0.217,1332.0,ACB
2018-Q1,1,2018,18.7,3.0,0.175,1030.0,ACB
2017-Q4,4,2017,17.6,2.3,0.141,783.0,ACB
2017-Q3,3,2017,16.7,2.0,0.135,686.0,ACB
2017-Q2,2,2017,15.9,1.8,0.116,607.0,ACB
2017-Q1,1,2017,16.6,1.7,0.108,552.0,ACB
2016-Q4,4,2016,13.4,1.3,0.099,490.0,ACB
2016-Q3,3,2016,14.3,1.2,0.089,433.0,ACB
2016-Q2,2,2016,15.6,1.3,0.087,415.0,ACB
2016-Q1,1,2016,15.9,1.3,0.082,392.0,ACB
2015-Q4,4,2015,17.7,1.4,0.082,381.0,ACB
2015-Q3,3,2015,18.4,1.4,0.077,358.0,ACB
2015-Q2,2,2015,19.9,1.5,0.077,351.0,ACB
2015-Q1,1,2015,15.0,1.2,0.077,363.0,ACB
2024-Q4,4,2024,39.7,4.3,0.112,2034.0,BCM
2024-Q3,3,2024,25.7,3.7,0.154,2692.0,BCM
2024-Q2,2,2024,24.5,3.5,0.149,2569.0,BCM
2024-Q1,1,2024,26.8,3.6,0.139,2384.0,BCM
2023-Q4,4,2023,26.3,3.5,0.139,2358.0,BCM
2023-Q3,3,2023,156.5,4.1,0.026,431.0,BCM
2023-Q2,2,2023,184.2,4.7,0.025,417.0,BCM
2023-Q1,1,2023,65.6,4.9,0.076,1227.0,BCM
2022-Q4,4,2022,50.6,4.8,0.099,1548.0,BCM
2022-Q3,3,2022,49.4,5.2,0.112,1769.0,BCM
2022-Q2,2,2022,39.9,3.9,0.102,1620.0,BCM
2022-Q1,1,2022,59.0,4.4,0.076,1198.0,BCM
2021-Q4,4,2021,50.9,4.1,0.081,1229.0,BCM
2021-Q3,3,2021,26.0,3.0,0.116,1702.0,BCM
2021-Q2,2,2021,24.1,3.6,0.153,2221.0,BCM
2021-Q1,1,2021,27.8,3.6,0.135,2032.0,BCM
2020-Q4,4,2020,21.4,2.7,0.133,1891.0,BCM
2020-Q3,3,2020,20.0,2.7,0.144,1971.0,BCM
2020-Q2,2,2020,13.6,1.8,0.141,1880.0,BCM
2020-Q1,1,2020,7.4,1.1,0.163,2167.0,BCM
2019-Q4,4,2019,12.0,2.2,0.199,2444.0,BCM
2019-Q3,3,2019,12.4,2.4,0.201,2450.0,BCM
2019-Q2,2,2019,10.2,1.9,0.198,2357.0,BCM
2024-Q4,4,2024,11.3,1.9,0.192,3511.0,BID
2024-Q3,3,2024,12.3,2.1,0.189,3333.0,BID
2024-Q2,2,2024,11.0,1.9,0.191,3252.0,BID
2024-Q1,1,2024,13.8,2.3,0.191,3118.0,BID
2023-Q4,4,2023,11.7,2.0,0.198,3069.0,BID
2023-Q3,3,2023,11.7,1.9,0.186,2785.0,BID
2023-Q2,2,2023,11.0,2.0,0.202,2884.0,BID
2023-Q1,1,2023,11.9,2.2,0.209,2846.0,BID
2022-Q4,4,2022,10.8,1.9,0.198,2622.0,BID
2022-Q3,3,2022,10.6,1.7,0.181,2352.0,BID
2022-Q2,2,2022,13.0,1.8,0.151,1883.0,BID
2022-Q1,1,2022,19.1,2.4,0.139,1666.0,BID
2021-Q4,4,2021,17.8,2.2,0.132,1854.0,BID
2021-Q3,3,2021,17.8,2.1,0.124,1752.0,BID
2021-Q2,2,2021,21.2,2.5,0.127,1763.0,BID
2021-Q1,1,2021,23.1,2.4,0.108,1469.0,BID
2020-Q4,4,2020,26.9,2.4,0.094,1410.0,BID
2020-Q3,3,2020,18.9,2.0,0.126,1678.0,BID
2020-Q2,2,2020,18.2,1.9,0.125,1620.0,BID
2020-Q1,1,2020,15.3,1.5,0.122,1566.0,BID
2019-Q4,4,2019,43.2,4.7,0.134,1677.0,BID
2019-Q3,3,2019,42.0,5.1,0.135,1425.0,BID
2019-Q2,2,2019,34.0,4.2,0.137,1413.0,BID
2019-Q1,1,2019,37.4,4.9,0.145,1452.0,BID
2018-Q4,4,2018,17.9,2.4,0.151,1829.0,BID
2018-Q3,3,2018,16.2,2.5,0.177,2069.0,BID
2018-Q2,2,2018,12.3,1.9,0.17,2008.0,BID
2018-Q1,1,2018,23.5,3.3,0.153,1754.0,BID
2017-Q4,4,2017,14.1,2.0,0.156,1716.0,BID
2017-Q3,3,2017,13.0,1.6,0.13,1431.0,BID
2017-Q2,2,2017,12.2,1.6,0.141,1546.0,BID
2017-Q1,1,2017,10.3,1.4,0.146,1572.0,BID
2016-Q4,4,2016,8.5,1.2,0.147,1531.0,BID
2016-Q3,3,2016,9.3,1.3,0.153,1600.0,BID
2016-Q2,2,2016,9.5,1.4,0.166,1611.0,BID
2016-Q1,1,2016,9.6,1.3,0.158,1517.0,BID
2015-Q4,4,2015,11.5,1.8,0.17,1565.0,BID
2015-Q3,3,2015,14.1,2.1,0.165,1474.0,BID
2015-Q2,2,2015,13.5,2.1,0.161,1366.0,BID
2015-Q1,1,2015,10.6,1.6,0.154,1311.0,BID
2024-Q4,4,2024,19.0,1.8,0.095,2810.0,BVH
2024-Q3,3,2024,16.3,1.4,0.086,2571.0,BVH
2024-Q2,2,2024,18.5,1.5,0.083,2432.0,BVH
2024-Q1,1,2024,17.4,1.4,0.083,2398.0,BVH
2023-Q4,4,2023,16.6,1.3,0.083,2320.0,BVH
2023-Q3,3,2023,17.5,1.4,0.078,2297.0,BVH
2023-Q2,2,2023,18.9,1.5,0.077,2231.0,BVH
2023-Q1,1,2023,21.6,1.6,0.075,2136.0,BVH
2022-Q4,4,2022,21.6,1.6,0.074,2059.0,BVH
2022-Q3,3,2022,20.8,1.6,0.079,2305.0,BVH
2022-Q2,2,2022,19.6,1.6,0.083,2391.0,BVH
2022-Q1,1,2022,21.7,1.9,0.089,2537.0,BVH
2021-Q4,4,2021,20.2,1.8,0.091,2535.0,BVH
2021-Q3,3,2021,23.6,2.0,0.087,2443.0,BVH
2021-Q2,2,2021,23.4,2.0,0.09,2460.0,BVH
2021-Q1,1,2021,23.0,2.1,0.095,2551.0,BVH
2020-Q4,4,2020,31.1,2.4,0.079,2090.0,BVH
2020-Q3,3,2020,29.7,1.7,0.066,1596.0,BVH
2020-Q2,2,2020,30.7,1.7,0.061,1439.0,BVH
2020-Q1,1,2020,33.2,1.4,0.047,1083.0,BVH
2019-Q4,4,2019,45.8,2.6,0.064,1454.0,BVH
2019-Q3,3,2019,43.6,3.4,0.081,1644.0,BVH
2019-Q2,2,2019,60.2,3.7,0.063,1287.0,BVH
2019-Q1,1,2019,64.9,4.5,0.071,1403.0,BVH
2018-Q4,4,2018,59.2,4.3,0.075,1441.0,BVH
2018-Q3,3,2018,60.8,4.8,0.082,1544.0,BVH
2018-Q2,2,2018,45.9,3.8,0.085,1677.0,BVH
2018-Q1,1,2018,41.2,4.7,0.117,2172.0,BVH
2017-Q4,4,2017,29.3,3.3,0.116,2105.0,BVH
2017-Q3,3,2017,25.4,2.9,0.115,2046.0,BVH
2017-Q2,2,2017,24.0,2.8,0.124,2231.0,BVH
2017-Q1,1,2017,30.4,3.1,0.102,1810.0,BVH
2016-Q4,4,2016,29.8,3.0,0.104,1813.0,BVH
2016-Q3,3,2016,38.0,3.8,0.099,1733.0,BVH
2016-Q2,2,2016,34.3,3.2,0.096,1600.0,BVH
2016-Q1,1,2016,29.5,2.6,,1553.0,BVH
2015-Q4,4,2015,32.1,2.9,,1514.0,BVH
2015-Q3,3,2015,25.1,2.4,,1696.0,BVH
2015-Q2,2,2015,20.6,2.3,,1828.0,BVH
2015-Q1,1,2015,18.2,,,1673.0,BVH
2024-Q4,4,2024,8.8,1.5,0.185,4720.0,CTG
2024-Q3,3,2024,9.2,1.4,0.166,4035.0,CTG
2024-Q2,2,2024,8.2,1.2,0.161,3781.0,CTG
2024-Q1,1,2024,9.5,1.5,0.167,3751.0,CTG
2023-Q4,4,2023,7.3,1.1,0.171,3722.0,CTG
2023-Q3,3,2023,8.0,1.2,0.16,3376.0,CTG
2023-Q2,2,2023,8.1,1.2,0.161,3279.0,CTG
2023-Q1,1,2023,8.2,1.2,0.163,3175.0,CTG
2022-Q4,4,2022,7.7,1.2,0.169,3148.0,CTG
2022-Q3,3,2022,7.2,1.1,0.155,2899.0,CTG
2022-Q2,2,2022,8.6,1.2,0.151,2735.0,CTG
2022-Q1,1,2022,12.7,1.6,0.13,2289.0,CTG
2021-Q4,4,2021,11.6,1.7,0.159,2624.0,CTG
2021-Q3,3,2021,9.6,1.7,0.186,3077.0,CTG
2021-Q2,2,2021,13.0,2.3,0.19,3054.0,CTG
2021-Q1,1,2021,9.2,1.8,0.209,3300.0,CTG
2020-Q4,4,2020,9.2,1.5,0.169,2846.0,CTG
2020-Q3,3,2020,8.7,1.1,0.14,2284.0,CTG
2020-Q2,2,2020,6.9,1.0,0.146,2320.0,CTG
2020-Q1,1,2020,6.6,0.8,0.126,1945.0,CTG
2019-Q4,4,2019,8.1,1.0,0.131,1968.0,CTG
2019-Q3,3,2019,13.0,1.0,0.083,1242.0,CTG
2019-Q2,2,2019,13.4,1.0,0.076,1109.0,CTG
2019-Q1,1,2019,15.3,1.2,0.079,1118.0,CTG
2018-Q4,4,2018,13.4,1.1,0.081,1097.0,CTG
2018-Q3,3,2018,13.2,1.4,0.117,1599.0,CTG
2018-Q2,2,2018,11.5,1.3,0.122,1615.0,CTG
2018-Q1,1,2018,16.2,1.9,0.126,1629.0,CTG
2017-Q4,4,2017,12.0,1.4,0.118,1546.0,CTG
2017-Q3,3,2017,9.2,1.1,0.121,1543.0,CTG
2017-Q2,2,2017,9.9,1.2,0.121,1506.0,CTG
2017-Q1,1,2017,9.3,1.1,0.118,1426.0,CTG
2016-Q4,4,2016,7.6,0.8,0.114,1403.0,CTG
2016-Q3,3,2016,8.9,0.9,0.11,1338.0,CTG
2016-Q2,2,2016,9.4,1.0,0.107,1264.0,CTG
2016-Q1,1,2016,8.7,1.0,0.112,1325.0,CTG
2015-Q4,4,2015,11.1,1.1,0.103,1185.0,CTG
2015-Q3,3,2015,11.3,1.2,0.107,1226.0,CTG
2015-Q2,2,2015,11.4,1.2,0.106,1190.0,CTG
2015-Q1,1,2015,9.6,1.0,0.104,1211.0,CTG
2024-Q4,4,2024,23.3,6.2,0.287,5340.0,FPT
2024-Q3,3,2024,26.2,6.6,0.281,5091.0,FPT
2024-Q2,2,2024,26.7,6.9,0.277,4854.0,FPT
2024-Q1,1,2024,21.7,5.5,0.274,4605.0,FPT
2023-Q4,4,2023,18.7,4.9,0.281,4398.0,FPT
2023-Q3,3,2023,19.2,5.0,0.28,4142.0,FPT
2023-Q2,2,2023,15.9,3.8,0.266,3948.0,FPT
2023-Q1,1,2023,15.3,3.8,0.266,3772.0,FPT
2022-Q4,4,2022,15.6,3.9,0.272,3599.0,FPT
2022-Q3,3,2022,16.5,4.3,0.284,3565.0,FPT
2022-Q2,2,2022,18.6,4.7,0.271,3341.0,FPT
2022-Q1,1,2022,20.1,4.9,0.26,3171.0,FPT
2021-Q4,4,2021,18.9,4.6,0.257,3411.0,FPT
2021-Q3,3,2021,24.0,5.7,0.251,3160.0,FPT
2021-Q2,2,2021,23.6,5.4,0.241,3006.0,FPT
2021-Q1,1,2021,18.6,4.1,0.236,2910.0,FPT
2020-Q4,4,2020,12.7,2.9,0.238,3224.0,FPT
2020-Q3,3,2020,11.5,2.5,0.231,3019.0,FPT
2020-Q2,2,2020,10.2,2.3,0.236,3047.0,FPT
2020-Q1,1,2020,8.0,1.8,0.234,2968.0,FPT
2019-Q4,4,2019,12.0,2.7,0.237,3455.0,FPT
2019-Q3,3,2019,11.8,2.7,0.249,3487.0,FPT
2019-Q2,2,2019,9.8,2.2,0.234,3228.0,FPT
2019-Q1,1,2019,9.4,2.0,0.218,3010.0,FPT
2018-Q4,4,2018,9.1,1.9,0.219,2881.0,FPT
2018-Q3,3,2018,8.0,2.2,0.289,3579.0,FPT
2018-Q2,2,2018,7.4,1.9,0.285,3422.0,FPT
2018-Q1,1,2018,9.4,2.4,0.276,3331.0,FPT
2017-Q4,4,2017,9.1,2.3,0.279,3225.0,FPT
2017-Q3,3,2017,10.5,2.1,0.22,2389.0,FPT
2017-Q2,2,2017,10.4,2.1,0.215,2262.0,FPT
2017-Q1,1,2017,9.0,1.9,0.218,2267.0,FPT
2016-Q4,4,2016,8.6,1.8,0.22,2193.0,FPT
2016-Q3,3,2016,9.1,2.0,0.228,2194.0,FPT
2016-Q2,2,2016,8.3,1.8,0.218,2108.0,FPT
2016-Q1,1,2016,8.2,1.7,0.214,2042.0,FPT
2015-Q4,4,2015,8.1,1.8,0.234,2129.0,FPT
2015-Q3,3,2015,8.4,1.7,0.214,1896.0,FPT
2015-Q2,2,2015,8.6,1.7,0.214,1896.0,FPT
2015-Q1,1,2015,7.7,1.9,0.212,1864.0,FPT
2024-Q4,4,2024,15.5,2.7,0.167,4438.0,GAS
2024-Q3,3,2024,15.5,2.9,0.185,4728.0,GAS
2024-Q2,2,2024,14.9,2.3,0.161,4666.0,GAS
2024-Q1,1,2024,15.9,2.6,0.166,4596.0,GAS
2023-Q4,4,2023,13.9,2.5,0.187,4954.0,GAS
2023-Q3,3,2023,15.9,3.1,0.205,5179.0,GAS
2023-Q2,2,2023,12.5,2.4,0.204,5457.0,GAS
2023-Q1,1,2023,11.9,2.8,0.25,6281.0,GAS
2022-Q4,4,2022,11.8,2.9,0.267,6315.0,GAS
2022-Q3,3,2022,14.0,3.3,0.255,5766.0,GAS
2022-Q2,2,2022,14.9,3.2,0.243,5505.0,GAS
2022-Q1,1,2022,17.9,3.3,0.192,4299.0,GAS
2021-Q4,4,2021,19.9,3.4,0.174,3776.0,GAS
2021-Q3,3,2021,25.8,4.4,0.175,3653.0,GAS
2021-Q2,2,2021,26.0,4.4,0.161,3482.0,GAS
2021-Q1,1,2021,25.9,3.9,0.148,3269.0,GAS
2020-Q4,4,2020,20.0,3.2,0.161,4081.0,GAS
2020-Q3,3,2020,14.1,2.8,0.198,4773.0,GAS
2020-Q2,2,2020,11.9,2.3,0.206,5223.0,GAS
2020-Q1,1,2020,8.4,1.9,0.237,5874.0,GAS
2019-Q4,4,2019,13.9,3.4,0.253,6238.0,GAS
2019-Q3,3,2019,15.5,4.1,0.276,6351.0,GAS
2019-Q2,2,2019,13.5,3.8,0.284,6516.0,GAS
2019-Q1,1,2019,13.6,3.8,0.284,6543.0,GAS
2018-Q4,4,2018,12.1,3.2,0.278,6323.0,GAS
2018-Q3,3,2018,15.6,4.6,0.305,6556.0,GAS
2018-Q2,2,2018,13.1,3.4,0.271,5877.0,GAS
2018-Q1,1,2018,21.3,4.9,0.236,5229.0,GAS
2017-Q4,4,2017,16.5,3.8,0.238,5003.0,GAS
2017-Q3,3,2017,12.4,2.8,0.224,4689.0,GAS
2017-Q2,2,2017,11.5,2.3,0.203,4199.0,GAS
2017-Q1,1,2017,10.7,2.1,0.191,4113.0,GAS
2016-Q4,4,2016,13.3,2.4,0.175,3663.0,GAS
2016-Q3,3,2016,20.9,2.6,0.121,2606.0,GAS
2016-Q2,2,2016,14.5,2.3,0.16,3313.0,GAS
2016-Q1,1,2016,8.3,1.4,0.181,3795.0,GAS
2015-Q4,4,2015,6.0,1.2,0.222,4458.0,GAS
2015-Q3,3,2015,5.1,1.5,0.317,6412.0,GAS
2015-Q2,2,2015,6.6,2.1,0.344,6742.0,GAS
2015-Q1,1,2015,6.6,2.4,0.366,7078.0,GAS
2024-Q4,4,2024,33.0,2.6,0.082,1053.0,GVR
2024-Q3,3,2024,41.6,2.7,0.066,851.0,GVR
2024-Q2,2,2024,48.9,2.6,0.055,693.0,GVR
2024-Q1,1,2024,52.3,2.6,0.05,627.0,GVR
2023-Q4,4,2023,32.5,1.7,0.052,646.0,GVR
2023-Q3,3,2023,32.6,1.5,0.046,583.0,GVR
2023-Q2,2,2023,26.5,1.5,0.058,713.0,GVR
2023-Q1,1,2023,18.2,1.2,0.067,828.0,GVR
2022-Q4,4,2022,14.1,1.1,0.079,954.0,GVR
2022-Q3,3,2022,18.2,1.6,0.087,1086.0,GVR
2022-Q2,2,2022,18.0,1.7,0.097,1187.0,GVR
2022-Q1,1,2022,28.7,2.6,0.092,1123.0,GVR
2021-Q4,4,2021,33.2,3.0,0.089,1063.0,GVR
2021-Q3,3,2021,25.8,2.9,0.117,1371.0,GVR
2021-Q2,2,2021,26.4,2.8,0.11,1307.0,GVR
2021-Q1,1,2021,22.5,2.3,0.103,1217.0,GVR
2020-Q4,4,2020,27.6,2.5,0.091,1069.0,GVR
2020-Q3,3,2020,15.8,1.1,0.068,768.0,GVR
2020-Q2,2,2020,13.4,0.9,0.067,767.0,GVR
2020-Q1,1,2020,9.4,0.7,0.072,833.0,GVR
2019-Q4,4,2019,11.9,0.9,0.072,829.0,GVR
2019-Q3,3,2019,15.4,1.1,0.074,829.0,GVR
2024-Q4,4,2024,6.3,1.4,0.258,3651.0,HDB
2024-Q3,3,2024,6.3,1.5,0.281,3717.0,HDB
2024-Q2,2,2024,5.3,1.2,0.27,3447.0,HDB
2024-Q1,1,2024,6.1,1.4,0.256,3173.0,HDB
2023-Q4,4,2023,5.6,1.2,0.247,2881.0,HDB
2023-Q3,3,2023,5.7,1.1,0.222,2421.0,HDB
2023-Q2,2,2023,5.7,1.1,0.223,2288.0,HDB
2023-Q1,1,2023,5.6,1.1,0.226,2265.0,HDB
2022-Q4,4,2022,4.7,0.9,0.235,2217.0,HDB
2022-Q3,3,2022,5.9,1.2,0.24,2151.0,HDB
2022-Q2,2,2022,6.4,1.3,0.234,1984.0,HDB
2022-Q1,1,2022,8.2,1.6,0.231,1833.0,HDB
2021-Q4,4,2021,9.7,1.9,0.233,2092.0,HDB
2021-Q3,3,2021,13.1,2.5,0.226,1937.0,HDB
2021-Q2,2,2021,15.6,3.0,0.224,1820.0,HDB
2021-Q1,1,2021,12.4,2.3,0.223,1702.0,HDB
2020-Q4,4,2020,11.2,1.9,0.202,1689.0,HDB
2020-Q3,3,2020,8.9,1.6,0.215,1714.0,HDB
2020-Q2,2,2020,7.3,1.3,0.216,1637.0,HDB
2020-Q1,1,2020,5.9,1.0,0.205,1468.0,HDB
2019-Q4,4,2019,7.4,1.3,0.208,1809.0,HDB
2019-Q3,3,2019,8.2,1.4,0.198,1638.0,HDB
2019-Q2,2,2019,9.1,1.4,0.186,1471.0,HDB
2019-Q1,1,2019,10.0,1.6,0.184,1447.0,HDB
2018-Q4,4,2018,10.3,1.7,0.191,1426.0,HDB
2018-Q3,3,2018,15.6,2.4,0.189,1210.0,HDB
2018-Q2,2,2018,13.3,2.3,0.216,1316.0,HDB
2018-Q1,1,2018,19.1,2.7,0.183,1122.0,HDB
2017-Q4,4,2017,,,0.149,876.0,HDB
2017-Q3,3,2017,,,0.177,878.0,HDB
2017-Q2,2,2017,,,0.111,520.0,HDB
2014-Q1,1,2014,,,0.026,92.0,HDB
2024-Q4,4,2024,14.5,1.5,0.111,1879.0,HPG
2024-Q3,3,2024,13.8,1.5,0.115,1905.0,HPG
2024-Q2,2,2024,16.2,1.7,0.108,1745.0,HPG
2024-Q1,1,2024,18.9,1.7,0.092,1455.0,HPG
2023-Q4,4,2023,23.8,1.6,0.069,1068.0,HPG
2023-Q3,3,2023,81.7,1.5,0.019,292.0,HPG
2023-Q2,2,2023,-79.7,1.6,-0.019,-298.0,HPG
2023-Q1,1,2023,182.1,1.3,0.007,103.0,HPG
2022-Q4,4,2022,12.3,1.1,0.091,1326.0,HPG
2022-Q3,3,2022,6.9,1.3,0.197,2798.0,HPG
2022-Q2,2,2022,4.3,1.3,0.346,4694.0,HPG
2022-Q1,1,2022,5.6,2.0,0.433,5584.0,HPG
2021-Q4,4,2021,5.9,2.3,0.461,5929.0,HPG
2021-Q3,3,2021,7.3,2.8,0.456,5449.0,HPG
2021-Q2,2,2021,9.0,3.1,0.398,4318.0,HPG
2021-Q1,1,2021,8.4,2.3,0.313,3118.0,HPG
2020-Q4,4,2020,10.0,2.3,0.252,2311.0,HPG
2020-Q3,3,2020,8.0,1.6,0.213,1843.0,HPG
2020-Q2,2,2020,8.2,1.4,0.18,1496.0,HPG
2020-Q1,1,2020,5.6,0.9,0.174,1374.0,HPG
2019-Q4,4,2019,8.4,1.3,0.17,1678.0,HPG
2019-Q3,3,2019,8.0,1.3,0.174,1644.0,HPG
2019-Q2,2,2019,7.9,1.4,0.199,1789.0,HPG
2019-Q1,1,2019,8.2,1.6,0.214,1824.0,HPG
2018-Q4,4,2018,7.5,1.6,0.236,1916.0,HPG
2018-Q3,3,2018,9.5,2.3,0.267,2057.0,HPG
2018-Q2,2,2018,8.9,2.2,0.301,1999.0,HPG
2018-Q1,1,2018,10.8,2.6,0.298,1851.0,HPG
2017-Q4,4,2017,8.6,2.1,0.308,1790.0,HPG
2017-Q3,3,2017,7.6,1.9,0.315,1690.0,HPG
2017-Q2,2,2017,6.7,2.1,0.349,1570.0,HPG
2017-Q1,1,2017,5.6,2.0,0.409,1679.0,HPG
2016-Q4,4,2016,6.0,2.0,0.386,1475.0,HPG
2016-Q3,3,2016,8.1,2.3,0.326,1166.0,HPG
2016-Q2,2,2016,6.6,1.8,0.304,1038.0,HPG
2016-Q1,1,2016,5.9,1.5,0.278,862.0,HPG
2015-Q4,4,2015,6.5,1.6,0.265,779.0,HPG
2015-Q3,3,2015,7.0,1.7,0.266,758.0,HPG
2015-Q2,2,2015,7.0,1.7,0.271,719.0,HPG
2015-Q1,1,2015,7.6,1.8,0.258,653.0,HPG
2024-Q4,4,2024,11.0,2.5,0.251,3254.0,LPB
2024-Q3,3,2024,8.4,2.0,0.288,3240.0,LPB
2024-Q2,2,2024,8.6,1.9,0.261,2792.0,LPB
2024-Q1,1,2024,6.8,1.2,0.215,2218.0,LPB
2023-Q4,4,2023,7.2,1.2,0.192,1865.0,LPB
2023-Q3,3,2023,9.8,1.3,0.145,1209.0,LPB
2023-Q2,2,2023,8.3,1.2,0.159,1207.0,LPB
2023-Q1,1,2023,7.1,1.2,0.199,1450.0,LPB
2022-Q4,4,2022,5.8,1.1,0.221,1509.0,LPB
2022-Q3,3,2022,5.0,1.0,0.227,1502.0,LPB
2022-Q2,2,2022,5.5,1.1,0.233,1376.0,LPB
2022-Q1,1,2022,9.9,1.9,0.205,1144.0,LPB
2021-Q4,4,2021,12.1,2.1,0.185,1123.0,LPB
2021-Q3,3,2021,18.6,3.1,0.18,1053.0,LPB
2021-Q2,2,2021,23.1,4.0,0.186,1045.0,LPB
2021-Q1,1,2021,15.9,2.4,0.16,880.0,LPB
2020-Q4,4,2020,9.3,1.2,0.139,1076.0,LPB
2020-Q3,3,2020,8.5,1.0,0.129,974.0,LPB
2020-Q2,2,2020,6.9,0.8,0.12,872.0,LPB
2020-Q1,1,2020,4.3,0.5,0.136,969.0,LPB
2019-Q4,4,2019,4.4,0.6,0.14,1329.0,LPB
2019-Q3,3,2019,4.7,0.5,0.129,1200.0,LPB
2019-Q2,2,2019,5.2,0.6,0.121,1089.0,LPB
2019-Q1,1,2019,8.8,0.7,0.086,759.0,LPB
2018-Q4,4,2018,9.1,0.8,0.094,765.0,LPB
2018-Q3,3,2018,8.5,0.9,0.107,855.0,LPB
2018-Q2,2,2018,8.1,1.0,0.127,971.0,LPB
2018-Q1,1,2018,8.8,1.3,0.159,1192.0,LPB
2017-Q4,4,2017,10.2,1.1,0.115,845.0,LPB
2017-Q3,3,2017,,,0.091,644.0,LPB
2017-Q2,2,2017,,,0.043,295.0,LPB
2017-Q1,1,2017,,,,,LPB
2016-Q4,4,2016,,,,,LPB
2016-Q3,3,2016,,,,,LPB
2016-Q2,2,2016,,,,,LPB
2016-Q1,1,2016,,,,,LPB
2015-Q4,4,2015,,,,,LPB
2015-Q3,3,2015,,,,,LPB
2024-Q4,4,2024,6.4,1.2,0.221,3709.0,MBB
2024-Q3,3,2024,6.4,1.2,0.22,3496.0,MBB
2024-Q2,2,2024,5.5,1.1,0.234,3493.0,MBB
2024-Q1,1,2024,6.5,1.3,0.227,3307.0,MBB
2023-Q4,4,2023,4.7,1.0,0.245,3388.0,MBB
2023-Q3,3,2023,5.0,1.0,0.239,3134.0,MBB
2023-Q2,2,2023,5.0,1.1,0.243,2987.0,MBB
2023-Q1,1,2023,4.5,0.9,0.248,2943.0,MBB
2022-Q4,4,2022,4.3,0.9,0.258,3294.0,MBB
2022-Q3,3,2022,5.0,1.2,0.273,3312.0,MBB
2022-Q2,2,2022,5.6,1.3,0.26,2962.0,MBB
2022-Q1,1,2022,8.8,1.8,0.237,2580.0,MBB
2021-Q4,4,2021,9.9,2.0,0.236,2435.0,MBB
2021-Q3,3,2021,10.9,2.1,0.217,2129.0,MBB
2021-Q2,2,2021,13.4,2.5,0.215,2001.0,MBB
2021-Q1,1,2021,9.0,1.7,0.216,1937.0,MBB
2020-Q4,4,2020,7.8,1.3,0.192,1822.0,MBB
2020-Q3,3,2020,5.9,1.0,0.2,1808.0,MBB
2020-Q2,2,2020,5.0,0.9,0.207,1768.0,MBB
2020-Q1,1,2020,4.3,0.7,0.201,1692.0,MBB
2019-Q4,4,2019,6.5,1.3,0.221,2070.0,MBB
2019-Q3,3,2019,7.6,1.5,0.218,1943.0,MBB
2019-Q2,2,2019,6.8,1.3,0.218,1833.0,MBB
2019-Q1,1,2019,7.6,1.4,0.202,1709.0,MBB
2018-Q4,4,2018,6.9,1.2,0.202,1627.0,MBB
2018-Q3,3,2018,10.0,1.5,0.173,1338.0,MBB
2018-Q2,2,2018,10.8,1.5,0.161,1188.0,MBB
2018-Q1,1,2018,15.5,2.1,0.151,1089.0,MBB
2017-Q4,4,2017,13.3,1.5,0.129,915.0,MBB
2017-Q3,3,2017,10.5,1.4,0.144,991.0,MBB
2017-Q2,2,2017,11.6,1.4,0.132,875.0,MBB
2017-Q1,1,2017,8.7,1.0,0.125,802.0,MBB
2016-Q4,4,2016,8.1,0.9,0.119,753.0,MBB
2016-Q3,3,2016,8.6,0.9,0.116,717.0,MBB
2016-Q2,2,2016,9.2,1.0,0.122,676.0,MBB
2016-Q1,1,2016,8.7,1.0,0.127,681.0,MBB
2015-Q4,4,2015,9.2,1.0,0.127,659.0,MBB
2015-Q3,3,2015,9.1,1.1,0.132,681.0,MBB
2015-Q2,2,2015,8.6,1.3,0.152,685.0,MBB
2015-Q1,1,2015,8.2,1.2,0.15,653.0,MBB
2024-Q4,4,2024,49.3,3.3,0.07,1389.0,MSN
2024-Q3,3,2024,80.2,3.7,0.048,944.0,MSN
2024-Q2,2,2024,152.3,3.2,0.023,490.0,MSN
2024-Q1,1,2024,346.4,4.0,0.012,214.0,MSN
2023-Q4,4,2023,230.2,3.6,0.016,291.0,MSN
2023-Q3,3,2023,134.6,4.1,0.031,567.0,MSN
2023-Q2,2,2023,82.5,4.1,0.047,911.0,MSN
2023-Q1,1,2023,51.2,4.2,0.081,1519.0,MSN
2022-Q4,4,2022,37.5,5.1,0.121,2479.0,MSN
2022-Q3,3,2022,14.9,5.6,0.405,6644.0,MSN
2022-Q2,2,2022,15.7,5.5,0.402,7064.0,MSN
2022-Q1,1,2022,17.0,6.2,0.457,6932.0,MSN
2021-Q4,4,2021,23.6,6.2,0.351,5984.0,MSN
2021-Q3,3,2021,70.5,7.8,0.114,1671.0,MSN
2021-Q2,2,2021,62.3,6.1,0.094,1464.0,MSN
2021-Q1,1,2021,72.3,6.7,0.051,1047.0,MSN
2020-Q4,4,2020,84.0,6.5,0.042,866.0,MSN
2020-Q3,3,2020,26.0,3.1,0.089,1697.0,MSN
2020-Q2,2,2020,16.4,2.7,0.139,2664.0,MSN
2020-Q1,1,2020,12.2,1.3,0.127,3240.0,MSN
2019-Q4,4,2019,11.8,1.5,0.154,4707.0,MSN
2019-Q3,3,2019,17.3,2.7,0.205,4444.0,MSN
2019-Q2,2,2019,25.5,3.1,0.156,3191.0,MSN
2019-Q1,1,2019,19.6,3.2,0.22,4206.0,MSN
2018-Q4,4,2018,18.2,3.0,0.222,4164.0,MSN
2018-Q3,3,2018,18.9,6.1,0.309,4801.0,MSN
2018-Q2,2,2018,16.1,5.4,0.322,4810.0,MSN
2018-Q1,1,2018,35.7,8.8,0.243,3118.0,MSN
2017-Q4,4,2017,28.6,6.0,0.206,2628.0,MSN
2017-Q3,3,2017,29.6,3.3,0.124,1826.0,MSN
2017-Q2,2,2017,22.0,2.7,0.13,1873.0,MSN
2017-Q1,1,2017,19.6,3.5,0.181,2350.0,MSN
2016-Q4,4,2016,17.1,3.1,0.175,2364.0,MSN
2016-Q3,3,2016,18.9,3.3,0.174,2322.0,MSN
2016-Q2,2,2016,22.8,3.1,0.138,1820.0,MSN
2016-Q1,1,2016,30.5,3.5,0.115,1463.0,MSN
2015-Q4,4,2015,38.6,3.4,0.093,1252.0,MSN
2015-Q3,3,2015,27.6,3.5,0.131,1668.0,MSN
2015-Q2,2,2015,33.5,3.9,0.12,1505.0,MSN
2015-Q1,1,2015,47.6,7.0,0.08,1008.0,MSN
2024-Q4,4,2024,23.4,3.1,0.146,2546.0,MWG
2024-Q3,3,2024,33.6,3.7,0.118,2028.0,MWG
2024-Q2,2,2024,41.4,3.5,0.089,1507.0,MWG
2024-Q1,1,2024,70.6,2.9,0.043,717.0,MWG
2023-Q4,4,2023,370.1,2.7,0.007,114.0,MWG
2023-Q3,3,2023,109.5,3.3,0.03,476.0,MWG
2023-Q2,2,2023,39.8,2.7,0.069,1070.0,MWG
2023-Q1,1,2023,20.7,2.3,0.117,1831.0,MWG
2022-Q4,4,2022,15.0,2.6,0.185,2805.0,MWG
2022-Q3,3,2022,18.2,3.9,0.24,3450.0,MWG
2022-Q2,2,2022,20.9,4.6,0.242,3368.0,MWG
2022-Q1,1,2022,20.8,4.8,0.258,3424.0,MWG
2021-Q4,4,2021,20.0,4.8,0.273,3349.0,MWG
2021-Q3,3,2021,21.7,4.9,0.252,2925.0,MWG
2021-Q2,2,2021,16.5,4.0,0.273,3038.0,MWG
2021-Q1,1,2021,15.2,3.7,0.272,2820.0,MWG
2020-Q4,4,2020,14.7,3.7,0.284,2677.0,MWG
2020-Q3,3,2020,13.0,3.3,0.29,2621.0,MWG
2020-Q2,2,2020,10.3,2.7,0.303,2555.0,MWG
2020-Q1,1,2020,7.1,2.1,0.336,2682.0,MWG
2019-Q4,4,2019,13.9,4.4,0.363,5378.0,MWG
2019-Q3,3,2019,16.1,5.2,0.377,5143.0,MWG
2019-Q2,2,2019,12.5,4.2,0.386,4852.0,MWG
2019-Q1,1,2019,12.5,3.9,0.36,4365.0,MWG
2018-Q4,4,2018,13.9,4.5,0.387,4038.0,MWG
2018-Q3,3,2018,15.9,5.4,0.412,3869.0,MWG
2018-Q2,2,2018,14.7,5.2,0.439,3753.0,MWG
2018-Q1,1,2018,15.6,5.3,0.421,3443.0,MWG
2017-Q4,4,2017,20.2,7.5,0.453,3093.0,MWG
2017-Q3,3,2017,19.9,7.5,0.456,2790.0,MWG
2017-Q2,2,2017,19.3,7.5,0.466,2541.0,MWG
2017-Q1,1,2017,16.5,6.4,0.471,2409.0,MWG
2016-Q4,4,2016,16.7,6.8,0.499,2212.0,MWG
2016-Q3,3,2016,15.1,6.7,0.552,2179.0,MWG
2016-Q2,2,2016,14.3,6.7,0.579,2038.0,MWG
2016-Q1,1,2016,9.9,4.3,0.546,1764.0,MWG
2015-Q4,4,2015,12.1,5.2,0.542,1503.0,MWG
2015-Q3,3,2015,10.9,4.7,0.537,1296.0,MWG
2015-Q2,2,2015,14.9,6.3,0.533,1139.0,MWG
2024-Q4,4,2024,18.2,2.0,0.111,2274.0,PLX
2024-Q3,3,2024,18.9,2.2,0.118,2349.0,PLX
2024-Q2,2,2024,14.2,2.0,0.146,2878.0,PLX
2024-Q1,1,2024,14.0,1.7,0.125,2569.0,PLX
2023-Q4,4,2023,15.0,1.6,0.111,2213.0,PLX
2023-Q3,3,2023,13.7,1.8,0.137,2627.0,PLX
2023-Q2,2,2023,16.6,1.8,0.112,2124.0,PLX
2023-Q1,1,2023,24.2,1.8,0.074,1463.0,PLX
2022-Q4,4,2022,25.7,1.6,0.06,1167.0,PLX
2022-Q3,3,2022,41.7,1.6,0.038,716.0,PLX
2022-Q2,2,2022,52.3,2.0,0.037,698.0,PLX
2022-Q1,1,2022,26.4,2.5,0.099,1898.0,PLX
2021-Q4,4,2021,22.8,2.6,0.122,2227.0,PLX
2021-Q3,3,2021,20.7,2.7,0.141,2493.0,PLX
2021-Q2,2,2021,17.6,2.9,0.178,3105.0,PLX
2021-Q1,1,2021,19.5,2.9,0.167,2774.0,PLX
2020-Q4,4,2020,70.0,3.2,0.044,763.0,PLX
2020-Q3,3,2020,61.8,3.1,0.048,796.0,PLX
2020-Q2,2,2020,48.6,2.7,0.056,880.0,PLX
2020-Q1,1,2020,36.5,2.4,0.06,962.0,PLX
2019-Q4,4,2019,15.0,2.8,0.198,3397.0,PLX
2019-Q3,3,2019,16.8,3.2,0.2,3281.0,PLX
2019-Q2,2,2019,17.2,3.5,0.207,3159.0,PLX
2019-Q1,1,2019,16.5,3.0,0.184,3158.0,PLX
2018-Q4,4,2018,15.9,2.9,0.181,2919.0,PLX
2018-Q3,3,2018,20.8,4.0,0.195,2993.0,PLX
2018-Q2,2,2018,17.3,3.5,0.183,2967.0,PLX
2018-Q1,1,2018,26.3,4.2,0.16,2657.0,PLX
2017-Q4,4,2017,23.0,3.9,0.172,2728.0,PLX
2017-Q3,3,2017,15.7,3.4,0.227,3348.0,PLX
2024-Q4,4,2024,15.0,2.8,0.182,3376.0,SAB
2024-Q3,3,2024,16.6,2.9,0.172,3361.0,SAB
2024-Q2,2,2024,17.0,3.0,0.176,3303.0,SAB
2024-Q1,1,2024,16.4,2.7,0.168,3233.0,SAB
2023-Q4,4,2023,17.9,3.0,0.174,3210.0,SAB
2023-Q3,3,2023,20.1,3.4,0.17,3285.0,SAB
2023-Q2,2,2023,19.9,3.7,0.191,3517.0,SAB
2023-Q1,1,2023,21.3,4.4,0.221,3914.0,SAB
2022-Q4,4,2022,18.4,4.2,0.236,4072.0,SAB
2022-Q3,3,2022,19.1,4.3,0.241,4283.0,SAB
2022-Q2,2,2022,19.1,3.8,0.21,3583.0,SAB
2022-Q1,1,2022,23.0,4.2,0.19,3061.0,SAB
2021-Q4,4,2021,25.0,4.3,0.179,2867.0,SAB
2021-Q3,3,2021,51.3,9.2,0.187,2985.0,SAB
2021-Q2,2,2021,44.4,10.2,0.243,3725.0,SAB
2021-Q1,1,2021,45.7,11.4,0.267,3854.0,SAB
2020-Q4,4,2020,25.7,6.1,0.244,7365.0,SAB
2020-Q3,3,2020,26.5,5.7,0.226,6652.0,SAB
2020-Q2,2,2020,22.7,5.2,0.237,6642.0,SAB
2020-Q1,1,2020,16.7,4.4,0.272,7068.0,SAB
2019-Q4,4,2019,27.9,7.5,0.299,7880.0,SAB
2019-Q3,3,2019,33.2,9.1,0.284,7653.0,SAB
2019-Q2,2,2019,37.6,9.6,0.271,7011.0,SAB
2019-Q1,1,2019,35.8,9.5,0.279,6677.0,SAB
2018-Q4,4,2018,39.4,10.9,0.291,6510.0,SAB
2018-Q3,3,2018,30.0,8.1,0.285,6991.0,SAB
2018-Q2,2,2018,29.6,8.7,0.312,7183.0,SAB
2018-Q1,1,2018,31.0,10.1,0.348,7326.0,SAB
2017-Q4,4,2017,31.6,10.9,0.377,7346.0,SAB
2017-Q3,3,2017,34.8,10.5,0.317,6966.0,SAB
2017-Q2,2,2017,27.1,9.0,0.338,7169.0,SAB
2017-Q1,1,2017,25.7,9.5,0.352,7255.0,SAB
2016-Q4,4,2016,26.4,10.4,0.367,6978.0,SAB
2016-Q3,3,2016,,,0.303,6334.0,SAB
2016-Q2,2,2016,,,0.301,6049.0,SAB
2016-Q1,1,2016,,,0.252,5309.0,SAB
2015-Q4,4,2015,,,0.27,5317.0,SAB
2015-Q3,3,2015,,,0.25,5031.0,SAB
2015-Q2,2,2015,,,0.26,4926.0,SAB
2015-Q1,1,2015,,,0.252,4770.0,SAB
2024-Q4,4,2024,5.1,0.8,0.171,2267.0,SHB
2024-Q3,3,2024,5.2,0.7,0.148,1922.0,SHB
2024-Q2,2,2024,4.9,0.7,0.157,2000.0,SHB
2024-Q1,1,2024,5.1,0.8,0.158,1918.0,SHB
2023-Q4,4,2023,5.1,0.8,0.161,1837.0,SHB
2023-Q3,3,2023,5.3,0.8,0.161,1812.0,SHB
2023-Q2,2,2023,4.7,0.8,0.181,1943.0,SHB
2023-Q1,1,2023,4.0,0.7,0.191,1969.0,SHB
2022-Q4,4,2022,3.8,0.7,0.196,2103.0,SHB
2022-Q3,3,2022,3.9,0.8,0.23,2229.0,SHB
2022-Q2,2,2022,4.9,0.9,0.213,1930.0,SHB
2022-Q1,1,2022,8.9,1.5,0.197,1701.0,SHB
2021-Q4,4,2021,11.9,1.7,0.166,1376.0,SHB
2021-Q3,3,2021,16.6,2.7,0.178,1294.0,SHB
2021-Q2,2,2021,21.3,3.2,0.16,1090.0,SHB
2021-Q1,1,2021,19.9,2.7,0.154,951.0,SHB
2020-Q4,4,2020,14.1,1.6,0.127,889.0,SHB
2020-Q3,3,2020,12.7,1.5,0.13,891.0,SHB
2020-Q2,2,2020,11.6,1.3,0.126,827.0,SHB
2020-Q1,1,2020,10.8,1.4,0.14,828.0,SHB
2019-Q4,4,2019,4.2,0.6,0.143,944.0,SHB
2019-Q3,3,2019,4.5,0.6,0.138,885.0,SHB
2019-Q2,2,2019,5.3,0.6,0.126,780.0,SHB
2019-Q1,1,2019,6.8,0.7,0.11,667.0,SHB
2018-Q4,4,2018,9.1,0.9,0.101,595.0,SHB
2018-Q3,3,2018,11.6,1.1,0.107,589.0,SHB
2018-Q2,2,2018,9.6,1.1,0.117,644.0,SHB
2018-Q1,1,2018,15.2,1.7,0.118,636.0,SHB
2017-Q4,4,2017,11.3,1.2,0.109,577.0,SHB
2017-Q3,3,2017,10.9,1.1,0.108,514.0,SHB
2017-Q2,2,2017,12.3,1.0,0.09,431.0,SHB
2017-Q1,1,2017,11.5,0.8,0.074,347.0,SHB
2016-Q4,4,2016,9.3,0.6,0.076,347.0,SHB
2016-Q3,3,2016,9.3,0.7,0.074,320.0,SHB
2016-Q2,2,2016,12.5,0.9,0.075,316.0,SHB
2016-Q1,1,2016,12.8,1.0,0.079,330.0,SHB
2015-Q4,4,2015,14.0,1.0,0.074,301.0,SHB
2015-Q3,3,2015,14.7,1.0,0.074,296.0,SHB
2015-Q2,2,2015,16.9,1.2,0.073,295.0,SHB
2015-Q1,1,2015,18.2,1.3,0.072,287.0,SHB
2024-Q4,4,2024,11.7,1.6,0.148,1692.0,SSB
2024-Q3,3,2024,10.2,1.4,0.152,1671.0,SSB
2024-Q2,2,2024,11.2,1.6,0.154,1635.0,SSB
2024-Q1,1,2024,13.8,1.8,0.137,1414.0,SSB
2023-Q4,4,2023,16.3,2.0,0.13,1292.0,SSB
2023-Q3,3,2023,18.7,2.2,0.126,1178.0,SSB
2023-Q2,2,2023,19.9,2.4,0.133,1198.0,SSB
2023-Q1,1,2023,17.0,2.4,0.155,1356.0,SSB
2022-Q4,4,2022,16.8,2.6,0.181,1429.0,SSB
2022-Q3,3,2022,16.7,2.6,0.187,1342.0,SSB
2022-Q2,2,2022,18.1,2.8,0.188,1276.0,SSB
2022-Q1,1,2022,21.3,2.9,0.168,1093.0,SSB
2024-Q4,4,2024,18.4,2.0,0.114,1445.0,SSI
2024-Q3,3,2024,18.7,2.3,0.126,1489.0,SSI
2024-Q2,2,2024,18.3,2.1,0.122,1447.0,SSI
2024-Q1,1,2024,23.1,2.5,0.109,1301.0,SSI
2023-Q4,4,2023,21.9,2.2,0.101,1168.0,SSI
2023-Q3,3,2023,24.2,2.2,0.09,1025.0,SSI
2023-Q2,2,2023,24.1,1.8,0.091,834.0,SSI
2023-Q1,1,2023,22.4,1.4,0.075,722.0,SSI
2022-Q4,4,2022,16.1,1.2,0.089,825.0,SSI
2022-Q3,3,2022,12.2,1.3,0.14,1214.0,SSI
2022-Q2,2,2022,10.1,1.9,0.214,1391.0,SSI
2022-Q1,1,2022,18.8,3.7,0.226,1518.0,SSI
2021-Q4,4,2021,25.0,4.8,0.225,1798.0,SSI
2021-Q3,3,2021,26.5,4.6,0.194,1386.0,SSI
2021-Q2,2,2021,29.3,4.5,0.165,1160.0,SSI
2021-Q1,1,2021,17.3,2.5,0.162,1115.0,SSI
2020-Q4,4,2020,23.8,3.1,0.131,844.0,SSI
2020-Q3,3,2020,14.0,1.6,0.115,737.0,SSI
2020-Q2,2,2020,12.3,1.3,0.107,686.0,SSI
2020-Q1,1,2020,12.3,0.9,0.075,463.0,SSI
2019-Q4,4,2019,11.0,1.0,0.096,895.0,SSI
2019-Q3,3,2019,13.6,1.2,0.091,882.0,SSI
2019-Q2,2,2019,13.0,1.3,0.106,994.0,SSI
2019-Q1,1,2019,12.8,1.5,0.119,1107.0,SSI
2018-Q4,4,2018,10.5,1.5,0.148,1328.0,SSI
2018-Q3,3,2018,11.5,1.8,0.158,1468.0,SSI
2018-Q2,2,2018,11.1,1.6,0.144,1303.0,SSI
2018-Q1,1,2018,15.1,2.2,0.148,1306.0,SSI
2017-Q4,4,2017,12.3,1.7,0.149,1182.0,SSI
2017-Q3,3,2017,13.2,1.4,0.112,924.0,SSI
2017-Q2,2,2017,12.6,1.5,0.134,1070.0,SSI
2017-Q1,1,2017,12.0,1.4,0.125,967.0,SSI
2016-Q4,4,2016,11.0,1.3,0.124,862.0,SSI
2016-Q3,3,2016,10.1,1.4,0.148,1029.0,SSI
2016-Q2,2,2016,11.9,1.4,0.121,810.0,SSI
2016-Q1,1,2016,10.8,1.4,0.141,905.0,SSI
2015-Q4,4,2015,12.5,1.5,,825.0,SSI
2015-Q3,3,2015,16.4,1.7,,667.0,SSI
2015-Q2,2,2015,14.4,1.7,,710.0,SSI
2015-Q1,1,2015,12.3,1.4,,694.0,SSI
2024-Q4,4,2024,7.2,1.3,0.2,5350.0,STB
2024-Q3,3,2024,7.2,1.2,0.184,4640.0,STB
2024-Q2,2,2024,6.6,1.1,0.18,4339.0,STB
2024-Q1,1,2024,7.5,1.2,0.179,4206.0,STB
2023-Q4,4,2023,6.8,1.2,0.183,4094.0,STB
2023-Q3,3,2023,8.0,1.3,0.179,3824.0,STB
2023-Q2,2,2023,8.3,1.3,0.175,3600.0,STB
2023-Q1,1,2023,8.7,1.2,0.149,3005.0,STB
2022-Q4,4,2022,8.4,1.1,0.138,2673.0,STB
2022-Q3,3,2022,9.4,1.1,0.118,2199.0,STB
2022-Q2,2,2022,11.3,1.1,0.108,1896.0,STB
2022-Q1,1,2022,15.4,1.7,0.119,2060.0,STB
2021-Q4,4,2021,17.4,1.7,0.108,1809.0,STB
2021-Q3,3,2021,14.3,1.5,0.11,1798.0,STB
2021-Q2,2,2021,16.6,1.9,0.12,1838.0,STB
2021-Q1,1,2021,15.0,1.4,0.094,1430.0,STB
2020-Q4,4,2020,11.9,1.1,0.096,1422.0,STB
2020-Q3,3,2020,10.9,0.9,0.087,1260.0,STB
2020-Q2,2,2020,8.3,0.7,0.092,1290.0,STB
2020-Q1,1,2020,5.7,0.5,0.09,1271.0,STB
2019-Q4,4,2019,7.4,0.7,0.096,1361.0,STB
2019-Q3,3,2019,6.8,0.7,0.111,1542.0,STB
2019-Q2,2,2019,9.4,0.8,0.088,1205.0,STB
2019-Q1,1,2019,9.8,0.9,0.091,1240.0,STB
2018-Q4,4,2018,12.0,0.9,0.075,992.0,STB
2018-Q3,3,2018,18.3,1.0,0.057,738.0,STB
2018-Q2,2,2018,14.1,0.9,0.064,818.0,STB
2018-Q1,1,2018,20.6,1.2,0.058,753.0,STB
2017-Q4,4,2017,19.8,1.0,0.051,650.0,STB
2017-Q3,3,2017,31.9,1.0,0.031,392.0,STB
2017-Q2,2,2017,45.2,1.1,0.025,304.0,STB
2017-Q1,1,2017,150.5,0.9,0.006,76.0,STB
2016-Q4,4,2016,192.4,0.7,0.004,49.0,STB
2016-Q3,3,2016,-45.6,0.7,-0.017,-204.0,STB
2016-Q2,2,2016,-656.9,0.9,-0.002,-17.0,STB
2016-Q1,1,2016,27.7,0.8,0.032,372.0,STB
2015-Q4,4,2015,20.6,1.0,0.056,635.0,STB
2015-Q3,3,2015,12.3,1.3,0.108,1109.0,STB
2015-Q2,2,2015,13.2,1.5,0.118,1176.0,STB
2015-Q1,1,2015,12.6,1.5,0.126,1235.0,STB
2024-Q4,4,2024,8.9,1.3,0.156,3046.0,TCB
2024-Q3,3,2024,7.6,1.2,0.168,3197.0,TCB
2024-Q2,2,2024,7.7,1.2,0.166,3038.0,TCB
2024-Q1,1,2024,8.3,1.2,0.156,2792.0,TCB
2023-Q4,4,2023,6.1,0.8,0.148,2548.0,TCB
2023-Q3,3,2023,6.7,0.9,0.146,2421.0,TCB
2023-Q2,2,2023,6.2,0.9,0.158,2518.0,TCB
2023-Q1,1,2023,5.1,0.8,0.178,2709.0,TCB
2022-Q4,4,2022,4.4,0.8,0.197,2852.0,TCB
2022-Q3,3,2022,5.3,1.0,0.216,3000.0,TCB
2022-Q2,2,2022,6.0,1.2,0.217,2864.0,TCB
2022-Q1,1,2022,8.9,1.7,0.217,2709.0,TCB
2021-Q4,4,2021,9.8,1.9,0.217,5120.0,TCB
2021-Q3,3,2021,10.0,2.0,0.221,4939.0,TCB
2021-Q2,2,2021,11.5,2.2,0.215,4587.0,TCB
2021-Q1,1,2021,10.0,1.8,0.2,4049.0,TCB
2020-Q4,4,2020,9.0,1.5,0.181,3504.0,TCB
2020-Q3,3,2020,7.0,1.1,0.177,3241.0,TCB
2020-Q2,2,2020,6.3,1.0,0.176,3086.0,TCB
2020-Q1,1,2020,5.0,0.8,0.177,2970.0,TCB
2019-Q4,4,2019,8.2,1.3,0.178,2869.0,TCB
2019-Q3,3,2019,8.8,1.4,0.172,2648.0,TCB
2019-Q2,2,2019,8.1,1.3,0.17,2507.0,TCB
2019-Q1,1,2019,10.6,1.7,0.186,2420.0,TCB
2018-Q4,4,2018,10.7,1.8,0.215,2410.0,TCB
2018-Q3,3,2018,11.7,2.1,0.254,2496.0,TCB
2018-Q2,2,2018,12.8,2.3,0.243,2395.0,TCB
2018-Q1,1,2018,,,0.255,2117.0,TCB
2017-Q4,4,2017,,,0.277,1835.0,TCB
2017-Q3,3,2017,,,0.251,1365.0,TCB
2017-Q2,2,2017,,,0.208,1170.0,TCB
2017-Q1,1,2017,,,0.201,1076.0,TCB
2016-Q4,4,2016,,,0.177,909.0,TCB
2016-Q3,3,2016,,,0.153,759.0,TCB
2016-Q2,2,2016,,,0.122,583.0,TCB
2016-Q1,1,2016,,,0.108,497.0,TCB
2015-Q4,4,2015,,,0.1,451.0,TCB
2015-Q3,3,2015,,,0.09,395.0,TCB
2015-Q2,2,2015,,,0.075,326.0,TCB
2015-Q1,1,2015,,,0.059,247.0,TCB
2024-Q4,4,2024,7.0,1.1,0.173,2298.0,TPB
2024-Q3,3,2024,9.3,1.3,0.142,1840.0,TPB
2024-Q2,2,2024,8.0,1.1,0.142,1794.0,TPB
2024-Q1,1,2024,9.1,1.2,0.133,1708.0,TPB
2023-Q4,4,2023,8.4,1.1,0.137,1689.0,TPB
2023-Q3,3,2023,7.0,1.2,0.174,2077.0,TPB
2023-Q2,2,2023,6.5,1.2,0.198,2247.0,TPB
2023-Q1,1,2023,5.4,1.0,0.209,2412.0,TPB
2022-Q4,4,2022,4.7,0.9,0.215,2369.0,TPB
2022-Q3,3,2022,5.7,1.1,0.219,2292.0,TPB
2022-Q2,2,2022,6.9,1.3,0.221,2064.0,TPB
2022-Q1,1,2022,11.2,2.0,0.22,1889.0,TPB
2021-Q4,4,2021,12.1,2.3,0.226,2193.0,TPB
2021-Q3,3,2021,14.7,2.7,0.229,2091.0,TPB
2021-Q2,2,2021,14.0,3.0,0.247,1947.0,TPB
2021-Q1,1,2021,11.8,2.5,0.241,1743.0,TPB
2020-Q4,4,2020,8.9,1.9,0.235,2218.0,TPB
2020-Q3,3,2020,6.3,1.5,0.263,2269.0,TPB
2020-Q2,2,2020,5.8,1.4,0.266,2165.0,TPB
2020-Q1,1,2020,5.1,1.2,0.256,2036.0,TPB
2019-Q4,4,2019,8.8,2.1,0.261,1956.0,TPB
2019-Q3,3,2019,11.9,2.4,0.22,1540.0,TPB
2019-Q2,2,2019,13.0,2.6,0.218,1441.0,TPB
2019-Q1,1,2019,13.9,2.4,0.212,1247.0,TPB
2018-Q4,4,2018,10.6,1.8,0.208,1539.0,TPB
2018-Q3,3,2018,12.7,1.9,0.185,1315.0,TPB
2018-Q2,2,2018,15.8,2.1,0.166,1113.0,TPB
2018-Q1,1,2018,,,0.178,998.0,TPB
2017-Q4,4,2017,,,0.141,744.0,TPB
2024-Q4,4,2024,16.4,2.8,0.184,4048.0,VCB
2024-Q3,3,2024,14.9,2.7,0.198,4143.0,VCB
2024-Q2,2,2024,14.3,2.6,0.2,3988.0,VCB
2024-Q1,1,2024,16.3,3.1,0.205,3904.0,VCB
2023-Q4,4,2023,13.6,2.7,0.216,3953.0,VCB
2023-Q3,3,2023,14.6,3.1,0.234,4021.0,VCB
2023-Q2,2,2023,14.6,3.1,0.236,3877.0,VCB
2023-Q1,1,2023,14.0,3.0,0.236,3700.0,VCB
2022-Q4,4,2022,12.7,2.7,0.24,5348.0,VCB
2022-Q3,3,2022,13.1,2.7,0.223,4742.0,VCB
2022-Q2,2,2022,14.1,2.9,0.22,4478.0,VCB
2022-Q1,1,2022,16.9,3.3,0.212,4125.0,VCB
2021-Q4,4,2021,17.0,3.4,0.209,3919.0,VCB
2021-Q3,3,2021,19.9,3.8,0.208,3779.0,VCB
2021-Q2,2,2021,24.5,4.8,0.211,3671.0,VCB
2021-Q1,1,2021,19.4,4.1,0.228,3787.0,VCB
2020-Q4,4,2020,19.4,3.6,0.2,3897.0,VCB
2020-Q3,3,2020,17.8,3.3,0.197,3629.0,VCB
2020-Q2,2,2020,16.0,3.3,0.22,3852.0,VCB
2020-Q1,1,2020,12.5,2.6,0.228,3800.0,VCB
2019-Q4,4,2019,22.9,4.9,0.248,3912.0,VCB
2019-Q3,3,2019,19.7,4.7,0.272,4097.0,VCB
2019-Q2,2,2019,19.0,4.3,0.256,3651.0,VCB
2019-Q1,1,2019,19.8,4.3,0.246,3348.0,VCB
2018-Q4,4,2018,13.3,3.1,0.249,3947.0,VCB
2018-Q3,3,2018,18.8,3.7,0.209,3258.0,VCB
2018-Q2,2,2018,18.5,3.6,0.205,3045.0,VCB
2018-Q1,1,2018,24.4,4.5,0.196,2800.0,VCB
2017-Q4,4,2017,21.5,3.6,0.176,2450.0,VCB
2017-Q3,3,2017,16.6,2.5,0.16,2193.0,VCB
2017-Q2,2,2017,17.8,2.6,0.152,2056.0,VCB
2017-Q1,1,2017,18.1,2.6,0.148,1939.0,VCB
2016-Q4,4,2016,18.3,2.5,0.144,1840.0,VCB
2016-Q3,3,2016,20.0,2.8,0.148,1819.0,VCB
2016-Q2,2,2016,19.3,2.5,0.134,1693.0,VCB
2016-Q1,1,2016,17.4,2.2,0.132,1622.0,VCB
2015-Q4,4,2015,21.1,2.4,0.118,1432.0,VCB
2015-Q3,3,2015,22.2,2.5,0.113,1333.0,VCB
2015-Q2,2,2015,25.9,2.7,0.107,1297.0,VCB
2015-Q1,1,2015,19.3,2.0,0.103,1226.0,VCB
2024-Q4,4,2024,6.2,1.0,0.164,7590.0,VHM
2024-Q3,3,2024,8.6,0.9,0.108,4983.0,VHM
2024-Q2,2,2024,6.6,0.8,0.13,5671.0,VHM
2024-Q1,1,2024,8.0,1.0,0.13,5378.0,VHM
2023-Q4,4,2023,5.4,1.0,0.205,8064.0,VHM
2023-Q3,3,2023,4.5,1.1,0.263,10037.0,VHM
2023-Q2,2,2023,5.0,1.4,0.313,10962.0,VHM
2023-Q1,1,2023,5.9,1.3,0.251,8765.0,VHM
2022-Q4,4,2022,6.9,1.4,0.21,6969.0,VHM
2022-Q3,3,2022,6.6,1.5,0.253,7701.0,VHM
2022-Q2,2,2022,9.0,2.1,0.261,6891.0,VHM
2022-Q1,1,2022,7.9,2.3,0.347,9298.0,VHM
2021-Q4,4,2021,8.9,2.7,0.364,8967.0,VHM
2021-Q3,3,2021,8.6,2.9,0.409,8868.0,VHM
2021-Q2,2,2021,11.3,4.0,0.408,7695.0,VHM
2021-Q1,1,2021,11.8,3.4,0.343,6060.0,VHM
2020-Q4,4,2020,10.3,3.3,0.393,6393.0,VHM
2020-Q3,3,2020,10.9,3.2,0.347,5125.0,VHM
2020-Q2,2,2020,11.1,3.5,0.358,4990.0,VHM
2020-Q1,1,2020,6.9,2.8,0.471,5881.0,VHM
2019-Q4,4,2019,13.1,5.0,0.431,4892.0,VHM
2019-Q3,3,2019,16.7,5.5,0.372,4058.0,VHM
2019-Q2,2,2019,16.1,4.9,0.353,3685.0,VHM
2019-Q1,1,2019,23.5,6.5,0.32,2913.0,VHM
2024-Q4,4,2024,8.5,1.5,0.181,2418.0,VIB
2024-Q3,3,2024,8.0,1.4,0.189,2411.0,VIB
2024-Q2,2,2024,6.9,1.4,0.214,2595.0,VIB
2024-Q1,1,2024,7.2,1.6,0.237,2822.0,VIB
2023-Q4,4,2023,5.5,1.2,0.243,2874.0,VIB
2023-Q3,3,2023,5.2,1.3,0.267,2979.0,VIB
2023-Q2,2,2023,5.3,1.4,0.288,3008.0,VIB
2023-Q1,1,2023,4.8,1.3,0.3,2954.0,VIB
2022-Q4,4,2022,4.2,1.1,0.297,2842.0,VIB
2022-Q3,3,2022,4.9,1.4,0.319,2816.0,VIB
2022-Q2,2,2022,5.5,1.4,0.295,2438.0,VIB
2022-Q1,1,2022,9.6,2.5,0.299,2278.0,VIB
2021-Q4,4,2021,10.8,2.9,0.303,2526.0,VIB
2021-Q3,3,2021,11.7,3.0,0.294,2244.0,VIB
2021-Q2,2,2021,15.7,4.4,0.326,2333.0,VIB
2021-Q1,1,2021,12.4,3.4,0.311,2060.0,VIB
2020-Q4,4,2020,7.8,2.0,0.296,2201.0,VIB
2020-Q3,3,2020,6.2,1.5,0.286,1970.0,VIB
2020-Q2,2,2020,4.4,1.1,0.275,1752.0,VIB
2020-Q1,1,2020,3.4,0.8,0.272,1650.0,VIB
2019-Q4,4,2019,4.9,1.2,0.271,2102.0,VIB
2019-Q3,3,2019,5.3,1.3,0.278,2027.0,VIB
2019-Q2,2,2019,4.7,1.1,0.256,1757.0,VIB
2019-Q1,1,2019,6.0,1.3,0.238,1562.0,VIB
2018-Q4,4,2018,6.1,1.3,0.225,1412.0,VIB
2018-Q3,3,2018,7.7,1.5,0.21,1289.0,VIB
2018-Q2,2,2018,8.2,1.5,0.189,1120.0,VIB
2018-Q1,1,2018,15.0,2.3,0.157,911.0,VIB
2017-Q4,4,2017,10.8,1.4,0.128,725.0,VIB
2017-Q3,3,2017,15.4,1.3,0.084,473.0,VIB
2017-Q2,2,2017,18.9,1.3,0.073,402.0,VIB
2017-Q1,1,2017,16.1,1.1,0.066,371.0,VIB
2016-Q4,4,2016,,,0.065,362.0,VIB
2016-Q3,3,2016,,,0.062,339.0,VIB
2016-Q2,2,2016,,,0.061,327.0,VIB
2016-Q1,1,2016,,,0.055,308.0,VIB
2015-Q4,4,2015,,,0.057,313.0,VIB
2015-Q3,3,2015,,,0.076,405.0,VIB
2015-Q2,2,2015,,,0.076,401.0,VIB
2015-Q1,1,2015,,,0.072,388.0,VIB
2024-Q4,4,2024,16.9,1.4,0.09,3069.0,VIC
2024-Q3,3,2024,16.8,1.2,0.074,2498.0,VIC
2024-Q2,2,2024,43.9,1.2,0.03,938.0,VIC
2024-Q1,1,2024,20.4,1.4,0.074,2335.0,VIC
2023-Q4,4,2023,82.7,1.4,0.018,539.0,VIC
2023-Q3,3,2023,47.4,1.5,0.032,988.0,VIC
2023-Q2,2,2023,36.1,1.7,0.049,1411.0,VIC
2023-Q1,1,2023,30.2,1.9,0.065,1821.0,VIC
2022-Q4,4,2022,24.6,1.9,0.08,2184.0,VIC
2022-Q3,3,2022,253.7,1.9,0.008,216.0,VIC
2022-Q2,2,2022,-598.9,2.7,-0.005,-122.0,VIC
2022-Q1,1,2022,-128.7,3.0,-0.026,-630.0,VIC
2021-Q4,4,2021,-131.2,3.6,-0.031,-724.0,VIC
2021-Q3,3,2021,78.3,3.4,0.047,1123.0,VIC
2021-Q2,2,2021,65.4,4.5,0.073,1618.0,VIC
2021-Q1,1,2021,59.1,4.9,0.085,1773.0,VIC
2020-Q4,4,2020,71.5,4.6,0.066,1344.0,VIC
2020-Q3,3,2020,35.9,3.8,0.109,2263.0,VIC
2020-Q2,2,2020,39.8,3.7,0.094,1989.0,VIC
2020-Q1,1,2020,40.9,3.6,0.104,1810.0,VIC
2019-Q4,4,2019,51.8,5.1,0.116,1972.0,VIC
2019-Q3,3,2019,76.2,5.3,0.082,1397.0,VIC
2019-Q2,2,2019,72.0,4.9,0.089,1428.0,VIC
2019-Q1,1,2019,92.3,7.1,0.096,1115.0,VIC
2018-Q4,4,2018,78.1,6.0,0.098,1084.0,VIC
2018-Q3,3,2018,86.4,6.4,0.096,1010.0,VIC
2018-Q2,2,2018,100.3,8.7,0.105,952.0,VIC
2018-Q1,1,2018,76.5,9.9,0.144,1125.0,VIC
2017-Q4,4,2017,50.9,6.9,0.147,1116.0,VIC
2017-Q3,3,2017,73.7,5.2,0.072,510.0,VIC
2017-Q2,2,2017,69.2,4.4,0.065,453.0,VIC
2017-Q1,1,2017,70.4,4.5,0.064,436.0,VIC
2016-Q4,4,2016,75.6,4.4,0.063,408.0,VIC
2016-Q3,3,2016,65.3,4.8,0.079,500.0,VIC
2016-Q2,2,2016,56.8,4.3,0.082,521.0,VIC
2016-Q1,1,2016,64.2,3.7,0.065,396.0,VIC
2015-Q4,4,2015,81.0,4.1,0.054,304.0,VIC
2015-Q3,3,2015,64.6,3.9,0.065,348.0,VIC
2015-Q2,2,2015,45.6,4.1,0.1,515.0,VIC
2015-Q1,1,2015,30.3,5.6,0.139,665.0,VIC
2024-Q4,4,2024,37.2,3.1,0.088,2632.0,VJC
2024-Q3,3,2024,37.2,3.4,0.096,2822.0,VJC
2024-Q2,2,2024,50.3,3.3,0.07,2016.0,VJC
2024-Q1,1,2024,73.4,3.5,0.049,1403.0,VJC
2023-Q4,4,2023,147.6,3.7,0.027,731.0,VJC
2023-Q3,3,2023,-25.8,3.5,-0.127,-3851.0,VJC
2023-Q2,2,2023,-23.4,3.4,-0.136,-4025.0,VJC
2023-Q1,1,2023,-25.4,3.8,-0.139,-4143.0,VJC
2022-Q4,4,2022,-27.3,4.2,-0.14,-4009.0,VJC
2022-Q3,3,2022,727.6,3.4,0.005,152.0,VJC
2022-Q2,2,2022,613.3,4.1,0.007,211.0,VJC
2022-Q1,1,2022,353.7,4.5,0.014,397.0,VJC
2021-Q4,4,2021,730.1,4.1,0.006,175.0,VJC
2021-Q3,3,2021,58.1,4.1,0.077,2201.0,VJC
2021-Q2,2,2021,444.8,3.9,0.009,273.0,VJC
2021-Q1,1,2021,59.3,4.8,0.083,2185.0,VJC
2020-Q4,4,2020,967.2,4.5,0.005,129.0,VJC
2020-Q3,3,2020,-146.0,4.1,-0.027,-716.0,VJC
2020-Q2,2,2020,25.6,3.9,0.15,4215.0,VJC
2020-Q1,1,2020,29.8,3.8,0.121,3261.0,VJC
2019-Q4,4,2019,18.8,5.2,0.289,7789.0,VJC
2019-Q3,3,2019,14.3,5.0,0.382,9632.0,VJC
2019-Q2,2,2019,13.3,4.5,0.381,9600.0,VJC
2019-Q1,1,2019,11.8,4.0,0.393,9811.0,VJC
2018-Q4,4,2018,12.4,4.6,0.435,9631.0,VJC
2018-Q3,3,2018,15.0,6.5,0.524,10036.0,VJC
2018-Q2,2,2018,15.9,6.4,0.495,8714.0,VJC
2018-Q1,1,2018,17.8,8.5,0.599,10167.0,VJC
2024-Q4,4,2024,13.9,4.0,0.294,4494.0,VNM
2024-Q3,3,2024,15.2,4.6,0.309,4590.0,VNM
2024-Q2,2,2024,13.6,3.8,0.286,4633.0,VNM
2024-Q1,1,2024,14.7,4.3,0.291,4407.0,VNM
2023-Q4,4,2023,15.1,4.2,0.288,4245.0,VNM
2023-Q3,3,2023,17.3,4.8,0.272,4027.0,VNM
2023-Q2,2,2023,16.4,4.0,0.243,3934.0,VNM
2023-Q1,1,2023,17.4,4.5,0.255,3879.0,VNM
2022-Q4,4,2022,17.0,4.8,0.271,4074.0,VNM
2022-Q3,3,2022,15.3,4.3,0.284,4231.0,VNM
2022-Q2,2,2022,13.8,3.8,0.288,4531.0,VNM
2022-Q1,1,2022,14.3,4.5,0.322,4891.0,VNM
2021-Q4,4,2021,15.4,4.9,0.327,5039.0,VNM
2021-Q3,3,2021,16.9,5.7,0.348,5034.0,VNM
2021-Q2,2,2021,16.5,5.6,0.346,5106.0,VNM
2021-Q1,1,2021,17.4,6.1,0.356,5220.0,VNM
2020-Q4,4,2020,18.7,6.6,0.378,5310.0,VNM
2020-Q3,3,2020,18.7,7.1,0.393,5318.0,VNM
2020-Q2,2,2020,16.5,5.9,0.367,5133.0,VNM
2020-Q1,1,2020,13.3,4.7,0.362,5050.0,VNM
2019-Q4,4,2019,17.9,6.9,0.397,5062.0,VNM
2019-Q3,3,2019,19.6,7.7,0.405,5109.0,VNM
2019-Q2,2,2019,18.5,6.9,0.388,5047.0,VNM
2019-Q1,1,2019,20.5,7.5,0.381,4936.0,VNM
2018-Q4,4,2018,18.4,7.3,0.416,4893.0,VNM
2018-Q3,3,2018,22.1,8.4,0.391,4628.0,VNM
2018-Q2,2,2018,22.2,8.4,0.388,4692.0,VNM
2018-Q1,1,2018,25.6,10.0,0.398,4814.0,VNM
2017-Q4,4,2017,25.7,11.3,0.452,4926.0,VNM
2017-Q3,3,2017,18.1,7.8,0.466,4966.0,VNM
2017-Q2,2,2017,19.1,8.0,0.433,4897.0,VNM
2017-Q1,1,2017,17.4,7.1,0.427,4846.0,VNM
2016-Q4,4,2016,16.5,7.0,0.436,4473.0,VNM
2016-Q3,3,2016,18.2,8.4,0.477,4506.0,VNM
2016-Q2,2,2016,15.6,6.2,0.411,4308.0,VNM
2016-Q1,1,2016,15.8,5.8,0.383,4006.0,VNM
2015-Q4,4,2015,16.2,6.1,0.385,3719.0,VNM
2015-Q3,3,2015,12.9,5.2,0.41,3639.0,VNM
2015-Q2,2,2015,13.1,4.3,0.346,3276.0,VNM
2015-Q1,1,2015,13.2,3.9,0.313,2984.0,VNM
2024-Q4,4,2024,9.8,1.0,0.114,1988.0,VPB
2024-Q3,3,2024,12.1,1.1,0.109,1662.0,VPB
2024-Q2,2,2024,12.8,1.1,0.098,1460.0,VPB
2024-Q1,1,2024,13.4,1.0,0.093,1396.0,VPB
2023-Q4,4,2023,14.4,1.0,0.087,1267.0,VPB
2023-Q3,3,2023,15.1,1.4,0.103,1296.0,VPB
2023-Q2,2,2023,12.3,1.3,0.12,1461.0,VPB
2023-Q1,1,2023,12.6,1.4,0.129,1517.0,VPB
2022-Q4,4,2022,7.1,1.2,0.207,2290.0,VPB
2022-Q3,3,2022,7.0,1.3,0.234,2311.0,VPB
2022-Q2,2,2022,8.3,1.4,0.223,2113.0,VPB
2022-Q1,1,2022,10.3,1.9,0.242,2177.0,VPB
2021-Q4,4,2021,15.3,2.1,0.18,1488.0,VPB
2021-Q3,3,2021,23.7,4.7,0.219,1547.0,VPB
2021-Q2,2,2021,24.1,5.0,0.23,1558.0,VPB
2021-Q1,1,2021,17.4,3.5,0.225,1424.0,VPB
2020-Q4,4,2020,11.6,2.3,0.219,1551.0,VPB
2020-Q3,3,2020,8.8,1.8,0.222,1494.0,VPB
2020-Q2,2,2020,7.6,1.6,0.235,1498.0,VPB
2020-Q1,1,2020,6.9,1.4,0.227,1364.0,VPB
2019-Q4,4,2019,6.0,1.2,0.215,1859.0,VPB
2019-Q3,3,2019,6.6,1.3,0.227,1846.0,VPB
2019-Q2,2,2019,6.4,1.2,0.206,1647.0,VPB
2019-Q1,1,2019,7.5,1.4,0.197,1504.0,VPB
2018-Q4,4,2018,6.7,1.4,0.228,1654.0,VPB
2018-Q3,3,2018,9.7,2.1,0.229,1538.0,VPB
2018-Q2,2,2018,9.7,2.1,0.279,1649.0,VPB
2018-Q1,1,2018,14.1,3.1,0.278,1572.0,VPB
2017-Q4,4,2017,9.7,2.1,0.274,1448.0,VPB
2017-Q3,3,2017,9.6,2.1,0.274,1337.0,VPB
2017-Q2,2,2017,,,0.319,1218.0,VPB
2017-Q1,1,2017,,,0.288,1065.0,VPB
2016-Q4,4,2016,,,0.265,914.0,VPB
2016-Q3,3,2016,,,0.219,701.0,VPB
2016-Q2,2,2016,,,0.212,626.0,VPB
2016-Q1,1,2016,,,0.25,663.0,VPB
2015-Q4,4,2015,,,0.214,538.0,VPB
2015-Q3,3,2015,,,0.194,468.0,VPB
2015-Q2,2,2015,,,0.151,343.0,VPB
2015-Q1,1,2015,,,0.161,312.0,VPB
2024-Q4,4,2024,10.2,1.0,0.103,1802.0,VRE
2024-Q3,3,2024,10.6,1.1,0.105,1794.0,VRE
2024-Q2,2,2024,10.4,1.2,0.119,1975.0,VRE
2024-Q1,1,2024,13.1,1.5,0.122,1965.0,VRE
2023-Q4,4,2023,12.0,1.4,0.124,1940.0,VRE
2023-Q3,3,2023,14.4,1.6,0.119,1818.0,VRE
2023-Q2,2,2023,16.9,1.7,0.107,1588.0,VRE
2023-Q1,1,2023,19.9,2.0,0.103,1487.0,VRE
2022-Q4,4,2022,21.9,1.8,0.086,1203.0,VRE
2022-Q3,3,2022,30.8,2.0,0.066,909.0,VRE
2022-Q2,2,2022,50.0,2.0,0.042,570.0,VRE
2022-Q1,1,2022,83.4,2.5,0.03,400.0,VRE
2021-Q4,4,2021,52.0,2.2,0.044,578.0,VRE
2021-Q3,3,2021,30.5,2.2,0.074,953.0,VRE
2021-Q2,2,2021,26.6,2.4,0.093,1194.0,VRE
2021-Q1,1,2021,27.8,2.5,0.093,1175.0,VRE
2020-Q4,4,2020,30.0,2.4,0.085,1048.0,VRE
2020-Q3,3,2020,27.4,2.2,0.081,1006.0,VRE
2020-Q2,2,2020,23.2,2.0,0.088,1070.0,VRE
2020-Q1,1,2020,16.0,1.6,0.097,1200.0,VRE
2019-Q4,4,2019,27.1,2.9,0.103,1253.0,VRE
2019-Q3,3,2019,28.3,2.7,0.095,1169.0,VRE
2019-Q2,2,2019,30.8,2.8,0.092,1098.0,VRE
2019-Q1,1,2019,30.8,2.6,0.089,1089.0,VRE
2018-Q4,4,2018,25.6,2.2,0.088,1058.0,VRE
2018-Q3,3,2018,33.6,2.7,0.085,987.0,VRE
