period,quarter,year,price_to_earning,price_to_book,roe,earning_per_share,equity_on_liability,asset_on_equity,equity_on_total_asset,roa,payable_on_equity,book_value_per_share_change,eps_change,book_value_per_share,company
2024-Q4,4,2024,7.0,1.4,0.217,3758.0,0.1,10.4,0.097,0.021,9.4,0.058,0.033,18685.0,ACB
2024-Q3,3,2024,7.1,1.5,0.223,3638.0,0.1,9.9,0.101,0.023,8.9,0.054,-0.01,17653.0,ACB
2024-Q2,2,2024,6.5,1.4,0.239,3675.0,0.1,10.3,0.097,0.023,9.3,0.0,0.038,16744.0,ACB
2024-Q1,1,2024,6.8,1.4,0.23,3540.0,0.1,9.7,0.103,0.024,8.7,0.054,-0.014,16744.0,ACB
2023-Q4,4,2023,5.6,1.3,0.248,3592.0,0.1,10.1,0.099,0.024,9.1,0.062,0.076,15885.0,ACB
2023-Q3,3,2023,5.5,1.2,0.243,3337.0,0.1,9.7,0.103,0.025,8.7,0.063,0.031,14960.0,ACB
2023-Q2,2,2023,5.7,1.3,0.252,3236.0,0.1,10.0,0.1,0.025,9.0,0.005,-0.005,14074.0,ACB
2023-Q1,1,2023,5.4,1.3,0.263,3254.0,0.1,9.8,0.102,0.026,8.8,0.07,0.062,13999.0,ACB
2022-Q4,4,2022,5.0,1.2,0.265,3064.0,0.1,10.4,0.096,0.024,9.4,0.049,0.033,13083.0,ACB
2022-Q3,3,2022,5.3,1.2,0.27,2965.0,0.1,10.1,0.099,0.025,9.1,0.07,0.126,12477.0,ACB
2022-Q2,2,2022,6.4,1.4,0.254,2633.0,0.1,10.4,0.096,0.023,9.4,0.08,0.13,11656.0,ACB
2022-Q1,1,2022,8.0,1.7,0.242,2329.0,0.1,11.0,0.091,0.021,10.0,-0.066,-0.058,10791.0,ACB
2021-Q4,4,2021,9.3,2.0,0.239,2472.0,0.1,11.8,0.085,0.02,10.8,0.057,-0.012,11560.0,ACB
2021-Q3,3,2021,10.1,2.3,0.258,2503.0,0.1,11.3,0.089,0.022,10.3,0.052,0.003,10937.0,ACB
2021-Q2,2,2021,11.4,2.7,0.272,2496.0,0.1,11.7,0.086,0.022,10.7,0.065,0.124,10396.0,ACB
2021-Q1,1,2021,9.6,2.2,0.256,2221.0,0.1,11.9,0.084,0.021,10.9,-0.07,-0.023,9765.0,ACB
2020-Q4,4,2020,7.9,1.7,0.243,2274.0,0.1,12.5,0.08,0.019,11.5,0.077,0.15,10495.0,ACB
2020-Q3,3,2020,7.3,1.5,0.229,1978.0,0.1,12.7,0.079,0.017,11.7,0.068,0.085,9746.0,ACB
2020-Q2,2,2020,6.2,1.2,0.225,1823.0,0.1,12.9,0.078,0.016,11.9,0.048,-0.002,9128.0,ACB
2020-Q1,1,2020,4.8,1.0,0.238,1826.0,0.1,13.2,0.076,0.017,12.2,-0.152,-0.177,8708.0,ACB
2019-Q4,4,2019,6.3,1.4,0.246,2219.0,0.1,13.8,0.072,0.017,12.8,0.094,0.032,10271.0,ACB
2019-Q3,3,2019,6.7,1.5,0.259,2151.0,0.1,14.1,0.071,0.017,13.1,0.064,0.043,9387.0,ACB
2019-Q2,2,2019,6.6,1.6,0.264,2062.0,0.1,14.7,0.068,0.017,13.7,0.065,0.04,8820.0,ACB
2019-Q1,1,2019,7.2,1.7,0.271,1983.0,0.1,15.0,0.067,0.017,14.0,0.065,0.043,8284.0,ACB
2018-Q4,4,2018,7.4,1.8,0.277,1901.0,0.1,15.7,0.064,0.017,14.7,0.077,0.177,7778.0,ACB
2018-Q3,3,2018,10.0,2.2,0.263,1614.0,0.1,16.0,0.062,0.015,15.0,0.066,0.212,7223.0,ACB
2018-Q2,2,2018,11.0,2.2,0.217,1332.0,0.1,16.9,0.059,0.013,15.9,0.066,0.293,6779.0,ACB
2018-Q1,1,2018,18.7,3.0,0.175,1030.0,0.1,17.5,0.057,0.01,16.5,0.072,0.315,6357.0,ACB
2017-Q4,4,2017,17.6,2.3,0.141,783.0,0.1,17.7,0.056,0.008,16.7,0.039,0.142,5933.0,ACB
2017-Q3,3,2017,16.7,2.0,0.135,686.0,0.1,17.5,0.057,0.007,16.5,0.036,0.13,5708.0,ACB
2017-Q2,2,2017,15.9,1.8,0.116,607.0,0.1,17.9,0.056,0.007,16.9,0.023,0.1,5508.0,ACB
2017-Q1,1,2017,16.6,1.7,0.108,552.0,0.1,17.3,0.058,0.006,16.3,0.035,0.127,5387.0,ACB
2016-Q4,4,2016,13.4,1.3,0.099,490.0,0.1,16.6,0.06,0.006,15.6,0.025,0.13,5204.0,ACB
2016-Q3,3,2016,14.3,1.2,0.089,433.0,0.1,16.7,0.06,0.006,15.7,0.025,0.044,5079.0,ACB
2016-Q2,2,2016,15.6,1.3,0.087,415.0,0.1,16.6,0.06,0.005,15.6,0.022,0.059,4955.0,ACB
2016-Q1,1,2016,15.9,1.3,0.082,392.0,0.1,16.0,0.062,0.005,15.0,0.025,0.029,4849.0,ACB
2015-Q4,4,2015,17.7,1.4,0.082,381.0,0.1,15.8,0.063,0.005,14.8,0.014,0.063,4732.0,ACB
2015-Q3,3,2015,18.4,1.4,0.077,358.0,0.1,15.3,0.065,0.005,14.3,0.022,0.021,4668.0,ACB
2015-Q2,2,2015,19.9,1.5,0.077,351.0,0.1,15.4,0.065,0.005,14.4,-0.027,-0.034,4567.0,ACB
2015-Q1,1,2015,15.0,1.2,0.077,363.0,0.1,14.8,0.068,0.005,13.8,0.023,0.032,4692.0,ACB
2024-Q4,4,2024,39.7,4.3,0.112,2034.0,0.5,3.0,0.33,0.038,1.9,0.013,-0.244,18729.0,BCM
2024-Q3,3,2024,25.7,3.7,0.154,2692.0,0.6,2.8,0.351,0.054,1.7,0.017,0.048,18486.0,BCM
2024-Q2,2,2024,24.5,3.5,0.149,2569.0,0.6,2.9,0.343,0.051,1.8,0.011,0.078,18185.0,BCM
2024-Q1,1,2024,26.8,3.6,0.139,2384.0,0.6,2.9,0.344,0.048,1.8,0.022,0.011,17984.0,BCM
2023-Q4,4,2023,26.3,3.5,0.139,2358.0,0.6,2.9,0.342,0.048,1.8,0.066,4.466,17597.0,BCM
2023-Q3,3,2023,156.5,4.1,0.026,431.0,0.6,2.9,0.345,0.009,1.8,0.01,0.033,16506.0,BCM
2023-Q2,2,2023,184.2,4.7,0.025,417.0,0.6,2.9,0.348,0.009,1.7,-0.003,-0.659,16348.0,BCM
2023-Q1,1,2023,65.6,4.9,0.076,1227.0,0.6,2.9,0.349,0.026,1.7,0.007,-0.208,16392.0,BCM
2022-Q4,4,2022,50.6,4.8,0.099,1548.0,0.6,2.9,0.347,0.033,1.7,-0.037,-0.125,16286.0,BCM
2022-Q3,3,2022,49.4,5.2,0.112,1769.0,0.6,2.8,0.356,0.038,1.6,0.008,0.092,16910.0,BCM
2022-Q2,2,2022,39.9,3.9,0.102,1620.0,0.6,2.9,0.348,0.034,1.7,0.049,0.351,16775.0,BCM
2022-Q1,1,2022,59.0,4.4,0.076,1198.0,0.5,3.0,0.334,0.026,1.8,0.057,-0.025,15989.0,BCM
2021-Q4,4,2021,50.9,4.1,0.081,1229.0,0.5,3.1,0.323,0.026,1.9,0.027,-0.278,15133.0,BCM
2021-Q3,3,2021,26.0,3.0,0.116,1702.0,0.5,3.2,0.316,0.037,2.0,-0.013,-0.234,14738.0,BCM
2021-Q2,2,2021,24.1,3.6,0.153,2221.0,0.5,3.1,0.319,0.049,1.9,-0.05,0.093,14939.0,BCM
2021-Q1,1,2021,27.8,3.6,0.135,2032.0,0.6,2.8,0.351,0.047,1.7,0.045,0.075,15718.0,BCM
2020-Q4,4,2020,21.4,2.7,0.133,1891.0,0.5,3.1,0.323,0.043,1.9,0.031,-0.04,15048.0,BCM
2020-Q3,3,2020,20.0,2.7,0.144,1971.0,0.5,3.1,0.324,0.045,1.9,0.029,0.048,14592.0,BCM
2020-Q2,2,2020,13.6,1.8,0.141,1880.0,0.6,3.0,0.331,0.044,1.8,-0.017,-0.132,14187.0,BCM
2020-Q1,1,2020,7.4,1.1,0.163,2167.0,0.6,2.9,0.339,0.051,1.7,0.075,-0.113,14429.0,BCM
2019-Q4,4,2019,12.0,2.2,0.199,2444.0,0.5,3.1,0.319,0.057,1.9,0.044,-0.003,13418.0,BCM
2019-Q3,3,2019,12.4,2.4,0.201,2450.0,0.5,3.3,0.3,0.052,2.1,0.033,0.04,12850.0,BCM
2019-Q2,2,2019,10.2,1.9,0.198,2357.0,0.4,3.5,0.286,0.049,2.2,0.016,0.044,12439.0,BCM
2024-Q4,4,2024,11.3,1.9,0.192,3511.0,0.1,19.1,0.052,0.01,18.1,0.044,0.054,20581.0,BID
2024-Q3,3,2024,12.3,2.1,0.189,3333.0,0.1,18.6,0.054,0.01,17.6,0.028,0.025,19716.0,BID
2024-Q2,2,2024,11.0,1.9,0.191,3252.0,0.1,18.7,0.053,0.01,17.7,0.044,0.043,19186.0,BID
2024-Q1,1,2024,13.8,2.3,0.191,3118.0,0.1,18.0,0.055,0.01,17.0,0.05,0.016,18375.0,BID
2023-Q4,4,2023,11.7,2.0,0.198,3069.0,0.1,18.7,0.053,0.01,17.7,0.032,0.102,17506.0,BID
2023-Q3,3,2023,11.7,1.9,0.186,2785.0,0.1,17.9,0.056,0.009,16.9,0.043,-0.034,16960.0,BID
2023-Q2,2,2023,11.0,2.0,0.202,2884.0,0.1,18.6,0.054,0.01,17.6,0.039,0.013,16257.0,BID
2023-Q1,1,2023,11.9,2.2,0.209,2846.0,0.1,19.2,0.052,0.01,18.2,0.036,0.085,15644.0,BID
2022-Q4,4,2022,10.8,1.9,0.198,2622.0,0.1,20.3,0.049,0.009,19.3,0.033,0.115,15107.0,BID
2022-Q3,3,2022,10.6,1.7,0.181,2352.0,0.1,20.3,0.049,0.009,19.3,0.075,0.249,14632.0,BID
2022-Q2,2,2022,13.0,1.8,0.151,1883.0,0.0,21.1,0.047,0.007,20.1,0.045,0.13,13616.0,BID
2022-Q1,1,2022,19.1,2.4,0.139,1666.0,0.1,20.6,0.049,0.007,19.6,-0.14,-0.101,13024.0,BID
2021-Q4,4,2021,17.8,2.2,0.132,1854.0,0.1,20.4,0.049,0.006,19.4,0.004,0.058,15150.0,BID
2021-Q3,3,2021,17.8,2.1,0.124,1752.0,0.1,19.6,0.051,0.006,18.6,0.017,-0.006,15089.0,BID
2021-Q2,2,2021,21.2,2.5,0.127,1763.0,0.1,19.4,0.051,0.007,18.4,0.028,0.2,14831.0,BID
2021-Q1,1,2021,23.1,2.4,0.108,1469.0,0.1,18.9,0.053,0.006,17.9,-0.085,0.041,14431.0,BID
2020-Q4,4,2020,26.9,2.4,0.094,1410.0,0.1,19.0,0.053,0.005,18.0,-0.02,-0.159,15773.0,BID
2020-Q3,3,2020,18.9,2.0,0.126,1678.0,0.1,18.0,0.055,0.006,17.0,0.023,0.036,16099.0,BID
2020-Q2,2,2020,18.2,1.9,0.125,1620.0,0.1,18.2,0.055,0.006,17.2,0.005,0.034,15744.0,BID
2020-Q1,1,2020,15.3,1.5,0.122,1566.0,0.1,18.2,0.055,0.006,17.2,0.019,-0.066,15670.0,BID
2019-Q4,4,2019,43.2,4.7,0.134,1677.0,0.1,19.2,0.052,0.006,18.2,0.31,0.177,15373.0,BID
2019-Q3,3,2019,42.0,5.1,0.135,1425.0,0.0,24.0,0.042,0.005,23.0,0.032,0.009,11738.0,BID
2019-Q2,2,2019,34.0,4.2,0.137,1413.0,0.0,24.3,0.041,0.005,23.3,0.015,-0.027,11372.0,BID
2019-Q1,1,2019,37.4,4.9,0.145,1452.0,0.0,23.7,0.042,0.006,22.7,-0.176,-0.206,11199.0,BID
2018-Q4,4,2018,17.9,2.4,0.151,1829.0,0.0,24.0,0.042,0.006,23.0,0.018,-0.116,13598.0,BID
2018-Q3,3,2018,16.2,2.5,0.177,2069.0,0.0,23.6,0.042,0.007,22.6,0.01,0.031,13356.0,BID
2018-Q2,2,2018,12.3,1.9,0.17,2008.0,0.0,23.8,0.042,0.007,22.8,0.047,0.145,13227.0,BID
2018-Q1,1,2018,23.5,3.3,0.153,1754.0,0.0,24.2,0.041,0.006,23.2,0.037,0.022,12631.0,BID
2017-Q4,4,2017,14.1,2.0,0.156,1716.0,0.0,24.5,0.041,0.006,23.5,0.053,0.198,12179.0,BID
2017-Q3,3,2017,13.0,1.6,0.13,1431.0,0.0,24.2,0.041,0.006,23.2,-0.033,-0.074,11570.0,BID
2017-Q2,2,2017,12.2,1.6,0.141,1546.0,0.0,22.8,0.044,0.006,21.8,0.052,-0.016,11969.0,BID
2017-Q1,1,2017,10.3,1.4,0.146,1572.0,0.0,22.4,0.045,0.007,21.4,0.035,0.027,11375.0,BID
2016-Q4,4,2016,8.5,1.2,0.147,1531.0,0.0,22.8,0.044,0.007,21.8,-0.037,-0.043,10993.0,BID
2016-Q3,3,2016,9.3,1.3,0.153,1600.0,0.1,20.7,0.048,0.007,19.7,0.034,-0.007,11415.0,BID
2016-Q2,2,2016,9.5,1.4,0.166,1611.0,0.1,20.9,0.048,0.008,19.9,0.015,0.062,11044.0,BID
2016-Q1,1,2016,9.6,1.3,0.158,1517.0,0.1,19.6,0.051,0.008,18.6,0.069,-0.031,10880.0,BID
2015-Q4,4,2015,11.5,1.8,0.17,1565.0,0.1,20.8,0.048,0.008,19.7,0.031,0.062,10177.0,BID
2015-Q3,3,2015,14.1,2.1,0.165,1474.0,0.1,19.8,0.05,0.009,18.8,0.126,0.079,9870.0,BID
2015-Q2,2,2015,13.5,2.1,0.161,1366.0,0.1,20.6,0.049,0.008,19.6,0.01,0.042,8762.0,BID
2015-Q1,1,2015,10.6,1.6,0.154,1311.0,0.1,19.0,0.053,0.009,18.0,0.046,0.064,8678.0,BID
2024-Q4,4,2024,19.0,1.8,0.095,2810.0,0.1,11.1,0.09,0.009,9.7,-0.01,0.093,30370.0,BVH
2024-Q3,3,2024,16.3,1.4,0.086,2571.0,0.1,10.5,0.096,0.008,9.0,0.022,0.057,30673.0,BVH
2024-Q2,2,2024,18.5,1.5,0.083,2432.0,0.1,10.5,0.095,0.008,9.1,0.016,0.014,30000.0,BVH
2024-Q1,1,2024,17.4,1.4,0.083,2398.0,0.1,10.7,0.094,0.008,9.2,0.03,0.033,29537.0,BVH
2023-Q4,4,2023,16.6,1.3,0.083,2320.0,0.1,10.4,0.096,0.008,9.0,-0.016,0.01,28665.0,BVH
2023-Q3,3,2023,17.5,1.4,0.078,2297.0,0.1,10.0,0.1,0.008,8.5,0.019,0.03,29138.0,BVH
2023-Q2,2,2023,18.9,1.5,0.077,2231.0,0.1,10.4,0.096,0.008,9.0,0.016,0.044,28605.0,BVH
2023-Q1,1,2023,21.6,1.6,0.075,2136.0,0.1,10.5,0.095,0.008,9.1,0.025,0.038,28167.0,BVH
2022-Q4,4,2022,21.6,1.6,0.074,2059.0,0.1,9.9,0.101,0.008,8.5,-0.084,-0.107,27478.0,BVH
2022-Q3,3,2022,20.8,1.6,0.079,2305.0,0.1,8.6,0.117,0.01,7.2,0.016,-0.036,30002.0,BVH
2022-Q2,2,2022,19.6,1.6,0.083,2391.0,0.1,8.8,0.113,0.01,7.5,0.012,-0.057,29534.0,BVH
2022-Q1,1,2022,21.7,1.9,0.089,2537.0,0.1,8.5,0.118,0.011,7.2,0.023,0.001,29180.0,BVH
2021-Q4,4,2021,20.2,1.8,0.091,2535.0,0.1,8.0,0.125,0.012,6.7,-0.007,0.037,28527.0,BVH
2021-Q3,3,2021,23.6,2.0,0.087,2443.0,0.2,7.7,0.129,0.012,6.5,0.019,-0.007,28726.0,BVH
2021-Q2,2,2021,23.4,2.0,0.09,2460.0,0.2,7.1,0.14,0.013,5.9,0.022,-0.036,28193.0,BVH
2021-Q1,1,2021,23.0,2.1,0.095,2551.0,0.2,7.2,0.14,0.014,5.9,0.023,0.221,27592.0,BVH
2020-Q4,4,2020,31.1,2.4,0.079,2090.0,0.2,7.4,0.136,0.011,6.1,-0.007,0.31,26961.0,BVH
2020-Q3,3,2020,29.7,1.7,0.066,1596.0,0.2,7.2,0.139,0.009,5.9,0.021,0.109,27149.0,BVH
2020-Q2,2,2020,30.7,1.7,0.061,1439.0,0.2,7.0,0.143,0.008,5.7,0.023,0.329,26581.0,BVH
2020-Q1,1,2020,33.2,1.4,0.047,1083.0,0.2,6.9,0.145,0.006,5.7,0.012,-0.255,25992.0,BVH
2019-Q4,4,2019,45.8,2.6,0.064,1454.0,0.2,6.7,0.149,0.009,5.5,0.218,-0.116,25688.0,BVH
2019-Q3,3,2019,43.6,3.4,0.081,1644.0,0.2,7.8,0.129,0.011,6.4,0.021,0.277,21095.0,BVH
2019-Q2,2,2019,60.2,3.7,0.063,1287.0,0.2,7.9,0.127,0.009,6.5,0.012,-0.083,20670.0,BVH
2019-Q1,1,2019,64.9,4.5,0.071,1403.0,0.2,7.7,0.13,0.01,6.3,0.029,-0.026,20428.0,BVH
2018-Q4,4,2018,59.2,4.3,0.075,1441.0,0.2,7.7,0.13,0.01,6.4,0.011,-0.066,19856.0,BVH
2018-Q3,3,2018,60.8,4.8,0.082,1544.0,0.2,6.9,0.144,0.012,5.6,-0.042,-0.08,19636.0,BVH
2018-Q2,2,2018,45.9,3.8,0.085,1677.0,0.2,6.6,0.151,0.014,5.3,0.072,-0.228,20501.0,BVH
2018-Q1,1,2018,41.2,4.7,0.117,2172.0,0.2,7.0,0.143,0.018,5.7,0.032,0.032,19120.0,BVH
2017-Q4,4,2017,29.3,3.3,0.116,2105.0,0.2,6.6,0.151,0.019,5.3,0.021,0.029,18533.0,BVH
2017-Q3,3,2017,25.4,2.9,0.115,2046.0,0.2,6.4,0.157,0.02,5.1,-0.036,-0.083,18147.0,BVH
2017-Q2,2,2017,24.0,2.8,0.124,2231.0,0.2,5.9,0.169,0.022,4.7,0.043,0.233,18824.0,BVH
2017-Q1,1,2017,30.4,3.1,0.102,1810.0,0.2,5.6,0.178,0.02,4.3,0.011,-0.002,18051.0,BVH
2016-Q4,4,2016,29.8,3.0,0.104,1813.0,0.2,5.5,0.181,0.02,4.3,0.02,0.046,17858.0,BVH
2016-Q3,3,2016,38.0,3.8,0.099,1733.0,0.3,5.2,0.193,0.021,3.9,0.025,0.083,17504.0,BVH
2016-Q2,2,2016,34.3,3.2,0.096,1600.0,0.3,5.1,0.197,0.021,3.8,-0.018,0.03,17079.0,BVH
2016-Q1,1,2016,29.5,2.6,,1553.0,0.3,4.9,0.206,0.021,3.6,0.026,0.026,17392.0,BVH
2015-Q4,4,2015,32.1,2.9,,1514.0,0.3,4.7,0.215,0.021,3.4,-0.031,-0.108,16945.0,BVH
2015-Q3,3,2015,25.1,2.4,,1696.0,0.3,4.1,0.243,0.025,3.1,0.068,-0.072,17494.0,BVH
2015-Q2,2,2015,20.6,2.3,,1828.0,0.3,4.2,0.239,0.024,3.0,,0.093,16382.0,BVH
2015-Q1,1,2015,18.2,,,1673.0,0.3,,,0.023,2.9,,-0.037,,BVH
2024-Q4,4,2024,8.8,1.5,0.185,4720.0,0.1,16.1,0.062,0.011,15.1,0.053,0.17,27654.0,CTG
2024-Q3,3,2024,9.2,1.4,0.166,4035.0,0.1,15.8,0.063,0.011,14.8,0.037,0.067,26254.0,CTG
2024-Q2,2,2024,8.2,1.2,0.161,3781.0,0.1,15.9,0.063,0.01,14.9,0.041,0.008,25320.0,CTG
2024-Q1,1,2024,9.5,1.5,0.167,3751.0,0.1,15.9,0.063,0.01,14.9,0.024,0.008,24317.0,CTG
2023-Q4,4,2023,7.3,1.1,0.171,3722.0,0.1,15.9,0.063,0.01,14.9,0.046,0.103,23756.0,CTG
2023-Q3,3,2023,8.0,1.2,0.16,3376.0,0.1,15.5,0.065,0.01,14.5,0.033,0.03,22719.0,CTG
2023-Q2,2,2023,8.1,1.2,0.161,3279.0,0.1,15.8,0.063,0.01,14.8,0.045,0.033,21985.0,CTG
2023-Q1,1,2023,8.2,1.2,0.163,3175.0,0.1,16.1,0.062,0.01,15.1,0.043,0.008,21032.0,CTG
2022-Q4,4,2022,7.7,1.2,0.169,3148.0,0.1,16.7,0.06,0.01,15.7,0.021,0.086,20168.0,CTG
2022-Q3,3,2022,7.2,1.1,0.155,2899.0,0.1,16.5,0.061,0.01,15.5,0.032,0.06,19759.0,CTG
2022-Q2,2,2022,8.6,1.2,0.151,2735.0,0.1,16.5,0.061,0.009,15.5,0.046,0.195,19140.0,CTG
2022-Q1,1,2022,12.7,1.6,0.13,2289.0,0.1,16.9,0.059,0.008,15.9,0.05,-0.128,18304.0,CTG
2021-Q4,4,2021,11.6,1.7,0.159,2624.0,0.1,16.4,0.061,0.01,15.4,-0.02,-0.147,17440.0,CTG
2021-Q3,3,2021,9.6,1.7,0.186,3077.0,0.1,15.1,0.066,0.012,14.1,0.025,0.008,17802.0,CTG
2021-Q2,2,2021,13.0,2.3,0.19,3054.0,0.1,15.8,0.063,0.012,14.8,0.015,-0.075,17364.0,CTG
2021-Q1,1,2021,9.2,1.8,0.209,3300.0,0.1,14.6,0.068,0.014,13.6,-0.038,0.16,17101.0,CTG
2020-Q4,4,2020,9.2,1.5,0.169,2846.0,0.1,15.7,0.064,0.011,14.7,0.025,0.246,17769.0,CTG
2020-Q3,3,2020,8.7,1.1,0.14,2284.0,0.1,15.1,0.066,0.009,14.1,0.028,-0.016,17338.0,CTG
2020-Q2,2,2020,6.9,1.0,0.146,2320.0,0.1,15.3,0.065,0.009,14.3,0.028,0.193,16858.0,CTG
2020-Q1,1,2020,6.6,0.8,0.126,1945.0,0.1,15.5,0.064,0.008,14.5,0.019,-0.012,16399.0,CTG
2019-Q4,4,2019,8.1,1.0,0.131,1968.0,0.1,16.0,0.062,0.008,15.0,0.033,0.584,16096.0,CTG
2019-Q3,3,2019,13.0,1.0,0.083,1242.0,0.1,16.1,0.062,0.005,15.1,0.033,0.12,15581.0,CTG
2019-Q2,2,2019,13.4,1.0,0.076,1109.0,0.1,16.3,0.061,0.005,15.3,0.034,-0.008,15085.0,CTG
2019-Q1,1,2019,15.3,1.2,0.079,1118.0,0.1,16.4,0.061,0.005,15.4,0.039,0.019,14591.0,CTG
2018-Q4,4,2018,13.4,1.1,0.081,1097.0,0.1,17.3,0.058,0.005,16.3,-0.035,-0.314,14039.0,CTG
2018-Q3,3,2018,13.2,1.4,0.117,1599.0,0.1,16.8,0.06,0.007,15.8,0.028,-0.01,14548.0,CTG
2018-Q2,2,2018,11.5,1.3,0.122,1615.0,0.1,16.8,0.06,0.007,15.8,0.028,-0.008,14158.0,CTG
2018-Q1,1,2018,16.2,1.9,0.126,1629.0,0.1,16.8,0.059,0.007,15.8,0.039,0.053,13769.0,CTG
2017-Q4,4,2017,12.0,1.4,0.118,1546.0,0.1,17.2,0.058,0.007,16.2,0.023,0.002,13251.0,CTG
2017-Q3,3,2017,9.2,1.1,0.121,1543.0,0.1,17.1,0.059,0.008,16.1,0.032,0.024,12959.0,CTG
2017-Q2,2,2017,9.9,1.2,0.121,1506.0,0.1,17.2,0.058,0.008,16.2,0.032,0.056,12551.0,CTG
2017-Q1,1,2017,9.3,1.1,0.118,1426.0,0.1,16.9,0.059,0.008,15.9,-0.072,0.017,12165.0,CTG
2016-Q4,4,2016,7.6,0.8,0.114,1403.0,0.1,15.1,0.066,0.008,14.1,0.027,0.049,13103.0,CTG
2016-Q3,3,2016,8.9,0.9,0.11,1338.0,0.1,14.7,0.068,0.008,13.7,0.03,0.058,12755.0,CTG
2016-Q2,2,2016,9.4,1.0,0.107,1264.0,0.1,14.3,0.07,0.008,13.3,0.026,-0.046,12383.0,CTG
2016-Q1,1,2016,8.7,1.0,0.112,1325.0,0.1,13.6,0.073,0.009,12.6,0.038,0.118,12072.0,CTG
2015-Q4,4,2015,11.1,1.1,0.103,1185.0,0.1,14.0,0.072,0.008,12.9,0.004,-0.034,11625.0,CTG
2015-Q3,3,2015,11.3,1.2,0.107,1226.0,0.1,12.8,0.078,0.009,11.8,0.024,0.031,11582.0,CTG
2015-Q2,2,2015,11.4,1.2,0.106,1190.0,0.1,12.6,0.079,0.009,11.6,-0.035,-0.017,11312.0,CTG
2015-Q1,1,2015,9.6,1.0,0.104,1211.0,0.1,11.5,0.087,0.01,10.5,0.024,0.019,11716.0,CTG
2024-Q4,4,2024,23.3,6.2,0.287,5340.0,1.0,2.4,0.414,0.119,1.0,0.003,0.049,20253.0,FPT
2024-Q3,3,2024,26.2,6.6,0.281,5091.0,1.1,2.3,0.439,0.116,0.9,0.08,0.049,20184.0,FPT
2024-Q2,2,2024,26.7,6.9,0.277,4854.0,1.0,2.4,0.421,0.114,1.0,0.024,0.054,18684.0,FPT
2024-Q1,1,2024,21.7,5.5,0.274,4605.0,1.0,2.3,0.433,0.12,1.0,0.074,0.047,18241.0,FPT
2023-Q4,4,2023,18.7,4.9,0.281,4398.0,1.0,2.4,0.414,0.116,1.0,0.057,0.062,16987.0,FPT
2023-Q3,3,2023,19.2,5.0,0.28,4142.0,0.8,2.6,0.381,0.104,1.2,-0.021,0.049,16065.0,FPT
2023-Q2,2,2023,15.9,3.8,0.266,3948.0,0.9,2.5,0.399,0.099,1.1,0.069,0.047,16417.0,FPT
2023-Q1,1,2023,15.3,3.8,0.266,3772.0,1.1,2.2,0.445,0.104,0.9,0.074,0.048,15355.0,FPT
2022-Q4,4,2022,15.6,3.9,0.272,3599.0,1.0,2.5,0.407,0.101,1.0,0.057,0.01,14297.0,FPT
2022-Q3,3,2022,16.5,4.3,0.284,3565.0,0.8,2.8,0.361,0.101,1.3,0.017,0.067,13524.0,FPT
2022-Q2,2,2022,18.6,4.7,0.271,3341.0,0.7,2.9,0.347,0.095,1.4,0.02,0.054,13296.0,FPT
2022-Q1,1,2022,20.1,4.9,0.26,3171.0,0.7,2.9,0.345,0.093,1.4,-0.077,-0.07,13040.0,FPT
2021-Q4,4,2021,18.9,4.6,0.257,3411.0,0.7,3.0,0.334,0.091,1.5,0.056,0.079,14128.0,FPT
2021-Q3,3,2021,24.0,5.7,0.251,3160.0,0.7,2.8,0.352,0.093,1.4,0.012,0.051,13373.0,FPT
2021-Q2,2,2021,23.6,5.4,0.241,3006.0,0.7,2.8,0.357,0.092,1.3,0.009,0.033,13218.0,FPT
2021-Q1,1,2021,18.6,4.1,0.236,2910.0,0.8,2.7,0.374,0.094,1.3,-0.087,-0.097,13101.0,FPT
2020-Q4,4,2020,12.7,2.9,0.238,3224.0,0.8,2.7,0.377,0.094,1.2,0.045,0.068,14351.0,FPT
2020-Q3,3,2020,11.5,2.5,0.231,3019.0,0.9,2.5,0.399,0.095,1.1,0.007,-0.009,13730.0,FPT
2020-Q2,2,2020,10.2,2.3,0.236,3047.0,1.0,2.4,0.417,0.101,1.0,0.015,0.027,13636.0,FPT
2020-Q1,1,2020,8.0,1.8,0.234,2968.0,1.1,2.3,0.428,0.103,1.0,-0.132,-0.141,13436.0,FPT
2019-Q4,4,2019,12.0,2.7,0.237,3455.0,1.0,2.4,0.417,0.099,1.0,0.034,-0.009,15471.0,FPT
2019-Q3,3,2019,11.8,2.7,0.249,3487.0,1.0,2.4,0.421,0.105,1.0,0.02,0.08,14964.0,FPT
2019-Q2,2,2019,9.8,2.2,0.234,3228.0,1.1,2.3,0.438,0.103,0.9,0.017,0.072,14670.0,FPT
2019-Q1,1,2019,9.4,2.0,0.218,3010.0,1.2,2.2,0.455,0.102,0.9,0.05,0.045,14423.0,FPT
2018-Q4,4,2018,9.1,1.9,0.219,2881.0,1.0,2.4,0.419,0.096,1.0,0.05,-0.195,13731.0,FPT
2018-Q3,3,2018,8.0,2.2,0.289,3579.0,1.0,2.4,0.423,0.112,1.0,0.009,0.046,13083.0,FPT
2018-Q2,2,2018,7.4,1.9,0.285,3422.0,1.1,2.2,0.447,0.114,0.9,-0.015,0.027,12960.0,FPT
2018-Q1,1,2018,9.4,2.4,0.276,3331.0,1.3,2.1,0.478,0.114,0.8,0.046,0.033,13163.0,FPT
2017-Q4,4,2017,9.1,2.3,0.279,3225.0,1.1,2.2,0.457,0.107,0.9,0.075,0.35,12590.0,FPT
2017-Q3,3,2017,10.5,2.1,0.22,2389.0,0.8,2.8,0.358,0.077,1.3,0.062,0.056,11714.0,FPT
2017-Q2,2,2017,10.4,2.1,0.215,2262.0,0.8,2.8,0.357,0.077,1.3,0.006,-0.002,11026.0,FPT
2017-Q1,1,2017,9.0,1.9,0.218,2267.0,0.7,2.8,0.355,0.078,1.3,0.045,0.034,10965.0,FPT
2016-Q4,4,2016,8.6,1.8,0.22,2193.0,0.6,3.1,0.318,0.071,1.6,0.051,-0.001,10496.0,FPT
2016-Q3,3,2016,9.1,2.0,0.228,2194.0,0.7,2.9,0.343,0.08,1.4,-0.001,0.041,9982.0,FPT
2016-Q2,2,2016,8.3,1.8,0.218,2108.0,0.8,2.8,0.358,0.08,1.3,0.015,0.032,9994.0,FPT
2016-Q1,1,2016,8.2,1.7,0.214,2042.0,0.8,2.8,0.362,0.079,1.3,0.041,-0.041,9845.0,FPT
2015-Q4,4,2015,8.1,1.8,0.234,2129.0,0.6,3.0,0.33,0.079,1.6,0.018,0.123,9461.0,FPT
2015-Q3,3,2015,8.4,1.7,0.214,1896.0,0.7,2.8,0.356,0.079,1.4,-0.006,0.0,9294.0,FPT
2015-Q2,2,2015,8.6,1.7,0.214,1896.0,0.8,2.7,0.376,0.085,1.3,0.226,0.017,9349.0,FPT
2015-Q1,1,2015,7.7,1.9,0.212,1864.0,0.7,3.2,0.312,0.085,1.5,0.054,0.039,7623.0,FPT
2024-Q4,4,2024,15.5,2.7,0.167,4438.0,3.0,1.4,0.736,0.123,0.3,0.034,-0.061,25717.0,GAS
2024-Q3,3,2024,15.5,2.9,0.185,4728.0,1.9,1.6,0.634,0.126,0.5,-0.163,0.013,24864.0,GAS
2024-Q2,2,2024,14.9,2.3,0.161,4666.0,2.9,1.4,0.731,0.119,0.3,0.044,0.015,29693.0,GAS
2024-Q1,1,2024,15.9,2.6,0.166,4596.0,2.8,1.4,0.726,0.122,0.4,0.04,-0.072,28436.0,GAS
2023-Q4,4,2023,13.9,2.5,0.187,4954.0,2.9,1.4,0.73,0.136,0.3,0.042,-0.043,27340.0,GAS
2023-Q3,3,2023,15.9,3.1,0.205,5179.0,2.9,1.4,0.726,0.143,0.4,-0.069,-0.051,26242.0,GAS
2023-Q2,2,2023,12.5,2.4,0.204,5457.0,3.2,1.3,0.748,0.145,0.3,0.045,-0.131,28195.0,GAS
2023-Q1,1,2023,11.9,2.8,0.25,6281.0,3.3,1.3,0.751,0.174,0.3,0.056,-0.005,26976.0,GAS
2022-Q4,4,2022,11.8,2.9,0.267,6315.0,2.9,1.4,0.723,0.183,0.4,0.057,0.095,25551.0,GAS
2022-Q3,3,2022,14.0,3.3,0.255,5766.0,2.1,1.5,0.665,0.171,0.5,-0.046,0.047,24177.0,GAS
2022-Q2,2,2022,14.9,3.2,0.243,5505.0,2.2,1.5,0.671,0.158,0.5,0.088,0.28,25346.0,GAS
2022-Q1,1,2022,17.9,3.3,0.192,4299.0,1.9,1.6,0.641,0.131,0.5,0.047,0.139,23288.0,GAS
2021-Q4,4,2021,19.9,3.4,0.174,3776.0,2.0,1.5,0.649,0.122,0.5,0.039,0.034,22246.0,GAS
2021-Q3,3,2021,25.8,4.4,0.175,3653.0,2.2,1.5,0.671,0.124,0.5,0.051,0.049,21403.0,GAS
2021-Q2,2,2021,26.0,4.4,0.161,3482.0,1.8,1.6,0.625,0.113,0.6,-0.074,0.065,20360.0,GAS
2021-Q1,1,2021,25.9,3.9,0.148,3269.0,3.0,1.4,0.736,0.112,0.3,-0.13,-0.199,21982.0,GAS
2020-Q4,4,2020,20.0,3.2,0.161,4081.0,3.6,1.3,0.767,0.125,0.3,0.035,-0.145,25270.0,GAS
2020-Q3,3,2020,14.1,2.8,0.198,4773.0,3.4,1.3,0.757,0.147,0.3,-0.108,-0.086,24418.0,GAS
2020-Q2,2,2020,11.9,2.3,0.206,5223.0,3.9,1.3,0.78,0.151,0.3,0.03,-0.111,27377.0,GAS
2020-Q1,1,2020,8.4,1.9,0.237,5874.0,3.9,1.3,0.777,0.176,0.3,0.048,-0.058,26569.0,GAS
2019-Q4,4,2019,13.9,3.4,0.253,6238.0,4.0,1.3,0.78,0.191,0.3,0.066,-0.018,25363.0,GAS
2019-Q3,3,2019,15.5,4.1,0.276,6351.0,3.1,1.4,0.728,0.197,0.3,0.021,-0.025,23795.0,GAS
2019-Q2,2,2019,13.5,3.8,0.284,6516.0,2.5,1.5,0.684,0.187,0.4,0.011,-0.004,23302.0,GAS
2019-Q1,1,2019,13.6,3.8,0.284,6543.0,2.9,1.4,0.711,0.195,0.4,-0.034,0.035,23050.0,GAS
2018-Q4,4,2018,12.1,3.2,0.278,6323.0,3.1,1.4,0.73,0.195,0.3,0.075,-0.036,23870.0,GAS
2018-Q3,3,2018,15.6,4.6,0.305,6556.0,2.6,1.4,0.697,0.206,0.4,-0.016,0.116,22202.0,GAS
2018-Q2,2,2018,13.1,3.4,0.271,5877.0,2.0,1.6,0.635,0.175,0.5,-0.018,0.124,22567.0,GAS
2018-Q1,1,2018,21.3,4.9,0.236,5229.0,2.2,1.5,0.665,0.157,0.4,0.062,0.045,22984.0,GAS
2017-Q4,4,2017,16.5,3.8,0.238,5003.0,2.3,1.5,0.67,0.161,0.4,0.043,0.067,21637.0,GAS
2017-Q3,3,2017,12.4,2.8,0.224,4689.0,2.2,1.5,0.655,0.151,0.5,0.0,0.117,20735.0,GAS
2017-Q2,2,2017,11.5,2.3,0.203,4199.0,2.2,1.5,0.658,0.134,0.5,-0.026,0.021,20742.0,GAS
2017-Q1,1,2017,10.7,2.1,0.191,4113.0,2.3,1.5,0.668,0.13,0.4,0.042,0.123,21297.0,GAS
2016-Q4,4,2016,13.3,2.4,0.175,3663.0,2.5,1.5,0.688,0.123,0.4,-0.034,0.405,20446.0,GAS
2016-Q3,3,2016,20.9,2.6,0.121,2606.0,2.7,1.4,0.697,0.088,0.4,0.024,-0.213,21159.0,GAS
2016-Q2,2,2016,14.5,2.3,0.16,3313.0,2.3,1.5,0.664,0.113,0.4,-0.051,-0.127,20655.0,GAS
2016-Q1,1,2016,8.3,1.4,0.181,3795.0,2.7,1.4,0.698,0.129,0.4,0.014,-0.149,21761.0,GAS
2015-Q4,4,2015,6.0,1.2,0.222,4458.0,3.1,1.4,0.724,0.154,0.3,-0.023,-0.305,21455.0,GAS
2015-Q3,3,2015,5.1,1.5,0.317,6412.0,4.0,1.3,0.766,0.227,0.3,0.057,-0.049,21954.0,GAS
2015-Q2,2,2015,6.6,2.1,0.344,6742.0,3.7,1.3,0.752,0.253,0.3,0.082,-0.047,20765.0,GAS
2015-Q1,1,2015,6.6,2.4,0.366,7078.0,3.1,1.4,0.693,0.259,0.3,0.071,-0.041,19185.0,GAS
2024-Q4,4,2024,33.0,2.6,0.082,1053.0,2.4,1.6,0.636,0.052,0.4,0.021,0.238,13290.0,GVR
2024-Q3,3,2024,41.6,2.7,0.066,851.0,2.8,1.5,0.666,0.044,0.4,0.013,0.227,13021.0,GVR
2024-Q2,2,2024,48.9,2.6,0.055,693.0,2.8,1.5,0.667,0.036,0.4,0.012,0.105,12856.0,GVR
2024-Q1,1,2024,52.3,2.6,0.05,627.0,2.7,1.5,0.66,0.033,0.4,0.022,-0.029,12699.0,GVR
2023-Q4,4,2023,32.5,1.7,0.052,646.0,2.3,1.6,0.634,0.033,0.4,-0.015,0.108,12426.0,GVR
2023-Q3,3,2023,32.6,1.5,0.046,583.0,2.5,1.5,0.648,0.03,0.4,0.016,-0.183,12611.0,GVR
2023-Q2,2,2023,26.5,1.5,0.058,713.0,2.4,1.5,0.648,0.037,0.4,-0.001,-0.138,12413.0,GVR
2023-Q1,1,2023,18.2,1.2,0.067,828.0,2.4,1.6,0.645,0.042,0.4,0.017,-0.132,12425.0,GVR
2022-Q4,4,2022,14.1,1.1,0.079,954.0,2.1,1.6,0.626,0.049,0.5,-0.03,-0.121,12216.0,GVR
2022-Q3,3,2022,18.2,1.6,0.087,1086.0,2.2,1.6,0.633,0.055,0.5,0.017,-0.085,12598.0,GVR
2022-Q2,2,2022,18.0,1.7,0.097,1187.0,2.1,1.6,0.625,0.06,0.5,-0.003,0.057,12383.0,GVR
2022-Q1,1,2022,28.7,2.6,0.092,1123.0,2.1,1.6,0.626,0.057,0.5,0.039,0.056,12422.0,GVR
2021-Q4,4,2021,33.2,3.0,0.089,1063.0,1.9,1.7,0.605,0.054,0.5,-0.028,-0.224,11953.0,GVR
2021-Q3,3,2021,25.8,2.9,0.117,1371.0,2.1,1.6,0.62,0.069,0.5,0.016,0.049,12293.0,GVR
2021-Q2,2,2021,26.4,2.8,0.11,1307.0,2.0,1.6,0.613,0.067,0.5,0.012,0.073,12104.0,GVR
2021-Q1,1,2021,22.5,2.3,0.103,1217.0,1.9,1.7,0.605,0.062,0.5,0.009,0.138,11961.0,GVR
2020-Q4,4,2020,27.6,2.5,0.091,1069.0,1.8,1.7,0.595,0.054,0.6,0.054,0.392,11855.0,GVR
2020-Q3,3,2020,15.8,1.1,0.068,768.0,1.6,1.8,0.568,0.04,0.6,-0.032,0.001,11243.0,GVR
2020-Q2,2,2020,13.4,0.9,0.067,767.0,1.8,1.7,0.597,0.04,0.5,-0.006,-0.079,11611.0,GVR
2020-Q1,1,2020,9.4,0.7,0.072,833.0,1.9,1.6,0.607,0.043,0.5,0.008,0.005,11676.0,GVR
2019-Q4,4,2019,11.9,0.9,0.072,829.0,1.9,1.7,0.593,0.043,0.5,0.014,0.0,11589.0,GVR
2019-Q3,3,2019,15.4,1.1,0.074,829.0,1.9,1.7,0.601,0.044,0.5,-0.001,0.188,11423.0,GVR
2024-Q4,4,2024,6.3,1.4,0.258,3651.0,0.1,12.3,0.081,0.02,11.3,0.057,-0.018,16210.0,HDB
2024-Q3,3,2024,6.3,1.5,0.281,3717.0,0.1,11.7,0.085,0.023,10.7,0.014,0.078,15331.0,HDB
2024-Q2,2,2024,5.3,1.2,0.27,3447.0,0.1,11.8,0.085,0.022,10.8,0.063,0.086,15114.0,HDB
2024-Q1,1,2024,6.1,1.4,0.256,3173.0,0.1,12.1,0.082,0.021,11.1,0.071,0.101,14220.0,HDB
2023-Q4,4,2023,5.6,1.2,0.247,2881.0,0.1,13.0,0.077,0.02,12.0,0.078,0.19,13275.0,HDB
2023-Q3,3,2023,5.7,1.1,0.222,2421.0,0.1,11.8,0.085,0.019,10.8,0.063,0.058,12310.0,HDB
2023-Q2,2,2023,5.7,1.1,0.223,2288.0,0.1,12.0,0.084,0.018,11.0,-0.009,0.01,11581.0,HDB
2023-Q1,1,2023,5.6,1.1,0.226,2265.0,0.1,11.2,0.089,0.019,10.2,0.047,0.022,11681.0,HDB
2022-Q4,4,2022,4.7,0.9,0.235,2217.0,0.1,10.7,0.094,0.02,9.7,0.049,0.03,11157.0,HDB
2022-Q3,3,2022,5.9,1.2,0.24,2151.0,0.1,10.7,0.093,0.02,9.7,0.051,0.084,10632.0,HDB
2022-Q2,2,2022,6.4,1.3,0.234,1984.0,0.1,10.9,0.092,0.019,9.9,0.078,0.082,10119.0,HDB
2022-Q1,1,2022,8.2,1.6,0.231,1833.0,0.1,11.6,0.086,0.018,10.6,-0.118,-0.124,9387.0,HDB
2021-Q4,4,2021,9.7,1.9,0.233,2092.0,0.1,12.2,0.082,0.017,11.2,0.052,0.08,10644.0,HDB
2021-Q3,3,2021,13.1,2.5,0.226,1937.0,0.1,11.8,0.085,0.018,10.8,0.056,0.065,10119.0,HDB
2021-Q2,2,2021,15.6,3.0,0.224,1820.0,0.1,11.9,0.084,0.018,10.9,0.05,0.069,9586.0,HDB
2021-Q1,1,2021,12.4,2.3,0.223,1702.0,0.1,12.3,0.081,0.018,11.3,-0.07,0.008,9130.0,HDB
2020-Q4,4,2020,11.2,1.9,0.202,1689.0,0.1,12.9,0.077,0.015,11.9,0.034,-0.015,9821.0,HDB
2020-Q3,3,2020,8.9,1.6,0.215,1714.0,0.1,11.4,0.087,0.018,10.4,0.052,0.047,9496.0,HDB
2020-Q2,2,2020,7.3,1.3,0.216,1637.0,0.1,10.7,0.094,0.018,9.7,0.061,0.115,9022.0,HDB
2020-Q1,1,2020,5.9,1.0,0.205,1468.0,0.1,10.8,0.092,0.017,9.8,-0.169,-0.188,8503.0,HDB
2019-Q4,4,2019,7.4,1.3,0.208,1809.0,0.1,11.3,0.089,0.016,10.3,0.04,0.105,10230.0,HDB
2019-Q3,3,2019,8.2,1.4,0.198,1638.0,0.1,11.1,0.09,0.016,10.1,0.053,0.113,9835.0,HDB
2019-Q2,2,2019,9.1,1.4,0.186,1471.0,0.1,11.3,0.088,0.015,10.3,0.05,0.017,9338.0,HDB
2019-Q1,1,2019,10.0,1.6,0.184,1447.0,0.1,11.4,0.087,0.015,10.4,0.053,0.015,8891.0,HDB
2018-Q4,4,2018,10.3,1.7,0.191,1426.0,0.1,12.8,0.078,0.014,11.8,0.055,0.179,8446.0,HDB
2018-Q3,3,2018,15.6,2.4,0.189,1210.0,0.1,12.5,0.08,0.013,11.5,0.043,-0.081,8008.0,HDB
2018-Q2,2,2018,13.3,2.3,0.216,1316.0,0.1,12.5,0.08,0.015,11.5,-0.03,0.173,7680.0,HDB
2018-Q1,1,2018,19.1,2.7,0.183,1122.0,0.1,12.1,0.083,0.013,11.1,0.069,0.281,7920.0,HDB
2017-Q4,4,2017,,,0.149,876.0,0.1,12.8,0.078,0.01,11.8,0.383,-0.002,7408.0,HDB
2017-Q3,3,2017,,,0.177,878.0,0.1,16.4,0.061,0.011,15.3,0.002,0.687,5356.0,HDB
2017-Q2,2,2017,,,0.111,520.0,0.1,15.9,0.063,0.007,14.9,0.112,0.166,5345.0,HDB
2014-Q1,1,2014,,,0.026,92.0,0.1,8.8,0.113,0.003,7.8,0.003,-0.152,4330.0,HDB
2024-Q4,4,2024,14.5,1.5,0.111,1879.0,1.0,2.0,0.509,0.058,1.0,0.025,-0.014,17878.0,HPG
2024-Q3,3,2024,13.8,1.5,0.115,1905.0,1.1,1.9,0.528,0.063,0.9,0.028,0.091,17446.0,HPG
2024-Q2,2,2024,16.2,1.7,0.108,1745.0,1.1,1.9,0.526,0.058,0.9,0.029,0.2,16974.0,HPG
2024-Q1,1,2024,18.9,1.7,0.092,1455.0,1.1,1.9,0.523,0.049,0.9,0.027,0.362,16497.0,HPG
2023-Q4,4,2023,23.8,1.6,0.069,1068.0,1.2,1.8,0.547,0.038,0.8,0.03,2.654,16067.0,HPG
2023-Q3,3,2023,81.7,1.5,0.019,292.0,1.4,1.7,0.575,0.01,0.7,0.021,-1.98,15601.0,HPG
2023-Q2,2,2023,-79.7,1.6,-0.019,-298.0,1.2,1.8,0.555,-0.01,0.8,0.015,-3.874,15287.0,HPG
2023-Q1,1,2023,182.1,1.3,0.007,103.0,1.2,1.8,0.549,0.004,0.8,0.004,-0.922,15063.0,HPG
2022-Q4,4,2022,12.3,1.1,0.091,1326.0,1.3,1.8,0.564,0.049,0.8,-0.02,-0.526,15009.0,HPG
2022-Q3,3,2022,6.9,1.3,0.197,2798.0,1.1,1.9,0.533,0.1,0.9,-0.018,-0.404,15315.0,HPG
2022-Q2,2,2022,4.3,1.3,0.346,4694.0,0.9,2.1,0.481,0.164,1.1,0.01,-0.159,15601.0,HPG
2022-Q1,1,2022,5.6,2.0,0.433,5584.0,1.1,1.9,0.532,0.22,0.9,-0.009,-0.058,15448.0,HPG
2021-Q4,4,2021,5.9,2.3,0.461,5929.0,1.0,2.0,0.508,0.223,1.0,0.077,0.088,15585.0,HPG
2021-Q3,3,2021,7.3,2.8,0.456,5449.0,0.9,2.1,0.482,0.217,1.1,0.14,0.262,14469.0,HPG
2021-Q2,2,2021,9.0,3.1,0.398,4318.0,0.9,2.2,0.462,0.184,1.2,0.117,0.385,12691.0,HPG
2021-Q1,1,2021,8.4,2.3,0.313,3118.0,0.9,2.1,0.475,0.147,1.1,0.118,0.349,11357.0,HPG
2020-Q4,4,2020,10.0,2.3,0.252,2311.0,0.8,2.2,0.449,0.115,1.2,0.078,0.254,10157.0,HPG
2020-Q3,3,2020,8.0,1.6,0.213,1843.0,0.9,2.1,0.466,0.1,1.1,0.046,0.232,9423.0,HPG
2020-Q2,2,2020,8.2,1.4,0.18,1496.0,0.9,2.1,0.465,0.085,1.1,0.051,0.089,9012.0,HPG
2020-Q1,1,2020,5.6,0.9,0.174,1374.0,0.9,2.1,0.466,0.083,1.1,-0.194,-0.181,8578.0,HPG
2019-Q4,4,2019,8.4,1.3,0.17,1678.0,0.9,2.1,0.468,0.083,1.1,0.038,0.021,10642.0,HPG
2019-Q3,3,2019,8.0,1.3,0.174,1644.0,0.9,2.1,0.471,0.088,1.1,0.04,-0.081,10254.0,HPG
2019-Q2,2,2019,7.9,1.4,0.199,1789.0,0.9,2.1,0.474,0.103,1.1,0.048,-0.02,9862.0,HPG
2019-Q1,1,2019,8.2,1.6,0.214,1824.0,1.0,2.0,0.495,0.117,1.0,0.039,-0.048,9407.0,HPG
2018-Q4,4,2018,7.5,1.6,0.236,1916.0,1.1,1.9,0.517,0.131,0.9,0.041,-0.069,9050.0,HPG
2018-Q3,3,2018,9.5,2.3,0.267,2057.0,1.3,1.8,0.555,0.155,0.8,0.066,0.029,8697.0,HPG
2018-Q2,2,2018,8.9,2.2,0.301,1999.0,1.4,1.7,0.588,0.176,0.7,0.064,0.079,8160.0,HPG
2018-Q1,1,2018,10.8,2.6,0.298,1851.0,1.7,1.6,0.63,0.181,0.6,0.063,0.035,7669.0,HPG
2017-Q4,4,2017,8.6,2.1,0.308,1790.0,1.6,1.6,0.609,0.186,0.6,0.075,0.059,7218.0,HPG
2017-Q3,3,2017,7.6,1.9,0.315,1690.0,1.7,1.6,0.621,0.197,0.6,0.315,0.076,6714.0,HPG
2017-Q2,2,2017,6.7,2.1,0.349,1570.0,1.4,1.7,0.576,0.209,0.7,0.072,-0.065,5105.0,HPG
2017-Q1,1,2017,5.6,2.0,0.409,1679.0,1.4,1.7,0.576,0.241,0.7,0.079,0.138,4761.0,HPG
2016-Q4,4,2016,6.0,2.0,0.386,1475.0,1.5,1.7,0.594,0.225,0.7,0.099,0.265,4415.0,HPG
2016-Q3,3,2016,8.1,2.3,0.326,1166.0,1.7,1.6,0.631,0.197,0.6,0.029,0.123,4015.0,HPG
2016-Q2,2,2016,6.6,1.8,0.304,1038.0,1.7,1.6,0.63,0.183,0.6,0.131,0.204,3900.0,HPG
2016-Q1,1,2016,5.9,1.5,0.278,862.0,1.5,1.7,0.606,0.163,0.6,0.068,0.107,3447.0,HPG
2015-Q4,4,2015,6.5,1.6,0.265,779.0,1.3,1.8,0.566,0.146,0.8,0.029,0.027,3229.0,HPG
2015-Q3,3,2015,7.0,1.7,0.266,758.0,1.3,1.8,0.571,0.149,0.7,0.082,0.054,3139.0,HPG
2015-Q2,2,2015,7.0,1.7,0.271,719.0,1.3,1.8,0.565,0.149,0.7,0.06,0.101,2901.0,HPG
2015-Q1,1,2015,7.6,1.8,0.258,653.0,1.3,1.8,0.559,0.134,0.8,0.038,-0.07,2735.0,HPG
2024-Q4,4,2024,11.0,2.5,0.251,3254.0,0.1,11.7,0.085,0.022,10.7,0.066,0.004,14507.0,LPB
2024-Q3,3,2024,8.4,2.0,0.288,3240.0,0.1,11.2,0.089,0.024,10.2,0.061,0.16,13613.0,LPB
2024-Q2,2,2024,8.6,1.9,0.261,2792.0,0.1,11.5,0.087,0.021,10.5,0.053,0.259,12833.0,LPB
2024-Q1,1,2024,6.8,1.2,0.215,2218.0,0.1,11.3,0.089,0.018,10.3,0.067,0.189,12190.0,LPB
2023-Q4,4,2023,7.2,1.2,0.192,1865.0,0.1,11.2,0.089,0.016,10.2,0.288,0.543,11420.0,LPB
2023-Q3,3,2023,9.8,1.3,0.145,1209.0,0.1,13.8,0.072,0.011,12.8,0.039,0.002,8867.0,LPB
2023-Q2,2,2023,8.3,1.2,0.159,1207.0,0.1,13.7,0.073,0.011,12.7,0.008,-0.168,8535.0,LPB
2023-Q1,1,2023,7.1,1.2,0.199,1450.0,0.1,13.3,0.075,0.014,12.3,0.052,-0.039,8468.0,LPB
2022-Q4,4,2022,5.8,1.1,0.221,1509.0,0.1,13.6,0.073,0.015,12.6,0.029,0.005,8052.0,LPB
2022-Q3,3,2022,5.0,1.0,0.227,1502.0,0.1,13.4,0.075,0.016,12.4,0.184,0.091,7828.0,LPB
2022-Q2,2,2022,5.5,1.1,0.233,1376.0,0.1,15.2,0.066,0.015,14.2,0.084,0.203,6611.0,LPB
2022-Q1,1,2022,9.9,1.9,0.205,1144.0,0.1,15.6,0.064,0.013,14.6,-0.071,0.018,6100.0,LPB
2021-Q4,4,2021,12.1,2.1,0.185,1123.0,0.1,17.2,0.058,0.011,16.2,0.04,0.066,6569.0,LPB
2021-Q3,3,2021,18.6,3.1,0.18,1053.0,0.1,15.8,0.063,0.012,14.8,0.039,0.008,6317.0,LPB
2021-Q2,2,2021,23.1,4.0,0.186,1045.0,0.1,16.4,0.061,0.011,15.4,0.029,0.186,6078.0,LPB
2021-Q1,1,2021,15.9,2.4,0.16,880.0,0.1,16.2,0.062,0.01,15.2,-0.282,-0.182,5907.0,LPB
2020-Q4,4,2020,9.3,1.2,0.139,1076.0,0.1,17.0,0.059,0.008,16.0,0.034,0.105,8230.0,LPB
2020-Q3,3,2020,8.5,1.0,0.129,974.0,0.1,15.4,0.065,0.008,14.4,0.045,0.116,7960.0,LPB
2020-Q2,2,2020,6.9,0.8,0.12,872.0,0.1,16.2,0.062,0.007,15.2,0.008,-0.1,7620.0,LPB
2020-Q1,1,2020,4.3,0.5,0.136,969.0,0.1,15.5,0.064,0.009,14.5,-0.277,-0.271,7556.0,LPB
2019-Q4,4,2019,4.4,0.6,0.14,1329.0,0.1,16.1,0.062,0.008,15.1,0.024,0.108,10451.0,LPB
2019-Q3,3,2019,4.7,0.5,0.129,1200.0,0.1,15.7,0.064,0.008,14.7,0.035,0.102,10211.0,LPB
2019-Q2,2,2019,5.2,0.6,0.121,1089.0,0.1,16.0,0.063,0.007,15.0,0.022,0.434,9868.0,LPB
2019-Q1,1,2019,8.8,0.7,0.086,759.0,0.1,15.7,0.064,0.005,14.7,0.139,-0.008,9652.0,LPB
2018-Q4,4,2018,9.1,0.8,0.094,765.0,0.1,17.2,0.058,0.005,16.2,0.013,-0.105,8475.0,LPB
2018-Q3,3,2018,8.5,0.9,0.107,855.0,0.1,16.6,0.06,0.007,15.6,0.033,-0.119,8364.0,LPB
2018-Q2,2,2018,8.1,1.0,0.127,971.0,0.1,18.0,0.055,0.007,17.0,0.009,-0.185,8099.0,LPB
2018-Q1,1,2018,8.8,1.3,0.159,1192.0,0.1,17.6,0.057,0.009,16.6,0.029,0.41,8024.0,LPB
2017-Q4,4,2017,10.2,1.1,0.115,845.0,0.1,17.4,0.057,0.007,16.4,0.026,0.312,7796.0,LPB
2017-Q3,3,2017,,,0.091,644.0,0.1,16.2,0.062,0.006,15.2,0.048,1.178,7594.0,LPB
2017-Q2,2,2017,,,0.043,295.0,0.1,16.3,0.061,0.003,15.3,0.043,,7246.0,LPB
2017-Q1,1,2017,,,,,0.1,16.5,0.061,,15.5,0.004,,6950.0,LPB
2016-Q4,4,2016,,,,,0.1,17.0,0.059,,16.0,0.046,,6922.0,LPB
2016-Q3,3,2016,,,,,0.1,16.7,0.06,,15.7,0.043,,6620.0,LPB
2016-Q2,2,2016,,,,,0.1,16.7,0.06,,15.7,0.021,,6346.0,LPB
2016-Q1,1,2016,,,,,0.1,15.1,0.066,,14.1,-0.016,,6216.0,LPB
2015-Q4,4,2015,,,,,0.1,14.2,0.071,,13.2,0.006,,6314.0,LPB
2015-Q3,3,2015,,,,,0.1,14.1,0.071,,13.1,0.022,,6278.0,LPB
2024-Q4,4,2024,6.4,1.2,0.221,3709.0,0.1,9.6,0.104,0.022,8.6,0.064,0.061,19182.0,MBB
2024-Q3,3,2024,6.4,1.2,0.22,3496.0,0.1,9.4,0.107,0.023,8.4,0.056,0.001,18029.0,MBB
2024-Q2,2,2024,5.5,1.1,0.234,3493.0,0.1,9.5,0.105,0.024,8.5,0.028,0.056,17077.0,MBB
2024-Q1,1,2024,6.5,1.3,0.227,3307.0,0.1,8.9,0.113,0.024,7.9,0.048,-0.024,16607.0,MBB
2023-Q4,4,2023,4.7,1.0,0.245,3388.0,0.1,9.8,0.102,0.025,8.8,0.054,0.081,15848.0,MBB
2023-Q3,3,2023,5.0,1.0,0.239,3134.0,0.1,8.9,0.112,0.026,7.9,0.066,0.049,15037.0,MBB
2023-Q2,2,2023,5.0,1.1,0.243,2987.0,0.1,9.4,0.107,0.025,8.4,0.015,0.015,14104.0,MBB
2023-Q1,1,2023,4.5,0.9,0.248,2943.0,0.1,9.0,0.111,0.025,8.0,-0.074,-0.107,13891.0,MBB
2022-Q4,4,2022,4.3,0.9,0.258,3294.0,0.1,9.2,0.109,0.026,8.2,0.049,-0.005,15003.0,MBB
2022-Q3,3,2022,5.0,1.2,0.273,3312.0,0.1,8.7,0.116,0.029,7.7,0.071,0.118,14305.0,MBB
2022-Q2,2,2022,5.6,1.3,0.26,2962.0,0.1,9.3,0.108,0.027,8.3,0.057,0.148,13362.0,MBB
2022-Q1,1,2022,8.8,1.8,0.237,2580.0,0.1,9.7,0.103,0.024,8.7,0.055,0.059,12638.0,MBB
2021-Q4,4,2021,9.9,2.0,0.236,2435.0,0.1,9.7,0.103,0.023,8.7,0.062,0.144,11984.0,MBB
2021-Q3,3,2021,10.9,2.1,0.217,2129.0,0.1,9.4,0.106,0.023,8.4,0.052,0.064,11286.0,MBB
2021-Q2,2,2021,13.4,2.5,0.215,2001.0,0.1,9.4,0.107,0.022,8.4,0.041,0.033,10727.0,MBB
2021-Q1,1,2021,9.0,1.7,0.216,1937.0,0.1,9.5,0.105,0.022,8.5,-0.068,0.063,10303.0,MBB
2020-Q4,4,2020,7.8,1.3,0.192,1822.0,0.1,9.9,0.101,0.018,8.9,0.038,0.007,11049.0,MBB
2020-Q3,3,2020,5.9,1.0,0.2,1808.0,0.1,8.9,0.113,0.02,7.9,0.054,0.023,10642.0,MBB
2020-Q2,2,2020,5.0,0.9,0.207,1768.0,0.1,9.2,0.109,0.019,8.2,0.041,0.045,10101.0,MBB
2020-Q1,1,2020,4.3,0.7,0.201,1692.0,0.1,9.2,0.108,0.019,8.2,-0.081,-0.182,9700.0,MBB
2019-Q4,4,2019,6.5,1.3,0.221,2070.0,0.1,10.3,0.097,0.02,9.3,0.058,0.066,10556.0,MBB
2019-Q3,3,2019,7.6,1.5,0.218,1943.0,0.1,10.5,0.095,0.02,9.5,0.061,0.06,9973.0,MBB
2019-Q2,2,2019,6.8,1.3,0.218,1833.0,0.1,11.3,0.088,0.019,10.3,-0.017,0.072,9402.0,MBB
2019-Q1,1,2019,7.6,1.4,0.202,1709.0,0.1,10.6,0.094,0.018,9.6,0.057,0.051,9562.0,MBB
2018-Q4,4,2018,6.9,1.2,0.202,1627.0,0.1,10.6,0.094,0.018,9.6,0.029,0.216,9044.0,MBB
2018-Q3,3,2018,10.0,1.5,0.173,1338.0,0.1,10.4,0.097,0.016,9.4,0.06,0.126,8788.0,MBB
2018-Q2,2,2018,10.8,1.5,0.161,1188.0,0.1,10.6,0.094,0.015,9.6,0.01,0.091,8292.0,MBB
2018-Q1,1,2018,15.5,2.1,0.151,1089.0,0.1,10.2,0.098,0.015,9.2,0.048,0.191,8212.0,MBB
2017-Q4,4,2017,13.3,1.5,0.129,915.0,0.1,10.6,0.094,0.012,9.6,0.04,-0.077,7834.0,MBB
2017-Q3,3,2017,10.5,1.4,0.144,991.0,0.1,10.3,0.097,0.014,9.3,0.042,0.132,7533.0,MBB
2017-Q2,2,2017,11.6,1.4,0.132,875.0,0.1,10.1,0.099,0.013,9.1,0.038,0.091,7227.0,MBB
2017-Q1,1,2017,8.7,1.0,0.125,802.0,0.1,9.5,0.105,0.013,8.5,-0.011,0.065,6962.0,MBB
2016-Q4,4,2016,8.1,0.9,0.119,753.0,0.1,9.6,0.104,0.012,8.6,0.033,0.051,7037.0,MBB
2016-Q3,3,2016,8.6,0.9,0.116,717.0,0.1,9.3,0.107,0.012,8.3,0.045,0.06,6811.0,MBB
2016-Q2,2,2016,9.2,1.0,0.122,676.0,0.1,9.7,0.103,0.012,8.7,0.052,-0.008,6516.0,MBB
2016-Q1,1,2016,8.7,1.0,0.127,681.0,0.1,9.8,0.102,0.012,8.7,0.036,0.034,6195.0,MBB
2015-Q4,4,2015,9.2,1.0,0.127,659.0,0.1,9.8,0.102,0.012,8.8,0.02,-0.033,5979.0,MBB
2015-Q3,3,2015,9.1,1.1,0.132,681.0,0.1,9.4,0.106,0.013,8.4,0.247,-0.006,5861.0,MBB
2015-Q2,2,2015,8.6,1.3,0.152,685.0,0.1,11.5,0.087,0.013,10.5,0.037,0.05,4702.0,MBB
2015-Q1,1,2015,8.2,1.2,0.15,653.0,0.1,11.5,0.087,0.013,10.5,0.035,-0.003,4536.0,MBB
2024-Q4,4,2024,49.3,3.3,0.07,1389.0,0.4,4.9,0.205,0.014,2.6,0.025,0.472,21025.0,MSN
2024-Q3,3,2024,80.2,3.7,0.048,944.0,0.4,5.2,0.191,0.009,2.7,-0.123,0.925,20512.0,MSN
2024-Q2,2,2024,152.3,3.2,0.023,490.0,0.4,4.7,0.214,0.005,2.4,0.258,1.289,23380.0,MSN
2024-Q1,1,2024,346.4,4.0,0.012,214.0,0.4,5.5,0.182,0.002,2.8,0.006,-0.264,18582.0,MSN
2023-Q4,4,2023,230.2,3.6,0.016,291.0,0.4,5.5,0.18,0.003,2.9,-0.008,-0.487,18465.0,MSN
2023-Q3,3,2023,134.6,4.1,0.031,567.0,0.4,5.4,0.185,0.006,2.8,0.011,-0.378,18620.0,MSN
2023-Q2,2,2023,82.5,4.1,0.047,911.0,0.4,5.3,0.188,0.01,2.8,0.004,-0.401,18422.0,MSN
2023-Q1,1,2023,51.2,4.2,0.081,1519.0,0.3,5.5,0.181,0.016,2.9,0.009,-0.387,18350.0,MSN
2022-Q4,4,2022,37.5,5.1,0.121,2479.0,0.3,5.4,0.185,0.027,2.9,0.02,-0.627,18182.0,MSN
2022-Q3,3,2022,14.9,5.6,0.405,6644.0,0.4,5.0,0.2,0.076,2.6,-0.122,-0.059,17833.0,MSN
2022-Q2,2,2022,15.7,5.5,0.402,7064.0,0.4,4.3,0.233,0.083,2.2,0.062,0.019,20301.0,MSN
2022-Q1,1,2022,17.0,6.2,0.457,6932.0,0.4,4.5,0.221,0.083,2.4,-0.167,0.158,19110.0,MSN
2021-Q4,4,2021,23.6,6.2,0.351,5984.0,0.5,3.8,0.26,0.071,2.0,0.525,2.581,22931.0,MSN
2021-Q3,3,2021,70.5,7.8,0.114,1671.0,0.4,5.7,0.174,0.021,2.8,0.008,0.141,15037.0,MSN
2021-Q2,2,2021,62.3,6.1,0.094,1464.0,0.4,5.7,0.177,0.019,2.8,0.32,0.397,14918.0,MSN
2021-Q1,1,2021,72.3,6.7,0.051,1047.0,0.3,7.2,0.139,0.014,3.6,0.01,0.209,11302.0,MSN
2020-Q4,4,2020,84.0,6.5,0.042,866.0,0.3,7.3,0.138,0.012,3.6,-0.225,-0.489,11194.0,MSN
2020-Q3,3,2020,26.0,3.1,0.089,1697.0,0.4,5.3,0.188,0.027,2.8,-0.112,-0.363,14441.0,MSN
2020-Q2,2,2020,16.4,2.7,0.139,2664.0,0.4,4.5,0.22,0.044,2.4,-0.454,-0.178,16255.0,MSN
2020-Q1,1,2020,12.2,1.3,0.127,3240.0,1.0,2.5,0.403,0.054,1.0,-0.179,-0.312,29769.0,MSN
2019-Q4,4,2019,11.8,1.5,0.154,4707.0,1.1,2.3,0.44,0.069,0.9,0.271,0.059,36237.0,MSN
2019-Q3,3,2019,17.3,2.7,0.205,4444.0,1.1,2.2,0.465,0.076,0.9,0.076,0.393,28500.0,MSN
2019-Q2,2,2019,25.5,3.1,0.156,3191.0,1.1,2.2,0.46,0.057,0.9,0.035,-0.241,26495.0,MSN
2019-Q1,1,2019,19.6,3.2,0.22,4206.0,1.2,2.2,0.464,0.078,0.9,0.024,0.01,25587.0,MSN
2018-Q4,4,2018,18.2,3.0,0.222,4164.0,1.1,2.2,0.457,0.077,0.9,0.674,-0.133,24977.0,MSN
2018-Q3,3,2018,18.9,6.1,0.309,4801.0,0.5,3.7,0.272,0.087,1.9,0.036,-0.002,14925.0,MSN
2018-Q2,2,2018,16.1,5.4,0.322,4810.0,0.5,3.8,0.265,0.088,1.9,0.146,0.542,14412.0,MSN
2018-Q1,1,2018,35.7,8.8,0.243,3118.0,0.5,4.2,0.24,0.057,2.2,0.001,0.187,12577.0,MSN
2017-Q4,4,2017,28.6,6.0,0.206,2628.0,0.5,4.3,0.234,0.045,2.1,-0.223,0.439,12567.0,MSN
2017-Q3,3,2017,29.6,3.3,0.124,1826.0,0.6,3.5,0.289,0.031,1.6,0.045,-0.025,16169.0,MSN
2017-Q2,2,2017,22.0,2.7,0.13,1873.0,0.6,3.6,0.279,0.033,1.7,0.177,-0.203,15470.0,MSN
2017-Q1,1,2017,19.6,3.5,0.181,2350.0,0.4,4.4,0.229,0.041,2.3,0.016,-0.006,13140.0,MSN
2016-Q4,4,2016,17.1,3.1,0.175,2364.0,0.4,4.8,0.209,0.039,2.6,-0.034,0.018,12940.0,MSN
2016-Q3,3,2016,18.9,3.3,0.174,2322.0,0.5,4.6,0.216,0.039,2.1,0.008,0.276,13401.0,MSN
2016-Q2,2,2016,22.8,3.1,0.138,1820.0,0.5,4.4,0.229,0.031,2.0,0.041,0.244,13297.0,MSN
2016-Q1,1,2016,30.5,3.5,0.115,1463.0,0.5,4.5,0.224,0.03,1.9,-0.092,0.168,12780.0,MSN
2015-Q4,4,2015,38.6,3.4,0.093,1252.0,0.6,4.3,0.231,0.024,1.7,0.058,-0.25,14073.0,MSN
2015-Q3,3,2015,27.6,3.5,0.131,1668.0,0.6,4.4,0.227,0.034,1.7,0.022,0.108,13295.0,MSN
2015-Q2,2,2015,33.5,3.9,0.12,1505.0,0.6,4.6,0.215,0.03,1.7,0.905,0.492,13007.0,MSN
2015-Q1,1,2015,47.6,7.0,0.08,1008.0,0.6,6.1,0.164,0.025,1.8,-0.006,0.103,6827.0,MSN
2024-Q4,4,2024,23.4,3.1,0.146,2546.0,0.7,2.5,0.395,0.057,1.5,0.031,0.255,18992.0,MWG
2024-Q3,3,2024,33.6,3.7,0.118,2028.0,0.7,2.5,0.402,0.047,1.5,0.03,0.346,18416.0,MWG
2024-Q2,2,2024,41.4,3.5,0.089,1507.0,0.7,2.5,0.397,0.035,1.5,0.033,1.101,17873.0,MWG
2024-Q1,1,2024,70.6,2.9,0.043,717.0,0.7,2.5,0.398,0.018,1.4,0.083,5.255,17298.0,MWG
2023-Q4,4,2023,370.1,2.7,0.007,114.0,0.6,2.6,0.388,0.003,1.6,0.004,-0.759,15974.0,MWG
2023-Q3,3,2023,109.5,3.3,0.03,476.0,0.7,2.5,0.397,0.012,1.5,0.002,-0.555,15913.0,MWG
2023-Q2,2,2023,39.8,2.7,0.069,1070.0,0.6,2.6,0.391,0.026,1.6,-0.03,-0.416,15887.0,MWG
2023-Q1,1,2023,20.7,2.3,0.117,1831.0,0.8,2.3,0.444,0.046,1.3,0.001,-0.347,16379.0,MWG
2022-Q4,4,2022,15.0,2.6,0.185,2805.0,0.8,2.3,0.428,0.069,1.3,0.027,-0.187,16365.0,MWG
2022-Q3,3,2022,18.2,3.9,0.24,3450.0,0.6,2.6,0.38,0.091,1.6,0.041,0.025,15941.0,MWG
2022-Q2,2,2022,20.9,4.6,0.242,3368.0,0.6,2.6,0.378,0.087,1.6,0.027,-0.017,15320.0,MWG
2022-Q1,1,2022,20.8,4.8,0.258,3424.0,0.5,2.9,0.349,0.089,1.9,0.071,0.022,14914.0,MWG
2021-Q4,4,2021,20.0,4.8,0.273,3349.0,0.5,3.1,0.323,0.09,2.1,0.084,0.145,13926.0,MWG
2021-Q3,3,2021,21.7,4.9,0.252,2925.0,0.6,2.7,0.375,0.094,1.7,0.03,-0.037,12853.0,MWG
2021-Q2,2,2021,16.5,4.0,0.273,3038.0,0.5,3.0,0.338,0.096,2.0,0.077,0.077,12478.0,MWG
2021-Q1,1,2021,15.2,3.7,0.272,2820.0,0.5,2.9,0.34,0.095,1.9,0.096,0.053,11586.0,MWG
2020-Q4,4,2020,14.7,3.7,0.284,2677.0,0.5,3.0,0.335,0.089,2.0,0.017,0.021,10573.0,MWG
2020-Q3,3,2020,13.0,3.3,0.29,2621.0,0.6,2.7,0.374,0.105,1.7,0.066,0.026,10395.0,MWG
2020-Q2,2,2020,10.3,2.7,0.303,2555.0,0.6,2.7,0.372,0.105,1.7,0.067,-0.047,9747.0,MWG
2020-Q1,1,2020,7.1,2.1,0.336,2682.0,0.6,2.8,0.363,0.117,1.8,-0.463,-0.501,9136.0,MWG
2019-Q4,4,2019,13.9,4.4,0.363,5378.0,0.4,3.4,0.291,0.11,2.4,0.076,0.046,17024.0,MWG
2019-Q3,3,2019,16.1,5.2,0.377,5143.0,0.5,2.9,0.349,0.127,1.9,0.082,0.06,15827.0,MWG
2019-Q2,2,2019,12.5,4.2,0.386,4852.0,0.5,3.1,0.318,0.121,2.1,0.041,0.112,14623.0,MWG
2019-Q1,1,2019,12.5,3.9,0.36,4365.0,0.5,3.0,0.329,0.115,2.0,0.115,0.081,14043.0,MWG
2018-Q4,4,2018,13.9,4.5,0.387,4038.0,0.5,3.1,0.319,0.113,2.1,0.1,0.044,12591.0,MWG
2018-Q3,3,2018,15.9,5.4,0.412,3869.0,0.5,3.1,0.319,0.131,2.1,0.086,0.031,11442.0,MWG
2018-Q2,2,2018,14.7,5.2,0.439,3753.0,0.4,3.2,0.309,0.137,2.2,0.034,0.09,10534.0,MWG
2018-Q1,1,2018,15.6,5.3,0.421,3443.0,0.4,3.3,0.307,0.13,2.3,0.23,0.113,10187.0,MWG
2017-Q4,4,2017,20.2,7.5,0.453,3093.0,0.3,3.9,0.259,0.117,2.9,0.127,0.109,8284.0,MWG
2017-Q3,3,2017,19.9,7.5,0.456,2790.0,0.5,3.2,0.315,0.148,2.2,0.121,0.098,7353.0,MWG
2017-Q2,2,2017,19.3,7.5,0.466,2541.0,0.5,3.1,0.319,0.16,2.1,0.064,0.055,6560.0,MWG
2017-Q1,1,2017,16.5,6.4,0.471,2409.0,0.5,3.2,0.312,0.156,2.2,0.145,0.089,6167.0,MWG
2016-Q4,4,2016,16.7,6.8,0.499,2212.0,0.4,3.9,0.259,0.143,2.9,0.102,0.015,5385.0,MWG
2016-Q3,3,2016,15.1,6.7,0.552,2179.0,0.5,2.9,0.342,0.207,1.9,0.125,0.069,4886.0,MWG
2016-Q2,2,2016,14.3,6.7,0.579,2038.0,0.6,2.6,0.387,0.242,1.6,0.068,0.155,4343.0,MWG
2016-Q1,1,2016,9.9,4.3,0.546,1764.0,0.6,2.7,0.364,0.216,1.7,0.168,0.174,4067.0,MWG
2015-Q4,4,2015,12.1,5.2,0.542,1503.0,0.5,2.9,0.342,0.201,1.9,0.154,0.159,3481.0,MWG
2015-Q3,3,2015,10.9,4.7,0.537,1296.0,0.8,2.2,0.447,0.241,1.2,0.117,0.138,3016.0,MWG
2015-Q2,2,2015,14.9,6.3,0.533,1139.0,0.9,2.1,0.479,0.26,1.1,0.136,0.108,2701.0,MWG
2024-Q4,4,2024,18.2,2.0,0.111,2274.0,0.6,3.1,0.32,0.036,1.8,0.022,-0.032,20475.0,PLX
2024-Q3,3,2024,18.9,2.2,0.118,2349.0,0.7,2.8,0.363,0.039,1.4,0.001,-0.184,20031.0,PLX
2024-Q2,2,2024,14.2,2.0,0.146,2878.0,0.6,2.9,0.34,0.047,1.6,-0.058,0.12,20007.0,PLX
2024-Q1,1,2024,14.0,1.7,0.125,2569.0,0.6,3.0,0.334,0.044,1.7,0.041,0.161,21248.0,PLX
2023-Q4,4,2023,15.0,1.6,0.111,2213.0,0.6,3.0,0.328,0.037,1.7,0.025,-0.158,20403.0,PLX
2023-Q3,3,2023,13.7,1.8,0.137,2627.0,0.5,3.2,0.309,0.044,1.9,0.02,0.237,19904.0,PLX
2023-Q2,2,2023,16.6,1.8,0.112,2124.0,0.5,3.2,0.311,0.034,1.9,-0.01,0.452,19510.0,PLX
2023-Q1,1,2023,24.2,1.8,0.074,1463.0,0.7,2.7,0.365,0.024,1.4,0.02,0.254,19716.0,PLX
2022-Q4,4,2022,25.7,1.6,0.06,1167.0,0.6,3.0,0.333,0.021,1.7,0.054,0.63,19332.0,PLX
2022-Q3,3,2022,41.7,1.6,0.038,716.0,0.6,3.0,0.328,0.014,1.7,0.004,0.026,18335.0,PLX
2022-Q2,2,2022,52.3,2.0,0.037,698.0,0.5,3.5,0.286,0.012,2.1,-0.09,-0.632,18267.0,PLX
2022-Q1,1,2022,26.4,2.5,0.099,1898.0,0.5,3.3,0.306,0.033,1.9,0.019,-0.148,20072.0,PLX
2021-Q4,4,2021,22.8,2.6,0.122,2227.0,0.8,2.6,0.389,0.045,1.3,0.02,-0.107,19698.0,PLX
2021-Q3,3,2021,20.7,2.7,0.141,2493.0,0.8,2.5,0.398,0.053,1.2,0.006,-0.197,19310.0,PLX
2021-Q2,2,2021,17.6,2.9,0.178,3105.0,0.7,2.8,0.36,0.062,1.5,0.04,0.119,19190.0,PLX
2021-Q1,1,2021,19.5,2.9,0.167,2774.0,0.7,2.8,0.364,0.059,1.4,0.107,2.632,18458.0,PLX
2020-Q4,4,2020,70.0,3.2,0.044,763.0,0.7,2.9,0.346,0.016,1.5,0.037,-0.041,16667.0,PLX
2020-Q3,3,2020,61.8,3.1,0.048,796.0,0.7,2.8,0.355,0.018,1.5,0.026,-0.095,16078.0,PLX
2020-Q2,2,2020,48.6,2.7,0.056,880.0,0.6,3.0,0.333,0.019,1.6,0.06,-0.085,15669.0,PLX
2020-Q1,1,2020,36.5,2.4,0.06,962.0,0.7,2.9,0.341,0.021,1.5,-0.186,-0.717,14788.0,PLX
2019-Q4,4,2019,15.0,2.8,0.198,3397.0,0.7,2.7,0.373,0.073,1.4,0.049,0.035,18158.0,PLX
2019-Q3,3,2019,16.8,3.2,0.2,3281.0,0.8,2.6,0.379,0.069,1.3,0.104,0.038,17307.0,PLX
2019-Q2,2,2019,17.2,3.5,0.207,3159.0,0.6,2.9,0.34,0.064,1.6,-0.103,0.001,15677.0,PLX
2019-Q1,1,2019,16.5,3.0,0.184,3158.0,0.7,2.7,0.374,0.065,1.4,0.084,0.082,17480.0,PLX
2018-Q4,4,2018,15.9,2.9,0.181,2919.0,0.7,2.8,0.363,0.06,1.4,0.045,-0.024,16122.0,PLX
2018-Q3,3,2018,20.8,4.0,0.195,2993.0,0.6,3.2,0.313,0.062,1.8,0.039,0.009,15427.0,PLX
2018-Q2,2,2018,17.3,3.5,0.183,2967.0,0.5,3.5,0.282,0.06,2.1,-0.116,0.117,14846.0,PLX
2018-Q1,1,2018,26.3,4.2,0.16,2657.0,0.6,3.0,0.329,0.055,1.7,0.045,-0.026,16791.0,PLX
2017-Q4,4,2017,23.0,3.9,0.172,2728.0,0.6,3.3,0.307,0.057,1.7,0.048,-0.185,16075.0,PLX
2017-Q3,3,2017,15.7,3.4,0.227,3348.0,0.6,3.1,0.324,0.077,1.6,-0.128,-0.038,15332.0,PLX
2024-Q4,4,2024,15.0,2.8,0.182,3376.0,2.7,1.4,0.696,0.128,0.4,-0.066,0.004,18152.0,SAB
2024-Q3,3,2024,16.6,2.9,0.172,3361.0,4.4,1.3,0.774,0.131,0.2,0.046,0.018,19442.0,SAB
2024-Q2,2,2024,17.0,3.0,0.176,3303.0,2.8,1.4,0.698,0.125,0.4,-0.053,0.021,18593.0,SAB
2024-Q1,1,2024,16.4,2.7,0.168,3233.0,4.6,1.3,0.783,0.13,0.2,0.04,0.007,19635.0,SAB
2023-Q4,4,2023,17.9,3.0,0.174,3210.0,3.0,1.4,0.711,0.12,0.3,-0.04,-0.023,18878.0,SAB
2023-Q3,3,2023,20.1,3.4,0.17,3285.0,3.8,1.3,0.755,0.125,0.3,0.042,-0.066,19667.0,SAB
2023-Q2,2,2023,19.9,3.7,0.191,3517.0,3.1,1.4,0.719,0.139,0.3,0.005,-0.101,18870.0,SAB
2023-Q1,1,2023,21.3,4.4,0.221,3914.0,4.3,1.3,0.765,0.164,0.2,0.041,-0.039,18782.0,SAB
2022-Q4,4,2022,18.4,4.2,0.236,4072.0,2.5,1.5,0.671,0.161,0.4,-0.051,-0.049,18042.0,SAB
2022-Q3,3,2022,19.1,4.3,0.241,4283.0,3.2,1.4,0.718,0.176,0.3,0.06,0.195,19003.0,SAB
2022-Q2,2,2022,19.1,3.8,0.21,3583.0,3.6,1.4,0.734,0.153,0.3,0.075,0.17,17933.0,SAB
2022-Q1,1,2022,23.0,4.2,0.19,3061.0,3.2,1.4,0.716,0.138,0.3,0.008,0.068,16686.0,SAB
2021-Q4,4,2021,25.0,4.3,0.179,2867.0,2.9,1.4,0.696,0.127,0.3,0.0,-0.04,16546.0,SAB
2021-Q3,3,2021,51.3,9.2,0.187,2985.0,3.9,1.3,0.747,0.136,0.3,0.02,-0.199,16550.0,SAB
2021-Q2,2,2021,44.4,10.2,0.243,3725.0,3.5,1.4,0.729,0.175,0.3,0.049,-0.034,16233.0,SAB
2021-Q1,1,2021,45.7,11.4,0.267,3854.0,3.6,1.4,0.736,0.193,0.3,-0.502,-0.477,15477.0,SAB
2020-Q4,4,2020,25.7,6.1,0.244,7365.0,3.4,1.4,0.728,0.174,0.3,0.007,0.107,31094.0,SAB
2020-Q3,3,2020,26.5,5.7,0.226,6652.0,3.2,1.4,0.715,0.163,0.3,0.074,0.002,30883.0,SAB
2020-Q2,2,2020,22.7,5.2,0.237,6642.0,3.1,1.4,0.705,0.17,0.3,0.07,-0.06,28760.0,SAB
2020-Q1,1,2020,16.7,4.4,0.272,7068.0,3.2,1.4,0.712,0.192,0.3,-0.084,-0.103,26870.0,SAB
2019-Q4,4,2019,27.9,7.5,0.299,7880.0,2.9,1.4,0.697,0.205,0.3,0.052,0.03,29324.0,SAB
2019-Q3,3,2019,33.2,9.1,0.284,7653.0,3.3,1.4,0.722,0.205,0.3,0.02,0.092,27882.0,SAB
2019-Q2,2,2019,37.6,9.6,0.271,7011.0,3.4,1.4,0.729,0.195,0.3,0.085,0.05,27337.0,SAB
2019-Q1,1,2019,35.8,9.5,0.279,6677.0,3.0,1.4,0.701,0.196,0.3,0.074,0.026,25191.0,SAB
2018-Q4,4,2018,39.4,10.9,0.291,6510.0,2.6,1.5,0.672,0.188,0.4,-0.096,-0.069,23459.0,SAB
2018-Q3,3,2018,30.0,8.1,0.285,6991.0,3.3,1.4,0.724,0.203,0.3,0.06,-0.027,25959.0,SAB
2018-Q2,2,2018,29.6,8.7,0.312,7183.0,3.2,1.4,0.713,0.219,0.3,0.084,-0.02,24496.0,SAB
2018-Q1,1,2018,31.0,10.1,0.348,7326.0,3.0,1.4,0.698,0.238,0.3,0.058,-0.003,22595.0,SAB
2017-Q4,4,2017,31.6,10.9,0.377,7346.0,2.0,1.6,0.62,0.228,0.5,-0.076,0.055,21355.0,SAB
2017-Q3,3,2017,34.8,10.5,0.317,6966.0,3.0,1.4,0.698,0.203,0.3,0.074,-0.028,23119.0,SAB
2017-Q2,2,2017,27.1,9.0,0.338,7169.0,2.8,1.5,0.687,0.214,0.4,0.103,-0.012,21531.0,SAB
2017-Q1,1,2017,25.7,9.5,0.352,7255.0,2.6,1.5,0.667,0.229,0.4,0.106,0.04,19517.0,SAB
2016-Q4,4,2016,26.4,10.4,0.367,6978.0,1.8,1.7,0.588,0.219,0.6,-0.155,0.102,17649.0,SAB
2016-Q3,3,2016,,,0.303,6334.0,1.7,1.7,0.59,0.186,0.6,0.002,0.047,20888.0,SAB
2016-Q2,2,2016,,,0.301,6049.0,1.7,1.7,0.587,0.175,0.6,-0.039,0.139,20857.0,SAB
2016-Q1,1,2016,,,0.252,5309.0,2.1,1.6,0.635,0.157,0.5,0.065,-0.002,21701.0,SAB
2015-Q4,4,2015,,,0.27,5317.0,1.9,1.7,0.606,0.158,0.5,-0.029,0.057,20379.0,SAB
2015-Q3,3,2015,,,0.25,5031.0,2.1,1.6,0.644,0.16,0.5,0.083,0.021,20980.0,SAB
2015-Q2,2,2015,,,0.26,4926.0,1.6,1.7,0.576,0.154,0.6,-0.055,0.033,19374.0,SAB
2015-Q1,1,2015,,,0.252,4770.0,1.8,1.6,0.611,0.154,0.5,0.151,0.04,20504.0,SAB
2024-Q4,4,2024,5.1,0.8,0.171,2267.0,0.1,12.9,0.077,0.013,11.9,0.038,0.18,14230.0,SHB
2024-Q3,3,2024,5.2,0.7,0.148,1922.0,0.1,12.3,0.081,0.012,11.3,-0.006,-0.039,13714.0,SHB
2024-Q2,2,2024,4.9,0.7,0.157,2000.0,0.1,11.8,0.085,0.013,10.8,0.055,0.043,13799.0,SHB
2024-Q1,1,2024,5.1,0.8,0.158,1918.0,0.1,11.7,0.086,0.013,10.7,0.066,0.044,13081.0,SHB
2023-Q4,4,2023,5.1,0.8,0.161,1837.0,0.1,12.6,0.079,0.013,11.6,0.007,0.014,12269.0,SHB
2023-Q3,3,2023,5.3,0.8,0.161,1812.0,0.1,12.0,0.083,0.013,11.0,0.04,-0.067,12182.0,SHB
2023-Q2,2,2023,4.7,0.8,0.181,1943.0,0.1,12.3,0.081,0.014,11.3,0.039,-0.013,11712.0,SHB
2023-Q1,1,2023,4.0,0.7,0.191,1969.0,0.1,12.4,0.08,0.015,11.4,-0.035,-0.064,11269.0,SHB
2022-Q4,4,2022,3.8,0.7,0.196,2103.0,0.1,12.9,0.078,0.015,11.9,0.011,-0.056,11674.0,SHB
2022-Q3,3,2022,3.9,0.8,0.23,2229.0,0.1,12.5,0.08,0.016,11.5,0.059,0.155,11548.0,SHB
2022-Q2,2,2022,4.9,0.9,0.213,1930.0,0.1,13.1,0.076,0.014,12.1,0.056,0.134,10900.0,SHB
2022-Q1,1,2022,8.9,1.5,0.197,1701.0,0.1,13.6,0.073,0.013,12.6,0.047,0.236,10326.0,SHB
2021-Q4,4,2021,11.9,1.7,0.166,1376.0,0.1,14.2,0.07,0.011,13.2,0.244,0.063,9858.0,SHB
2021-Q3,3,2021,16.6,2.7,0.178,1294.0,0.1,16.2,0.062,0.011,15.2,0.08,0.187,7925.0,SHB
2021-Q2,2,2021,21.3,3.2,0.16,1090.0,0.1,17.3,0.058,0.009,16.3,0.037,0.147,7339.0,SHB
2021-Q1,1,2021,19.9,2.7,0.154,951.0,0.1,16.3,0.061,0.009,15.3,-0.11,0.07,7077.0,SHB
2020-Q4,4,2020,14.1,1.6,0.127,889.0,0.1,16.9,0.059,0.007,15.9,0.022,-0.003,7953.0,SHB
2020-Q3,3,2020,12.7,1.5,0.13,891.0,0.1,16.8,0.059,0.007,15.8,0.046,0.078,7785.0,SHB
2020-Q2,2,2020,11.6,1.3,0.126,827.0,0.1,17.1,0.058,0.007,16.1,0.189,-0.001,7443.0,SHB
2020-Q1,1,2020,10.8,1.4,0.14,828.0,0.1,19.2,0.052,0.007,18.2,-0.107,-0.124,6261.0,SHB
2019-Q4,4,2019,4.2,0.6,0.143,944.0,0.1,19.5,0.051,0.007,18.5,0.028,0.066,7015.0,SHB
2019-Q3,3,2019,4.5,0.6,0.138,885.0,0.1,19.6,0.051,0.007,18.6,0.045,0.135,6825.0,SHB
2019-Q2,2,2019,5.3,0.6,0.126,780.0,0.1,19.6,0.051,0.006,18.6,0.021,0.17,6531.0,SHB
2019-Q1,1,2019,6.8,0.7,0.11,667.0,0.1,19.5,0.051,0.006,18.5,0.031,0.121,6399.0,SHB
2018-Q4,4,2018,9.1,0.9,0.101,595.0,0.1,19.5,0.051,0.005,18.5,0.031,0.01,6207.0,SHB
2018-Q3,3,2018,11.6,1.1,0.107,589.0,0.1,18.7,0.054,0.006,17.7,0.033,-0.086,6019.0,SHB
2018-Q2,2,2018,9.6,1.1,0.117,644.0,0.1,19.6,0.051,0.006,18.6,0.022,0.013,5824.0,SHB
2018-Q1,1,2018,15.2,1.7,0.118,636.0,0.1,18.9,0.053,0.006,17.9,0.023,0.102,5700.0,SHB
2017-Q4,4,2017,11.3,1.2,0.109,577.0,0.1,18.7,0.053,0.006,17.7,0.111,0.121,5574.0,SHB
2017-Q3,3,2017,10.9,1.1,0.108,514.0,0.1,19.8,0.051,0.006,18.8,-0.035,0.193,5016.0,SHB
2017-Q2,2,2017,12.3,1.0,0.09,431.0,0.1,18.0,0.055,0.005,17.0,0.03,0.24,5196.0,SHB
2017-Q1,1,2017,11.5,0.8,0.074,347.0,0.1,18.4,0.054,0.004,17.4,0.013,0.001,5045.0,SHB
2016-Q4,4,2016,9.3,0.6,0.076,347.0,0.1,17.7,0.057,0.004,16.7,0.11,0.084,4979.0,SHB
2016-Q3,3,2016,9.3,0.7,0.074,320.0,0.1,18.0,0.056,0.004,17.0,0.027,0.013,4485.0,SHB
2016-Q2,2,2016,12.5,0.9,0.075,316.0,0.1,18.2,0.055,0.004,17.2,0.009,-0.043,4367.0,SHB
2016-Q1,1,2016,12.8,1.0,0.079,330.0,0.1,17.6,0.057,0.005,16.6,0.026,0.098,4330.0,SHB
2015-Q4,4,2015,14.0,1.0,0.074,301.0,0.1,18.2,0.055,0.004,17.2,0.016,0.017,4220.0,SHB
2015-Q3,3,2015,14.7,1.0,0.074,296.0,0.1,16.6,0.06,0.005,15.6,0.023,0.003,4152.0,SHB
2015-Q2,2,2015,16.9,1.2,0.073,295.0,0.1,16.4,0.061,0.005,15.4,0.014,0.026,4061.0,SHB
2015-Q1,1,2015,18.2,1.3,0.072,287.0,0.1,15.5,0.064,0.005,14.5,0.015,-0.062,4004.0,SHB
2024-Q4,4,2024,11.7,1.6,0.148,1692.0,0.1,9.3,0.107,0.016,8.3,0.036,0.013,12303.0,SSB
2024-Q3,3,2024,10.2,1.4,0.152,1671.0,0.1,8.5,0.117,0.018,7.5,0.031,0.022,11872.0,SSB
2024-Q2,2,2024,11.2,1.6,0.154,1635.0,0.1,8.6,0.117,0.018,7.6,0.038,0.156,11517.0,SSB
2024-Q1,1,2024,13.8,1.8,0.137,1414.0,0.1,8.6,0.116,0.016,7.6,0.042,0.095,11095.0,SSB
2023-Q4,4,2023,16.3,2.0,0.13,1292.0,0.1,8.8,0.114,0.015,7.8,0.058,0.097,10649.0,SSB
2023-Q3,3,2023,18.7,2.2,0.126,1178.0,0.1,8.7,0.115,0.014,7.7,0.033,-0.017,10062.0,SSB
2023-Q2,2,2023,19.9,2.4,0.133,1198.0,0.1,8.8,0.113,0.014,7.8,0.023,-0.116,9744.0,SSB
2023-Q1,1,2023,17.0,2.4,0.155,1356.0,0.1,9.1,0.11,0.016,8.1,0.029,-0.051,9520.0,SSB
2022-Q4,4,2022,16.8,2.6,0.181,1429.0,0.1,8.8,0.113,0.018,7.8,0.065,0.065,9252.0,SSB
2022-Q3,3,2022,16.7,2.6,0.187,1342.0,0.1,9.3,0.107,0.018,8.3,0.045,0.052,8684.0,SSB
2022-Q2,2,2022,18.1,2.8,0.188,1276.0,0.1,9.8,0.103,0.017,8.8,0.043,0.167,8309.0,SSB
2022-Q1,1,2022,21.3,2.9,0.168,1093.0,0.1,10.2,0.098,0.015,9.2,0.066,0.047,7968.0,SSB
2024-Q4,4,2024,18.4,2.0,0.114,1445.0,0.6,2.8,0.363,0.04,1.7,0.113,-0.03,13597.0,SSI
2024-Q3,3,2024,18.7,2.3,0.126,1489.0,0.6,2.8,0.362,0.048,1.7,-0.029,0.029,12220.0,SSI
2024-Q2,2,2024,18.3,2.1,0.122,1447.0,0.5,2.9,0.347,0.047,1.9,0.034,0.112,12589.0,SSI
2024-Q1,1,2024,23.1,2.5,0.109,1301.0,0.6,2.7,0.365,0.043,1.7,0.034,0.114,12172.0,SSI
2023-Q4,4,2023,21.9,2.2,0.101,1168.0,0.5,3.0,0.334,0.038,2.0,0.024,0.14,11774.0,SSI
2023-Q3,3,2023,24.2,2.2,0.09,1025.0,0.7,2.4,0.408,0.04,1.4,0.033,0.229,11502.0,SSI
2023-Q2,2,2023,24.1,1.8,0.091,834.0,0.8,2.3,0.436,0.035,1.3,-0.043,0.155,11137.0,SSI
2023-Q1,1,2023,22.4,1.4,0.075,722.0,0.8,2.3,0.433,0.028,1.3,0.026,-0.126,11639.0,SSI
2022-Q4,4,2022,16.1,1.2,0.089,825.0,0.8,2.3,0.426,0.031,1.3,0.01,-0.32,11338.0,SSI
2022-Q3,3,2022,12.2,1.3,0.14,1214.0,1.0,2.1,0.485,0.051,1.1,0.548,-0.127,11222.0,SSI
2022-Q2,2,2022,10.1,1.9,0.214,1391.0,0.5,3.0,0.329,0.064,2.0,-0.05,-0.083,7249.0,SSI
2022-Q1,1,2022,18.8,3.7,0.226,1518.0,0.4,3.3,0.299,0.068,2.3,-0.192,-0.156,7629.0,SSI
2021-Q4,4,2021,25.0,4.8,0.225,1798.0,0.4,3.6,0.279,0.062,2.6,0.178,0.297,9443.0,SSI
2021-Q3,3,2021,26.5,4.6,0.194,1386.0,0.3,4.0,0.252,0.056,2.9,0.06,0.195,8015.0,SSI
2021-Q2,2,2021,29.3,4.5,0.165,1160.0,0.4,3.7,0.271,0.051,2.7,-0.004,0.041,7562.0,SSI
2021-Q1,1,2021,17.3,2.5,0.162,1115.0,0.4,3.3,0.303,0.051,2.3,0.153,0.321,7593.0,SSI
2020-Q4,4,2020,23.8,3.1,0.131,844.0,0.4,3.6,0.274,0.04,2.6,0.04,0.146,6587.0,SSI
2020-Q3,3,2020,14.0,1.6,0.115,737.0,0.5,2.9,0.35,0.042,1.8,-0.031,0.073,6334.0,SSI
2020-Q2,2,2020,12.3,1.3,0.107,686.0,0.6,2.7,0.376,0.038,1.6,0.057,0.481,6540.0,SSI
2020-Q1,1,2020,12.3,0.9,0.075,463.0,0.5,3.0,0.335,0.026,2.0,-0.349,-0.482,6188.0,SSI
2019-Q4,4,2019,11.0,1.0,0.096,895.0,0.5,2.9,0.345,0.035,1.9,-0.033,0.014,9503.0,SSI
2019-Q3,3,2019,13.6,1.2,0.091,882.0,0.6,2.7,0.376,0.035,1.6,0.025,-0.112,9831.0,SSI
2019-Q2,2,2019,13.0,1.3,0.106,994.0,0.5,2.9,0.346,0.041,1.9,0.013,-0.102,9591.0,SSI
2019-Q1,1,2019,12.8,1.5,0.119,1107.0,0.6,2.7,0.372,0.047,1.7,0.024,-0.166,9471.0,SSI
2018-Q4,4,2018,10.5,1.5,0.148,1328.0,0.6,2.6,0.381,0.061,1.6,-0.038,-0.095,9251.0,SSI
2018-Q3,3,2018,11.5,1.8,0.158,1468.0,0.7,2.5,0.403,0.071,1.5,0.04,0.126,9614.0,SSI
2018-Q2,2,2018,11.1,1.6,0.144,1303.0,0.8,2.3,0.444,0.069,1.2,0.017,-0.002,9243.0,SSI
2018-Q1,1,2018,15.1,2.2,0.148,1306.0,0.8,2.3,0.428,0.072,1.3,0.046,0.104,9093.0,SSI
2017-Q4,4,2017,12.3,1.7,0.149,1182.0,0.8,2.2,0.455,0.073,1.2,-0.033,0.28,8691.0,SSI
2017-Q3,3,2017,13.2,1.4,0.112,924.0,1.1,2.0,0.509,0.058,0.9,0.011,-0.136,8983.0,SSI
2017-Q2,2,2017,12.6,1.5,0.134,1070.0,1.2,1.9,0.532,0.07,0.9,0.043,0.106,8882.0,SSI
2017-Q1,1,2017,12.0,1.4,0.125,967.0,1.3,1.8,0.559,0.069,0.8,0.183,0.121,8518.0,SSI
2016-Q4,4,2016,11.0,1.3,0.124,862.0,1.2,1.9,0.535,0.064,0.8,-0.039,-0.162,7200.0,SSI
2016-Q3,3,2016,10.1,1.4,0.148,1029.0,1.1,1.9,0.529,0.079,0.9,0.051,0.27,7490.0,SSI
2016-Q2,2,2016,11.9,1.4,0.121,810.0,1.1,1.9,0.518,0.065,0.9,0.032,-0.105,7124.0,SSI
2016-Q1,1,2016,10.8,1.4,0.141,905.0,1.2,1.8,0.541,0.079,0.8,0.033,0.097,6901.0,SSI
2015-Q4,4,2015,12.5,1.5,,825.0,1.0,2.0,0.49,0.073,1.0,0.054,0.237,6683.0,SSI
2015-Q3,3,2015,16.4,1.7,,667.0,1.2,1.9,0.533,0.06,0.8,0.026,-0.061,6342.0,SSI
2015-Q2,2,2015,14.4,1.7,,710.0,1.3,1.8,0.558,0.064,0.8,0.05,0.023,6183.0,SSI
2015-Q1,1,2015,12.3,1.4,,694.0,1.5,1.7,0.579,0.07,0.7,,-0.084,5886.0,SSI
2024-Q4,4,2024,7.2,1.3,0.2,5350.0,0.1,13.6,0.073,0.014,12.6,0.072,0.153,29159.0,STB
2024-Q3,3,2024,7.2,1.2,0.184,4640.0,0.1,13.7,0.073,0.013,12.7,0.045,0.069,27201.0,STB
2024-Q2,2,2024,6.6,1.1,0.18,4339.0,0.1,14.6,0.068,0.012,13.6,0.024,0.032,26033.0,STB
2024-Q1,1,2024,7.5,1.2,0.179,4206.0,0.1,14.5,0.069,0.012,13.5,0.048,0.027,25413.0,STB
2023-Q4,4,2023,6.8,1.2,0.183,4094.0,0.1,14.7,0.068,0.012,13.7,0.046,0.07,24259.0,STB
2023-Q3,3,2023,8.0,1.3,0.179,3824.0,0.1,14.9,0.067,0.012,13.9,0.046,0.062,23185.0,STB
2023-Q2,2,2023,8.3,1.3,0.175,3600.0,0.1,14.9,0.067,0.012,13.9,0.03,0.198,22168.0,STB
2023-Q1,1,2023,8.7,1.2,0.149,3005.0,0.1,14.7,0.068,0.01,13.7,0.05,0.124,21513.0,STB
2022-Q4,4,2022,8.4,1.1,0.138,2673.0,0.1,15.3,0.065,0.009,14.3,0.046,0.215,20489.0,STB
2022-Q3,3,2022,9.4,1.1,0.118,2199.0,0.1,15.3,0.065,0.008,14.3,0.032,0.16,19594.0,STB
2022-Q2,2,2022,11.3,1.1,0.108,1896.0,0.1,15.4,0.065,0.007,14.4,0.009,-0.08,18988.0,STB
2022-Q1,1,2022,15.4,1.7,0.119,2060.0,0.1,15.6,0.064,0.007,14.6,0.036,0.139,18820.0,STB
2021-Q4,4,2021,17.4,1.7,0.108,1809.0,0.1,15.2,0.066,0.007,14.2,0.026,0.006,18173.0,STB
2021-Q3,3,2021,14.3,1.5,0.11,1798.0,0.1,14.8,0.068,0.007,13.8,0.099,-0.022,17707.0,STB
2021-Q2,2,2021,16.6,1.9,0.12,1838.0,0.1,16.6,0.06,0.007,15.6,0.022,0.285,16116.0,STB
2021-Q1,1,2021,15.0,1.4,0.094,1430.0,0.1,16.7,0.06,0.006,15.7,0.027,0.006,15772.0,STB
2020-Q4,4,2020,11.9,1.1,0.096,1422.0,0.1,17.0,0.059,0.006,16.0,0.027,0.128,15359.0,STB
2020-Q3,3,2020,10.9,0.9,0.087,1260.0,0.1,17.2,0.058,0.005,16.2,0.028,-0.023,14960.0,STB
2020-Q2,2,2020,8.3,0.7,0.092,1290.0,0.1,17.6,0.057,0.005,16.6,-0.004,0.015,14559.0,STB
2020-Q1,1,2020,5.7,0.5,0.09,1271.0,0.1,16.7,0.06,0.005,15.7,-0.014,-0.066,14611.0,STB
2019-Q4,4,2019,7.4,0.7,0.096,1361.0,0.1,17.0,0.059,0.006,16.0,0.02,-0.118,14826.0,STB
2019-Q3,3,2019,6.8,0.7,0.111,1542.0,0.1,17.2,0.058,0.007,16.2,0.029,0.28,14542.0,STB
2019-Q2,2,2019,9.4,0.8,0.088,1205.0,0.1,17.2,0.058,0.005,16.2,0.001,-0.029,14137.0,STB
2019-Q1,1,2019,9.8,0.9,0.091,1240.0,0.1,16.7,0.06,0.006,15.7,0.034,0.25,14125.0,STB
2018-Q4,4,2018,12.0,0.9,0.075,992.0,0.1,16.5,0.061,0.005,15.5,0.036,0.343,13656.0,STB
2018-Q3,3,2018,18.3,1.0,0.057,738.0,0.1,17.0,0.059,0.003,16.0,0.006,-0.098,13184.0,STB
2018-Q2,2,2018,14.1,0.9,0.064,818.0,0.1,16.9,0.059,0.004,15.9,-0.001,0.087,13111.0,STB
2018-Q1,1,2018,20.6,1.2,0.058,753.0,0.1,16.1,0.062,0.004,15.1,0.019,0.159,13123.0,STB
2017-Q4,4,2017,19.8,1.0,0.051,650.0,0.1,15.9,0.063,0.003,14.9,0.02,0.658,12878.0,STB
2017-Q3,3,2017,31.9,1.0,0.031,392.0,0.1,16.0,0.063,0.002,15.0,0.013,0.286,12631.0,STB
2017-Q2,2,2017,45.2,1.1,0.025,304.0,0.1,15.8,0.063,0.002,14.8,-0.027,3.009,12465.0,STB
2017-Q1,1,2017,150.5,0.9,0.006,76.0,0.1,14.9,0.067,0.0,13.9,0.006,0.548,12814.0,STB
2016-Q4,4,2016,192.4,0.7,0.004,49.0,0.1,14.5,0.069,0.0,13.5,0.013,-1.24,12736.0,STB
2016-Q3,3,2016,-45.6,0.7,-0.017,-204.0,0.1,14.1,0.071,-0.001,13.1,0.033,10.886,12569.0,STB
2016-Q2,2,2016,-656.9,0.9,-0.002,-17.0,0.1,14.2,0.07,0.0,13.2,-0.032,-1.046,12171.0,STB
2016-Q1,1,2016,27.7,0.8,0.032,372.0,0.1,13.5,0.074,0.003,12.5,0.005,-0.414,12577.0,STB
2015-Q4,4,2015,20.6,1.0,0.056,635.0,0.1,13.0,0.077,0.005,12.0,0.158,-0.427,12518.0,STB
2015-Q3,3,2015,12.3,1.3,0.108,1109.0,0.1,10.9,0.092,0.01,9.9,0.029,-0.056,10812.0,STB
2015-Q2,2,2015,13.2,1.5,0.118,1176.0,0.1,11.1,0.09,0.011,10.1,0.013,-0.048,10511.0,STB
2015-Q1,1,2015,12.6,1.5,0.126,1235.0,0.1,10.6,0.094,0.012,9.6,0.035,0.007,10372.0,STB
2024-Q4,4,2024,8.9,1.3,0.156,3046.0,0.2,6.6,0.151,0.024,5.6,0.025,-0.047,20940.0,TCB
2024-Q3,3,2024,7.6,1.2,0.168,3197.0,0.2,6.4,0.156,0.026,5.4,0.042,0.052,20434.0,TCB
2024-Q2,2,2024,7.7,1.2,0.166,3038.0,0.2,6.6,0.153,0.026,5.6,0.005,0.088,19611.0,TCB
2024-Q1,1,2024,8.3,1.2,0.156,2792.0,0.2,6.4,0.156,0.025,5.4,0.047,0.096,19515.0,TCB
2023-Q4,4,2023,6.1,0.8,0.148,2548.0,0.2,6.5,0.155,0.023,5.5,0.035,0.052,18631.0,TCB
2023-Q3,3,2023,6.7,0.9,0.146,2421.0,0.2,6.1,0.163,0.024,5.1,0.038,-0.038,17994.0,TCB
2023-Q2,2,2023,6.2,0.9,0.158,2518.0,0.2,6.0,0.167,0.026,5.0,0.038,-0.07,17334.0,TCB
2023-Q1,1,2023,5.1,0.8,0.178,2709.0,0.2,6.1,0.163,0.029,5.1,0.04,-0.05,16697.0,TCB
2022-Q4,4,2022,4.4,0.8,0.197,2852.0,0.2,6.2,0.162,0.032,5.2,0.032,-0.049,16054.0,TCB
2022-Q3,3,2022,5.3,1.0,0.216,3000.0,0.2,6.1,0.164,0.035,5.1,0.052,0.047,15555.0,TCB
2022-Q2,2,2022,6.0,1.2,0.217,2864.0,0.2,6.0,0.167,0.036,5.0,0.06,0.057,14788.0,TCB
2022-Q1,1,2022,8.9,1.7,0.217,2709.0,0.2,6.2,0.16,0.036,5.2,-0.472,-0.471,13954.0,TCB
2021-Q4,4,2021,9.8,1.9,0.217,5120.0,0.2,6.1,0.164,0.036,5.1,0.053,0.037,26417.0,TCB
2021-Q3,3,2021,10.0,2.0,0.221,4939.0,0.2,6.1,0.163,0.037,5.1,0.053,0.077,25091.0,TCB
2021-Q2,2,2021,11.5,2.2,0.215,4587.0,0.2,6.0,0.166,0.036,5.0,0.061,0.133,23818.0,TCB
2021-Q1,1,2021,10.0,1.8,0.2,4049.0,0.2,5.9,0.171,0.033,4.9,0.058,0.156,22453.0,TCB
2020-Q4,4,2020,9.0,1.5,0.181,3504.0,0.2,5.9,0.17,0.03,4.9,0.057,0.081,21214.0,TCB
2020-Q3,3,2020,7.0,1.1,0.177,3241.0,0.2,5.7,0.176,0.03,4.7,0.047,0.05,20074.0,TCB
2020-Q2,2,2020,6.3,1.0,0.176,3086.0,0.2,5.9,0.17,0.029,4.9,0.044,0.039,19171.0,TCB
2020-Q1,1,2020,5.0,0.8,0.177,2970.0,0.2,6.1,0.165,0.029,5.1,0.039,0.035,18364.0,TCB
2019-Q4,4,2019,8.2,1.3,0.178,2869.0,0.2,6.2,0.162,0.029,5.2,0.053,0.083,17679.0,TCB
2019-Q3,3,2019,8.8,1.4,0.172,2648.0,0.2,6.2,0.16,0.027,5.2,0.046,0.056,16787.0,TCB
2019-Q2,2,2019,8.1,1.3,0.17,2507.0,0.2,6.4,0.156,0.027,5.4,0.046,0.036,16054.0,TCB
2019-Q1,1,2019,10.6,1.7,0.186,2420.0,0.2,6.1,0.165,0.028,5.1,0.04,0.004,15344.0,TCB
2018-Q4,4,2018,10.7,1.8,0.215,2410.0,0.2,6.2,0.161,0.029,5.2,0.047,-0.034,14749.0,TCB
2018-Q3,3,2018,11.7,2.1,0.254,2496.0,0.2,6.3,0.159,0.032,5.3,0.043,0.042,14093.0,TCB
2018-Q2,2,2018,12.8,2.3,0.243,2395.0,0.2,6.3,0.158,0.032,5.3,0.261,0.131,13509.0,TCB
2018-Q1,1,2018,,,0.255,2117.0,0.2,7.3,0.138,0.029,6.3,0.397,0.154,10713.0,TCB
2017-Q4,4,2017,,,0.277,1835.0,0.1,10.0,0.1,0.026,9.0,0.386,0.344,7670.0,TCB
2017-Q3,3,2017,,,0.251,1365.0,0.1,12.0,0.083,0.021,11.0,-0.107,0.166,5535.0,TCB
2017-Q2,2,2017,,,0.208,1170.0,0.1,10.7,0.094,0.018,9.7,0.053,0.088,6195.0,TCB
2017-Q1,1,2017,,,0.201,1076.0,0.1,11.3,0.089,0.018,10.3,0.052,0.183,5882.0,TCB
2016-Q4,4,2016,,,0.177,909.0,0.1,12.0,0.083,0.015,11.0,0.047,0.198,5591.0,TCB
2016-Q3,3,2016,,,0.153,759.0,0.1,11.9,0.084,0.013,10.9,0.057,0.302,5338.0,TCB
2016-Q2,2,2016,,,0.122,583.0,0.1,12.0,0.083,0.011,11.0,0.046,0.173,5051.0,TCB
2016-Q1,1,2016,,,0.108,497.0,0.1,11.7,0.085,0.009,10.7,0.026,0.102,4829.0,TCB
2015-Q4,4,2015,,,0.1,451.0,0.1,11.6,0.086,0.009,10.6,0.023,0.141,4707.0,TCB
2015-Q3,3,2015,,,0.09,395.0,0.1,10.8,0.092,0.008,9.8,0.026,0.211,4602.0,TCB
2015-Q2,2,2015,,,0.075,326.0,0.1,11.0,0.091,0.007,10.0,0.03,0.317,4487.0,TCB
2015-Q1,1,2015,,,0.059,247.0,0.1,11.7,0.085,0.005,10.7,0.02,-0.196,4356.0,TCB
2024-Q4,4,2024,7.0,1.1,0.173,2298.0,0.1,11.1,0.09,0.016,10.1,0.035,0.249,14230.0,TPB
2024-Q3,3,2024,9.3,1.3,0.142,1840.0,0.1,10.6,0.094,0.013,9.6,0.02,0.025,13744.0,TPB
2024-Q2,2,2024,8.0,1.1,0.142,1794.0,0.1,10.2,0.098,0.013,9.2,0.041,0.051,13478.0,TPB
2024-Q1,1,2024,9.1,1.2,0.133,1708.0,0.1,10.4,0.096,0.013,9.4,0.044,0.011,12941.0,TPB
2023-Q4,4,2023,8.4,1.1,0.137,1689.0,0.1,10.9,0.092,0.013,9.9,0.011,-0.187,12393.0,TPB
2023-Q3,3,2023,7.0,1.2,0.174,2077.0,0.1,10.6,0.094,0.017,9.6,0.045,-0.076,12257.0,TPB
2023-Q2,2,2023,6.5,1.2,0.198,2247.0,0.1,11.1,0.09,0.018,10.1,-0.08,-0.069,11728.0,TPB
2023-Q1,1,2023,5.4,1.0,0.209,2412.0,0.1,10.2,0.098,0.02,9.2,0.044,0.018,12741.0,TPB
2022-Q4,4,2022,4.7,0.9,0.215,2369.0,0.1,10.2,0.098,0.02,9.2,0.052,0.034,12202.0,TPB
2022-Q3,3,2022,5.7,1.1,0.219,2292.0,0.1,10.4,0.097,0.021,9.4,0.056,0.11,11596.0,TPB
2022-Q2,2,2022,6.9,1.3,0.221,2064.0,0.1,10.7,0.093,0.02,9.7,0.059,0.093,10979.0,TPB
2022-Q1,1,2022,11.2,2.0,0.22,1889.0,0.1,11.1,0.09,0.019,10.1,-0.122,-0.139,10363.0,TPB
2021-Q4,4,2021,12.1,2.3,0.226,2193.0,0.1,11.3,0.089,0.019,10.3,0.05,0.049,11803.0,TPB
2021-Q3,3,2021,14.7,2.7,0.229,2091.0,0.1,10.5,0.095,0.02,9.5,0.221,0.074,11245.0,TPB
2021-Q2,2,2021,14.0,3.0,0.247,1947.0,0.1,11.9,0.084,0.02,10.9,0.13,0.117,9211.0,TPB
2021-Q1,1,2021,11.8,2.5,0.241,1743.0,0.1,12.0,0.083,0.02,11.0,-0.23,-0.214,8152.0,TPB
2020-Q4,4,2020,8.9,1.9,0.235,2218.0,0.1,12.3,0.081,0.019,11.3,0.085,-0.022,10585.0,TPB
2020-Q3,3,2020,6.3,1.5,0.263,2269.0,0.1,12.5,0.08,0.021,11.5,0.067,0.048,9760.0,TPB
2020-Q2,2,2020,5.8,1.4,0.266,2165.0,0.1,12.5,0.08,0.021,11.5,0.044,0.064,9148.0,TPB
2020-Q1,1,2020,5.1,1.2,0.256,2036.0,0.1,12.7,0.078,0.02,11.7,0.06,0.041,8764.0,TPB
2019-Q4,4,2019,8.8,2.1,0.261,1956.0,0.1,12.6,0.079,0.021,11.6,0.098,0.269,8265.0,TPB
2019-Q3,3,2019,11.9,2.4,0.22,1540.0,0.1,12.9,0.077,0.017,11.9,0.056,0.069,7529.0,TPB
2019-Q2,2,2019,13.0,2.6,0.218,1441.0,0.1,12.9,0.077,0.017,11.9,-0.005,0.156,7132.0,TPB
2019-Q1,1,2019,13.9,2.4,0.212,1247.0,0.1,12.3,0.081,0.015,11.3,-0.211,-0.19,7170.0,TPB
2018-Q4,4,2018,10.6,1.8,0.208,1539.0,0.1,12.8,0.078,0.014,11.8,0.043,0.17,9082.0,TPB
2018-Q3,3,2018,12.7,1.9,0.185,1315.0,0.1,12.4,0.08,0.013,11.4,0.057,0.181,8707.0,TPB
2018-Q2,2,2018,15.8,2.1,0.166,1113.0,0.1,13.1,0.076,0.011,12.1,0.327,0.116,8241.0,TPB
2018-Q1,1,2018,,,0.178,998.0,0.1,16.7,0.06,0.01,15.7,0.09,0.341,6211.0,TPB
2017-Q4,4,2017,,,0.141,744.0,0.1,18.6,0.054,0.008,17.6,0.039,0.031,5698.0,TPB
2024-Q4,4,2024,16.4,2.8,0.184,4048.0,0.1,10.5,0.095,0.017,9.5,0.046,-0.023,23810.0,VCB
2024-Q3,3,2024,14.9,2.7,0.198,4143.0,0.1,10.2,0.098,0.019,9.2,0.047,0.039,22774.0,VCB
2024-Q2,2,2024,14.3,2.6,0.2,3988.0,0.1,10.5,0.095,0.018,9.5,0.047,0.021,21745.0,VCB
2024-Q1,1,2024,16.3,3.1,0.205,3904.0,0.1,10.2,0.098,0.018,9.2,0.03,-0.012,20777.0,VCB
2023-Q4,4,2023,13.6,2.7,0.216,3953.0,0.1,10.9,0.092,0.018,9.9,0.058,-0.017,20171.0,VCB
2023-Q3,3,2023,14.6,3.1,0.234,4021.0,0.1,10.9,0.092,0.02,9.9,0.048,0.037,19058.0,VCB
2023-Q2,2,2023,14.6,3.1,0.236,3877.0,0.1,11.2,0.089,0.02,10.2,0.051,0.048,18191.0,VCB
2023-Q1,1,2023,14.0,3.0,0.236,3700.0,0.1,12.8,0.078,0.019,11.8,-0.299,-0.308,17312.0,VCB
2022-Q4,4,2022,12.7,2.7,0.24,5348.0,0.1,13.1,0.076,0.019,12.1,0.075,0.128,24688.0,VCB
2022-Q3,3,2022,13.1,2.7,0.223,4742.0,0.1,12.8,0.078,0.017,11.8,0.044,0.059,22971.0,VCB
2022-Q2,2,2022,14.1,2.9,0.22,4478.0,0.1,13.0,0.077,0.017,12.0,0.05,0.086,22005.0,VCB
2022-Q1,1,2022,16.9,3.3,0.212,4125.0,0.1,12.5,0.08,0.017,11.5,0.053,0.052,20947.0,VCB
2021-Q4,4,2021,17.0,3.4,0.209,3919.0,0.1,12.7,0.079,0.016,11.7,0.015,0.037,19890.0,VCB
2021-Q3,3,2021,19.9,3.8,0.208,3779.0,0.1,12.6,0.079,0.016,11.6,0.044,0.029,19596.0,VCB
2021-Q2,2,2021,24.5,4.8,0.211,3671.0,0.1,12.4,0.08,0.016,11.4,0.039,-0.031,18775.0,VCB
2021-Q1,1,2021,19.4,4.1,0.228,3787.0,0.1,12.7,0.079,0.017,11.7,-0.135,-0.028,18072.0,VCB
2020-Q4,4,2020,19.4,3.6,0.2,3897.0,0.1,13.4,0.074,0.014,12.4,0.056,0.074,20889.0,VCB
2020-Q3,3,2020,17.8,3.3,0.197,3629.0,0.1,12.7,0.079,0.015,11.7,0.045,-0.058,19772.0,VCB
2020-Q2,2,2020,16.0,3.3,0.22,3852.0,0.1,13.2,0.076,0.016,12.2,0.053,0.014,18928.0,VCB
2020-Q1,1,2020,12.5,2.6,0.228,3800.0,0.1,13.5,0.074,0.016,12.5,-0.008,-0.029,17976.0,VCB
2019-Q4,4,2019,22.9,4.9,0.248,3912.0,0.1,14.3,0.07,0.016,13.3,0.054,-0.045,18119.0,VCB
2019-Q3,3,2019,19.7,4.7,0.272,4097.0,0.1,14.2,0.07,0.018,13.2,0.065,0.122,17198.0,VCB
2019-Q2,2,2019,19.0,4.3,0.256,3651.0,0.1,14.7,0.068,0.016,13.7,0.047,0.091,16143.0,VCB
2019-Q1,1,2019,19.8,4.3,0.246,3348.0,0.1,14.7,0.068,0.015,13.7,-0.105,-0.152,15423.0,VCB
2018-Q4,4,2018,13.3,3.1,0.249,3947.0,0.1,16.8,0.06,0.014,15.8,0.038,0.211,17225.0,VCB
2018-Q3,3,2018,18.8,3.7,0.209,3258.0,0.1,16.2,0.062,0.013,15.2,0.05,0.07,16588.0,VCB
2018-Q2,2,2018,18.5,3.6,0.205,3045.0,0.1,16.7,0.06,0.012,15.7,0.045,0.088,15800.0,VCB
2018-Q1,1,2018,24.4,4.5,0.196,2800.0,0.1,17.9,0.056,0.012,16.9,0.037,0.143,15116.0,VCB
2017-Q4,4,2017,21.5,3.6,0.176,2450.0,0.1,19.1,0.052,0.01,18.1,-0.003,0.117,14577.0,VCB
2017-Q3,3,2017,16.6,2.5,0.16,2193.0,0.1,16.6,0.06,0.01,15.6,0.041,0.067,14625.0,VCB
2017-Q2,2,2017,17.8,2.6,0.152,2056.0,0.1,16.3,0.061,0.01,15.3,0.036,0.06,14050.0,VCB
2017-Q1,1,2017,18.1,2.6,0.148,1939.0,0.1,15.8,0.063,0.01,14.8,0.021,0.054,13565.0,VCB
2016-Q4,4,2016,18.3,2.5,0.144,1840.0,0.1,16.0,0.063,0.009,15.0,0.037,0.012,13291.0,VCB
2016-Q3,3,2016,20.0,2.8,0.148,1819.0,0.1,15.5,0.064,0.01,14.5,-0.021,0.074,12817.0,VCB
2016-Q2,2,2016,19.3,2.5,0.134,1693.0,0.1,14.0,0.072,0.01,13.0,0.03,0.044,13097.0,VCB
2016-Q1,1,2016,17.4,2.2,0.132,1622.0,0.1,14.0,0.071,0.01,13.0,0.026,0.133,12712.0,VCB
2015-Q4,4,2015,21.1,2.4,0.118,1432.0,0.1,14.7,0.068,0.009,13.7,0.045,0.075,12394.0,VCB
2015-Q3,3,2015,22.2,2.5,0.113,1333.0,0.1,14.0,0.071,0.009,13.0,-0.037,0.028,11864.0,VCB
2015-Q2,2,2015,25.9,2.7,0.107,1297.0,0.1,12.6,0.079,0.009,11.6,0.027,0.058,12315.0,VCB
2015-Q1,1,2015,19.3,2.0,0.103,1226.0,0.1,12.1,0.082,0.009,11.1,0.007,-0.008,11993.0,VCB
2024-Q4,4,2024,6.2,1.0,0.164,7590.0,0.6,2.8,0.36,0.062,1.5,0.01,0.523,49199.0,VHM
2024-Q3,3,2024,8.6,0.9,0.108,4983.0,0.7,2.6,0.381,0.043,1.4,0.041,-0.121,48724.0,VHM
2024-Q2,2,2024,6.6,0.8,0.13,5671.0,0.7,2.6,0.39,0.053,1.4,0.055,0.054,46809.0,VHM
2024-Q1,1,2024,8.0,1.0,0.13,5378.0,0.7,2.5,0.392,0.052,1.4,0.018,-0.333,44370.0,VHM
2023-Q4,4,2023,5.4,1.0,0.205,8064.0,0.7,2.5,0.4,0.082,1.5,0.008,-0.197,43588.0,VHM
2023-Q3,3,2023,4.5,1.1,0.263,10037.0,0.8,2.3,0.426,0.109,1.3,0.064,-0.084,43231.0,VHM
2023-Q2,2,2023,5.0,1.4,0.313,10962.0,0.8,2.3,0.427,0.127,1.3,0.062,0.251,40637.0,VHM
2023-Q1,1,2023,5.9,1.3,0.251,8765.0,0.7,2.4,0.416,0.118,1.4,0.087,0.258,38270.0,VHM
2022-Q4,4,2022,6.9,1.4,0.21,6969.0,0.7,2.5,0.4,0.097,1.4,0.066,-0.095,35210.0,VHM
2022-Q3,3,2022,6.6,1.5,0.253,7701.0,0.7,2.5,0.397,0.113,1.4,0.121,0.118,33041.0,VHM
2022-Q2,2,2022,9.0,2.1,0.261,6891.0,0.7,2.6,0.379,0.107,1.5,-0.063,-0.259,29480.0,VHM
2022-Q1,1,2022,7.9,2.3,0.347,9298.0,1.4,1.8,0.552,0.173,0.7,0.067,0.037,31460.0,VHM
2021-Q4,4,2021,8.9,2.7,0.364,8967.0,1.3,1.8,0.557,0.175,0.7,0.125,0.011,29483.0,VHM
2021-Q3,3,2021,8.6,2.9,0.409,8868.0,1.2,1.9,0.519,0.175,0.8,0.19,0.152,26196.0,VHM
2021-Q2,2,2021,11.3,4.0,0.408,7695.0,0.9,2.2,0.454,0.154,1.1,0.052,0.27,22005.0,VHM
2021-Q1,1,2021,11.8,3.4,0.343,6060.0,0.8,2.3,0.439,0.129,1.2,0.057,-0.052,20920.0,VHM
2020-Q4,4,2020,10.3,3.3,0.393,6393.0,0.7,2.5,0.401,0.135,1.4,0.15,0.247,19784.0,VHM
2020-Q3,3,2020,10.9,3.2,0.347,5125.0,0.6,2.9,0.34,0.117,1.8,0.097,0.027,17201.0,VHM
2020-Q2,2,2020,11.1,3.5,0.358,4990.0,0.5,3.3,0.304,0.119,2.0,0.085,-0.151,15685.0,VHM
2020-Q1,1,2020,6.9,2.8,0.471,5881.0,0.6,3.2,0.31,0.155,1.8,0.132,0.202,14450.0,VHM
2019-Q4,4,2019,13.1,5.0,0.431,4892.0,0.5,3.5,0.282,0.135,2.0,0.035,0.206,12768.0,VHM
2019-Q3,3,2019,16.7,5.5,0.372,4058.0,0.6,3.0,0.332,0.118,1.5,0.011,0.101,12332.0,VHM
2019-Q2,2,2019,16.1,4.9,0.353,3685.0,0.7,2.6,0.382,0.125,1.4,0.161,0.265,12204.0,VHM
2019-Q1,1,2019,23.5,6.5,0.32,2913.0,0.7,2.8,0.356,0.114,1.5,0.06,-0.097,10512.0,VHM
2024-Q4,4,2024,8.5,1.5,0.181,2418.0,0.1,11.8,0.085,0.016,10.8,0.048,0.003,14051.0,VIB
2024-Q3,3,2024,8.0,1.4,0.189,2411.0,0.1,11.2,0.09,0.017,10.2,0.042,-0.071,13407.0,VIB
2024-Q2,2,2024,6.9,1.4,0.214,2595.0,0.1,11.2,0.089,0.019,10.2,-0.002,-0.08,12873.0,VIB
2024-Q1,1,2024,7.2,1.6,0.237,2822.0,0.1,10.8,0.093,0.022,9.8,0.013,-0.018,12894.0,VIB
2023-Q4,4,2023,5.5,1.2,0.243,2874.0,0.1,10.8,0.093,0.023,9.8,0.053,-0.035,12734.0,VIB
2023-Q3,3,2023,5.2,1.3,0.267,2979.0,0.1,10.7,0.094,0.024,9.7,0.063,-0.01,12097.0,VIB
2023-Q2,2,2023,5.3,1.4,0.288,3008.0,0.1,11.2,0.09,0.025,10.2,0.041,0.019,11382.0,VIB
2023-Q1,1,2023,4.8,1.3,0.3,2954.0,0.1,11.0,0.091,0.025,10.0,-0.002,0.039,10932.0,VIB
2022-Q4,4,2022,4.2,1.1,0.297,2842.0,0.1,10.5,0.095,0.026,9.5,0.071,0.009,10959.0,VIB
2022-Q3,3,2022,4.9,1.4,0.319,2816.0,0.1,11.2,0.089,0.027,10.2,0.079,0.155,10230.0,VIB
2022-Q2,2,2022,5.5,1.4,0.295,2438.0,0.1,12.3,0.081,0.023,11.3,0.086,0.07,9482.0,VIB
2022-Q1,1,2022,9.6,2.5,0.299,2278.0,0.1,12.8,0.078,0.023,11.8,-0.088,-0.098,8731.0,VIB
2021-Q4,4,2021,10.8,2.9,0.303,2526.0,0.1,12.7,0.078,0.023,11.7,0.096,0.126,9575.0,VIB
2021-Q3,3,2021,11.7,3.0,0.294,2244.0,0.1,12.9,0.078,0.023,11.9,0.053,-0.038,8734.0,VIB
2021-Q2,2,2021,15.7,4.4,0.326,2333.0,0.1,13.2,0.076,0.025,12.2,0.089,0.133,8297.0,VIB
2021-Q1,1,2021,12.4,3.4,0.311,2060.0,0.1,13.3,0.075,0.023,12.3,-0.107,-0.064,7618.0,VIB
2020-Q4,4,2020,7.8,2.0,0.296,2201.0,0.1,13.6,0.073,0.022,12.6,0.086,0.117,8526.0,VIB
2020-Q3,3,2020,6.2,1.5,0.286,1970.0,0.1,12.9,0.078,0.021,11.9,0.088,0.124,7853.0,VIB
2020-Q2,2,2020,4.4,1.1,0.275,1752.0,0.1,13.3,0.075,0.02,12.3,0.065,0.062,7219.0,VIB
2020-Q1,1,2020,3.4,0.8,0.272,1650.0,0.1,13.5,0.074,0.021,12.5,-0.216,-0.215,6777.0,VIB
2019-Q4,4,2019,4.9,1.2,0.271,2102.0,0.1,13.7,0.073,0.02,12.7,0.075,0.037,8647.0,VIB
2019-Q3,3,2019,5.3,1.3,0.278,2027.0,0.1,14.1,0.071,0.02,13.1,0.075,0.154,8047.0,VIB
2019-Q2,2,2019,4.7,1.1,0.256,1757.0,0.1,14.1,0.071,0.019,13.1,0.033,0.125,7482.0,VIB
2019-Q1,1,2019,6.0,1.3,0.238,1562.0,0.1,12.9,0.078,0.017,11.9,0.055,0.106,7245.0,VIB
2018-Q4,4,2018,6.1,1.3,0.225,1412.0,0.1,13.0,0.077,0.017,12.0,0.054,0.095,6868.0,VIB
2018-Q3,3,2018,7.7,1.5,0.21,1289.0,0.1,13.1,0.076,0.016,12.1,0.047,0.15,6515.0,VIB
2018-Q2,2,2018,8.2,1.5,0.189,1120.0,0.1,13.2,0.076,0.014,12.2,0.055,0.23,6221.0,VIB
2018-Q1,1,2018,15.0,2.3,0.157,911.0,0.1,14.9,0.067,0.012,13.9,0.041,0.256,5896.0,VIB
2017-Q4,4,2017,10.8,1.4,0.128,725.0,0.1,14.0,0.071,0.01,13.0,-0.015,0.532,5661.0,VIB
2017-Q3,3,2017,15.4,1.3,0.084,473.0,0.1,13.1,0.077,0.007,12.1,0.021,0.176,5749.0,VIB
2017-Q2,2,2017,18.9,1.3,0.073,402.0,0.1,13.2,0.076,0.006,12.2,-0.014,0.082,5632.0,VIB
2017-Q1,1,2017,16.1,1.1,0.066,371.0,0.1,12.0,0.084,0.006,11.0,0.014,0.026,5709.0,VIB
2016-Q4,4,2016,,,0.065,362.0,0.1,12.0,0.084,0.006,11.0,0.026,0.069,5628.0,VIB
2016-Q3,3,2016,,,0.062,339.0,0.1,10.4,0.096,0.007,9.4,0.012,0.035,5488.0,VIB
2016-Q2,2,2016,,,0.061,327.0,0.1,10.3,0.097,0.006,9.3,-0.038,0.063,5424.0,VIB
2016-Q1,1,2016,,,0.055,308.0,0.1,9.7,0.103,0.006,8.7,0.013,-0.017,5637.0,VIB
2015-Q4,4,2015,,,0.057,313.0,0.1,9.8,0.102,0.006,8.8,0.025,-0.227,5565.0,VIB
2015-Q3,3,2015,,,0.076,405.0,0.1,8.6,0.116,0.008,7.6,0.013,0.01,5428.0,VIB
2015-Q2,2,2015,,,0.076,401.0,0.1,9.3,0.108,0.008,8.3,-0.038,0.034,5360.0,VIB
2015-Q1,1,2015,,,0.072,388.0,0.1,9.0,0.111,0.008,8.0,0.018,0.162,5574.0,VIB
2024-Q4,4,2024,16.9,1.4,0.09,3069.0,0.2,6.1,0.164,0.016,4.5,0.023,0.229,36075.0,VIC
2024-Q3,3,2024,16.8,1.2,0.074,2498.0,0.3,5.9,0.17,0.013,3.8,0.041,1.662,35261.0,VIC
2024-Q2,2,2024,43.9,1.2,0.03,938.0,0.3,5.6,0.179,0.005,3.4,-0.006,-0.598,33888.0,VIC
2024-Q1,1,2024,20.4,1.4,0.074,2335.0,0.3,5.3,0.188,0.014,3.4,0.073,3.33,34095.0,VIC
2023-Q4,4,2023,82.7,1.4,0.018,539.0,0.3,5.5,0.182,0.003,3.5,-0.011,-0.454,31789.0,VIC
2023-Q3,3,2023,47.4,1.5,0.032,988.0,0.3,5.1,0.196,0.006,3.3,0.087,-0.299,32132.0,VIC
2023-Q2,2,2023,36.1,1.7,0.049,1411.0,0.3,5.3,0.189,0.01,3.4,0.016,-0.225,29551.0,VIC
2023-Q1,1,2023,30.2,1.9,0.065,1821.0,0.3,5.4,0.186,0.013,3.4,0.014,-0.166,29098.0,VIC
2022-Q4,4,2022,24.6,1.9,0.08,2184.0,0.3,5.2,0.191,0.017,3.2,-0.01,9.077,28689.0,VIC
2022-Q3,3,2022,253.7,1.9,0.008,216.0,0.3,5.0,0.199,0.002,3.0,0.048,-2.766,28967.0,VIC
2022-Q2,2,2022,-598.9,2.7,-0.005,-122.0,0.3,5.0,0.2,-0.001,3.0,0.032,-0.805,27634.0,VIC
2022-Q1,1,2022,-128.7,3.0,-0.026,-630.0,0.4,4.3,0.232,-0.006,2.3,0.027,-0.13,26765.0,VIC
2021-Q4,4,2021,-131.2,3.6,-0.031,-724.0,0.6,4.3,0.233,-0.007,1.7,0.002,-1.645,26060.0,VIC
2021-Q3,3,2021,78.3,3.4,0.047,1123.0,0.6,4.4,0.229,0.01,1.6,0.114,-0.306,26004.0,VIC
2021-Q2,2,2021,65.4,4.5,0.073,1618.0,0.5,4.7,0.213,0.015,1.9,0.098,-0.088,23337.0,VIC
2021-Q1,1,2021,59.1,4.9,0.085,1773.0,0.5,5.2,0.194,0.016,2.0,0.026,0.32,21249.0,VIC
2020-Q4,4,2020,71.5,4.6,0.066,1344.0,0.5,5.4,0.186,0.012,2.1,-0.038,-0.406,20710.0,VIC
2020-Q3,3,2020,35.9,3.8,0.109,2263.0,0.4,5.2,0.191,0.022,2.5,0.011,0.137,21525.0,VIC
2020-Q2,2,2020,39.8,3.7,0.094,1989.0,0.4,5.3,0.19,0.02,2.5,0.043,0.099,21287.0,VIC
2020-Q1,1,2020,40.9,3.6,0.104,1810.0,0.4,5.3,0.188,0.019,2.4,0.016,-0.082,20403.0,VIC
2019-Q4,4,2019,51.8,5.1,0.116,1972.0,0.4,5.3,0.187,0.022,2.4,-0.006,0.411,20085.0,VIC
2019-Q3,3,2019,76.2,5.3,0.082,1397.0,0.5,4.6,0.215,0.017,1.8,-0.044,-0.021,20213.0,VIC
2019-Q2,2,2019,72.0,4.9,0.089,1428.0,0.6,4.2,0.238,0.019,1.7,0.464,0.28,21148.0,VIC
2019-Q1,1,2019,92.3,7.1,0.096,1115.0,0.5,5.7,0.175,0.016,2.1,0.031,0.029,14442.0,VIC
2018-Q4,4,2018,78.1,6.0,0.098,1084.0,0.5,5.4,0.184,0.016,1.9,0.023,0.073,14014.0,VIC
2018-Q3,3,2018,86.4,6.4,0.096,1010.0,0.6,5.1,0.194,0.016,1.7,0.246,0.061,13692.0,VIC
2018-Q2,2,2018,100.3,8.7,0.105,952.0,0.5,6.0,0.168,0.016,1.9,0.26,-0.153,10991.0,VIC
2018-Q1,1,2018,76.5,9.9,0.144,1125.0,0.4,6.7,0.148,0.021,2.8,0.064,0.008,8725.0,VIC
2017-Q4,4,2017,50.9,6.9,0.147,1116.0,0.3,6.9,0.145,0.022,3.1,0.129,1.186,8203.0,VIC
2017-Q3,3,2017,73.7,5.2,0.072,510.0,0.3,7.4,0.135,0.01,3.1,0.027,0.126,7266.0,VIC
2017-Q2,2,2017,69.2,4.4,0.065,453.0,0.3,7.2,0.139,0.01,3.5,0.026,0.039,7075.0,VIC
2017-Q1,1,2017,70.4,4.5,0.064,436.0,0.3,7.1,0.14,0.01,3.3,-0.006,0.069,6895.0,VIC
2016-Q4,4,2016,75.6,4.4,0.063,408.0,0.3,6.8,0.147,0.01,3.0,0.012,-0.185,6933.0,VIC
2016-Q3,3,2016,65.3,4.8,0.079,500.0,0.3,6.6,0.15,0.013,3.1,-0.012,-0.04,6851.0,VIC
2016-Q2,2,2016,56.8,4.3,0.082,521.0,0.4,6.0,0.167,0.015,2.6,0.019,0.315,6937.0,VIC
2016-Q1,1,2016,64.2,3.7,0.065,396.0,0.4,5.7,0.174,0.012,2.6,0.131,0.302,6807.0,VIC
2015-Q4,4,2015,81.0,4.1,0.054,304.0,0.3,6.4,0.157,0.01,2.9,0.032,-0.126,6020.0,VIC
2015-Q3,3,2015,64.6,3.9,0.065,348.0,0.3,5.7,0.176,0.013,3.0,0.018,-0.323,5833.0,VIC
2015-Q2,2,2015,45.6,4.1,0.1,515.0,0.4,5.1,0.197,0.02,2.6,0.59,-0.225,5727.0,VIC
2015-Q1,1,2015,30.3,5.6,0.139,665.0,0.3,7.0,0.143,0.029,3.3,0.011,-0.204,3601.0,VIC
2024-Q4,4,2024,37.2,3.1,0.088,2632.0,0.2,5.9,0.17,0.015,4.9,0.013,-0.067,31218.0,VJC
2024-Q3,3,2024,37.2,3.4,0.096,2822.0,0.2,5.6,0.178,0.018,4.6,0.013,0.4,30832.0,VJC
2024-Q2,2,2024,50.3,3.3,0.07,2016.0,0.2,5.6,0.179,0.013,4.6,0.029,0.436,30451.0,VJC
2024-Q1,1,2024,73.4,3.5,0.049,1403.0,0.2,5.4,0.187,0.01,4.3,0.027,0.918,29592.0,VJC
2023-Q4,4,2023,147.6,3.7,0.027,731.0,0.2,5.4,0.184,0.005,4.4,0.026,-1.19,28823.0,VJC
2023-Q3,3,2023,-25.8,3.5,-0.127,-3851.0,0.2,5.0,0.199,-0.029,4.0,0.025,-0.043,28097.0,VJC
2023-Q2,2,2023,-23.4,3.4,-0.136,-4025.0,0.3,4.8,0.209,-0.033,3.8,-0.018,-0.028,27420.0,VJC
2023-Q1,1,2023,-25.4,3.8,-0.139,-4143.0,0.3,4.6,0.218,-0.035,3.6,0.064,0.033,27931.0,VJC
2022-Q4,4,2022,-27.3,4.2,-0.14,-4009.0,0.3,4.7,0.212,-0.037,3.7,-0.188,-27.31,26256.0,VJC
2022-Q3,3,2022,727.6,3.4,0.005,152.0,0.4,3.9,0.26,0.001,2.8,0.019,-0.281,32327.0,VJC
2022-Q2,2,2022,613.3,4.1,0.007,211.0,0.4,3.6,0.274,0.002,2.6,0.005,-0.466,31719.0,VJC
2022-Q1,1,2022,353.7,4.5,0.014,397.0,0.4,3.4,0.294,0.004,2.4,0.014,1.261,31556.0,VJC
2021-Q4,4,2021,730.1,4.1,0.006,175.0,0.5,3.1,0.325,0.002,2.1,-0.004,-0.92,31119.0,VJC
2021-Q3,3,2021,58.1,4.1,0.077,2201.0,0.5,3.0,0.332,0.025,2.0,-0.003,7.059,31233.0,VJC
2021-Q2,2,2021,444.8,3.9,0.009,273.0,0.5,2.9,0.34,0.003,1.9,0.159,-0.875,31319.0,VJC
2021-Q1,1,2021,59.3,4.8,0.083,2185.0,0.4,3.2,0.308,0.025,2.2,-0.023,15.911,27012.0,VJC
2020-Q4,4,2020,967.2,4.5,0.005,129.0,0.5,3.1,0.318,0.001,2.1,0.071,-1.18,27653.0,VJC
2020-Q3,3,2020,-146.0,4.1,-0.027,-716.0,0.4,3.2,0.309,-0.009,2.2,-0.066,-1.17,25811.0,VJC
2020-Q2,2,2020,25.6,3.9,0.15,4215.0,0.5,3.1,0.323,0.051,2.1,0.088,0.293,27626.0,VJC
2020-Q1,1,2020,29.8,3.8,0.121,3261.0,0.4,3.4,0.293,0.04,2.4,-0.102,-0.581,25389.0,VJC
2019-Q4,4,2019,18.8,5.2,0.289,7789.0,0.5,3.1,0.322,0.097,2.1,0.031,-0.191,28272.0,VJC
2019-Q3,3,2019,14.3,5.0,0.382,9632.0,0.5,2.9,0.344,0.134,1.9,-0.044,0.003,27411.0,VJC
2019-Q2,2,2019,13.3,4.5,0.381,9600.0,0.6,2.8,0.361,0.135,1.8,0.001,-0.022,28669.0,VJC
2019-Q1,1,2019,11.8,4.0,0.393,9811.0,0.6,2.7,0.375,0.144,1.7,0.114,0.019,28628.0,VJC
2018-Q4,4,2018,12.4,4.6,0.435,9631.0,0.6,2.8,0.355,0.147,1.8,0.118,-0.04,25706.0,VJC
2018-Q3,3,2018,15.0,6.5,0.524,10036.0,0.6,2.8,0.356,0.178,1.8,0.059,0.152,22985.0,VJC
2018-Q2,2,2018,15.9,6.4,0.495,8714.0,0.5,2.9,0.343,0.16,1.9,0.02,-0.143,21699.0,VJC
2018-Q1,1,2018,17.8,8.5,0.599,10167.0,0.6,2.8,0.356,0.198,1.8,0.148,0.219,21268.0,VJC
2024-Q4,4,2024,13.9,4.0,0.294,4494.0,1.9,1.7,0.586,0.174,0.5,0.029,-0.021,15444.0,VNM
2024-Q3,3,2024,15.2,4.6,0.309,4590.0,1.6,1.8,0.544,0.17,0.6,-0.087,-0.009,15010.0,VNM
2024-Q2,2,2024,13.6,3.8,0.286,4633.0,2.4,1.6,0.634,0.184,0.4,0.078,0.051,16433.0,VNM
2024-Q1,1,2024,14.7,4.3,0.291,4407.0,2.3,1.6,0.617,0.183,0.4,0.005,0.038,15241.0,VNM
2023-Q4,4,2023,15.1,4.2,0.288,4245.0,2.0,1.7,0.602,0.175,0.5,0.034,0.054,15166.0,VNM
2023-Q3,3,2023,17.3,4.8,0.272,4027.0,1.6,1.8,0.558,0.159,0.6,-0.084,0.024,14668.0,VNM
2023-Q2,2,2023,16.4,4.0,0.243,3934.0,2.6,1.5,0.657,0.157,0.4,0.062,0.014,16013.0,VNM
2023-Q1,1,2023,17.4,4.5,0.255,3879.0,2.3,1.6,0.639,0.159,0.4,0.055,-0.048,15072.0,VNM
2022-Q4,4,2022,17.0,4.8,0.271,4074.0,2.1,1.6,0.616,0.167,0.5,-0.041,-0.037,14282.0,VNM
2022-Q3,3,2022,15.3,4.3,0.284,4231.0,2.0,1.6,0.608,0.171,0.5,-0.088,-0.066,14900.0,VNM
2022-Q2,2,2022,13.8,3.8,0.288,4531.0,2.2,1.6,0.634,0.177,0.5,0.06,-0.074,16333.0,VNM
2022-Q1,1,2022,14.3,4.5,0.322,4891.0,1.9,1.6,0.608,0.196,0.5,-0.027,-0.029,15406.0,VNM
2021-Q4,4,2021,15.4,4.9,0.327,5039.0,2.1,1.6,0.62,0.207,0.5,0.064,0.001,15829.0,VNM
2021-Q3,3,2021,16.9,5.7,0.348,5034.0,1.9,1.7,0.597,0.205,0.5,-0.017,-0.014,14878.0,VNM
2021-Q2,2,2021,16.5,5.6,0.346,5106.0,1.8,1.7,0.596,0.208,0.5,0.009,-0.022,15131.0,VNM
2021-Q1,1,2021,17.4,6.1,0.356,5220.0,2.0,1.6,0.614,0.225,0.5,0.001,-0.017,14991.0,VNM
2020-Q4,4,2020,18.7,6.6,0.378,5310.0,2.3,1.5,0.646,0.238,0.4,0.066,-0.001,14975.0,VNM
2020-Q3,3,2020,18.7,7.1,0.393,5318.0,1.7,1.7,0.582,0.246,0.6,-0.026,0.036,14041.0,VNM
2020-Q2,2,2020,16.5,5.9,0.367,5133.0,1.9,1.6,0.608,0.239,0.5,0.004,0.016,14419.0,VNM
2020-Q1,1,2020,13.3,4.7,0.362,5050.0,2.3,1.5,0.651,0.25,0.4,0.091,-0.002,14359.0,VNM
2019-Q4,4,2019,17.9,6.9,0.397,5062.0,2.0,1.6,0.615,0.258,0.5,0.009,-0.009,13160.0,VNM
2019-Q3,3,2019,19.6,7.7,0.405,5109.0,2.3,1.5,0.68,0.288,0.4,-0.038,0.012,13043.0,VNM
2019-Q2,2,2019,18.5,6.9,0.388,5047.0,2.6,1.4,0.705,0.276,0.4,0.0,0.023,13559.0,VNM
2019-Q1,1,2019,20.5,7.5,0.381,4936.0,3.1,1.4,0.74,0.28,0.3,0.099,0.009,13557.0,VNM
2018-Q4,4,2018,18.4,7.3,0.416,4893.0,2.4,1.4,0.69,0.284,0.4,0.013,0.057,12335.0,VNM
2018-Q3,3,2018,22.1,8.4,0.391,4628.0,3.2,1.3,0.748,0.295,0.3,-0.023,-0.014,12181.0,VNM
2018-Q2,2,2018,22.2,8.4,0.388,4692.0,2.8,1.4,0.72,0.288,0.4,0.009,-0.025,12462.0,VNM
2018-Q1,1,2018,25.6,10.0,0.398,4814.0,2.9,1.4,0.731,0.303,0.3,0.104,-0.023,12350.0,VNM
2017-Q4,4,2017,25.7,11.3,0.452,4926.0,2.2,1.5,0.674,0.322,0.5,-0.026,-0.008,11184.0,VNM
2017-Q3,3,2017,18.1,7.8,0.466,4966.0,3.2,1.3,0.76,0.35,0.3,-0.021,0.014,11488.0,VNM
2017-Q2,2,2017,19.1,8.0,0.433,4897.0,3.4,1.3,0.767,0.331,0.3,-0.011,0.011,11732.0,VNM
2017-Q1,1,2017,17.4,7.1,0.427,4846.0,4.1,1.3,0.798,0.337,0.2,0.118,0.083,11857.0,VNM
2016-Q4,4,2016,16.5,7.0,0.436,4473.0,3.2,1.3,0.755,0.329,0.3,0.08,-0.007,10607.0,VNM
2016-Q3,3,2016,18.2,8.4,0.477,4506.0,3.0,1.3,0.742,0.351,0.3,-0.097,0.046,9818.0,VNM
2016-Q2,2,2016,15.6,6.2,0.411,4308.0,3.3,1.3,0.762,0.316,0.3,0.003,0.075,10868.0,VNM
2016-Q1,1,2016,15.8,5.8,0.383,4006.0,3.7,1.3,0.779,0.299,0.3,0.094,0.077,10832.0,VNM
2015-Q4,4,2015,16.2,6.1,0.385,3719.0,3.2,1.3,0.753,0.292,0.3,0.09,0.022,9900.0,VNM
2015-Q3,3,2015,12.9,5.2,0.41,3639.0,2.9,1.4,0.731,0.305,0.4,-0.098,0.111,9085.0,VNM
2015-Q2,2,2015,13.1,4.3,0.346,3276.0,3.6,1.3,0.774,0.269,0.3,-0.001,0.098,10076.0,VNM
2015-Q1,1,2015,13.2,3.9,0.313,2984.0,3.7,1.3,0.781,0.248,0.3,0.078,0.028,10087.0,VNM
2024-Q4,4,2024,9.8,1.0,0.114,1988.0,0.2,6.3,0.159,0.018,5.3,0.035,0.196,18562.0,VPB
2024-Q3,3,2024,12.1,1.1,0.109,1662.0,0.2,6.0,0.166,0.016,5.0,0.03,0.138,17928.0,VPB
2024-Q2,2,2024,12.8,1.1,0.098,1460.0,0.2,6.3,0.16,0.014,5.3,-0.034,0.046,17403.0,VPB
2024-Q1,1,2024,13.4,1.0,0.093,1396.0,0.2,5.8,0.174,0.015,4.8,0.021,0.103,18015.0,VPB
2023-Q4,4,2023,14.4,1.0,0.087,1267.0,0.2,5.8,0.171,0.014,4.8,0.272,-0.023,17639.0,VPB
2023-Q3,3,2023,15.1,1.4,0.103,1296.0,0.2,7.1,0.141,0.015,6.1,0.023,-0.113,13863.0,VPB
2023-Q2,2,2023,12.3,1.3,0.12,1461.0,0.2,6.9,0.145,0.017,5.9,0.023,-0.037,13557.0,VPB
2023-Q1,1,2023,12.6,1.4,0.129,1517.0,0.2,6.4,0.155,0.019,5.4,0.015,-0.338,13246.0,VPB
2022-Q4,4,2022,7.1,1.2,0.207,2290.0,0.2,6.1,0.164,0.031,5.1,0.011,-0.009,13047.0,VPB
2022-Q3,3,2022,7.0,1.3,0.234,2311.0,0.2,5.8,0.172,0.034,4.8,0.039,0.094,12902.0,VPB
2022-Q2,2,2022,8.3,1.4,0.223,2113.0,0.2,6.2,0.162,0.032,5.2,0.035,-0.029,12418.0,VPB
2022-Q1,1,2022,10.3,1.9,0.242,2177.0,0.2,5.9,0.169,0.035,4.9,0.101,0.463,11999.0,VPB
2021-Q4,4,2021,15.3,2.1,0.18,1488.0,0.2,6.3,0.158,0.024,5.3,0.387,-0.038,10896.0,VPB
2021-Q3,3,2021,23.7,4.7,0.219,1547.0,0.1,7.7,0.13,0.027,6.7,0.039,-0.007,7855.0,VPB
2021-Q2,2,2021,24.1,5.0,0.23,1558.0,0.2,7.5,0.133,0.029,6.5,0.072,0.094,7563.0,VPB
2021-Q1,1,2021,17.4,3.5,0.225,1424.0,0.1,7.8,0.128,0.027,6.8,-0.103,-0.082,7057.0,VPB
2020-Q4,4,2020,11.6,2.3,0.219,1551.0,0.1,7.9,0.126,0.026,6.9,0.062,0.038,7864.0,VPB
2020-Q3,3,2020,8.8,1.8,0.222,1494.0,0.1,8.3,0.12,0.026,7.3,0.047,-0.003,7407.0,VPB
2020-Q2,2,2020,7.6,1.6,0.235,1498.0,0.1,8.4,0.119,0.027,7.4,0.066,0.098,7071.0,VPB
2020-Q1,1,2020,6.9,1.4,0.227,1364.0,0.1,8.8,0.113,0.026,7.8,-0.302,-0.266,6632.0,VPB
2019-Q4,4,2019,6.0,1.2,0.215,1859.0,0.1,8.9,0.112,0.024,7.9,0.043,0.007,9496.0,VPB
2019-Q3,3,2019,6.6,1.3,0.227,1846.0,0.1,8.8,0.113,0.025,7.8,0.06,0.121,9108.0,VPB
2019-Q2,2,2019,6.4,1.2,0.206,1647.0,0.1,9.1,0.11,0.023,8.1,0.056,0.095,8594.0,VPB
2019-Q1,1,2019,7.5,1.4,0.197,1504.0,0.1,8.9,0.112,0.022,7.9,0.041,-0.091,8138.0,VPB
2018-Q4,4,2018,6.7,1.4,0.228,1654.0,0.1,9.3,0.107,0.024,8.3,0.086,0.076,7816.0,VPB
2018-Q3,3,2018,9.7,2.1,0.229,1538.0,0.1,9.3,0.108,0.025,8.3,-0.03,-0.068,7195.0,VPB
2018-Q2,2,2018,9.7,2.1,0.279,1649.0,0.1,8.9,0.113,0.027,7.9,0.043,0.049,7420.0,VPB
2018-Q1,1,2018,14.1,3.1,0.278,1572.0,0.1,9.0,0.111,0.027,8.0,0.065,0.086,7116.0,VPB
2017-Q4,4,2017,9.7,2.1,0.274,1448.0,0.1,9.4,0.107,0.026,8.4,0.075,0.083,6679.0,VPB
2017-Q3,3,2017,9.6,2.1,0.274,1337.0,0.1,9.2,0.109,0.026,8.2,0.415,0.097,6214.0,VPB
2017-Q2,2,2017,,,0.319,1218.0,0.1,12.7,0.078,0.024,11.7,0.045,0.144,4391.0,VPB
2017-Q1,1,2017,,,0.288,1065.0,0.1,12.3,0.081,0.022,11.3,0.079,0.164,4201.0,VPB
2016-Q4,4,2016,,,0.265,914.0,0.1,13.1,0.077,0.019,12.1,0.097,0.304,3893.0,VPB
2016-Q3,3,2016,,,0.219,701.0,0.1,13.0,0.077,0.016,12.0,0.095,0.12,3550.0,VPB
2016-Q2,2,2016,,,0.212,626.0,0.1,14.1,0.071,0.015,13.1,0.014,-0.056,3241.0,VPB
2016-Q1,1,2016,,,0.25,663.0,0.1,14.3,0.07,0.016,13.3,0.061,0.232,3196.0,VPB
2015-Q4,4,2015,,,0.214,538.0,0.1,14.5,0.069,0.013,13.5,0.05,0.15,3011.0,VPB
2015-Q3,3,2015,,,0.194,468.0,0.1,15.3,0.065,0.012,14.3,0.07,0.365,2867.0,VPB
2015-Q2,2,2015,,,0.151,343.0,0.1,15.0,0.067,0.01,14.0,0.267,0.097,2681.0,VPB
2015-Q1,1,2015,,,0.161,312.0,0.1,17.5,0.057,0.009,16.5,0.048,0.127,2116.0,VPB
2024-Q4,4,2024,10.2,1.0,0.103,1802.0,3.2,1.3,0.759,0.08,0.3,0.027,0.004,18449.0,VRE
2024-Q3,3,2024,10.6,1.1,0.105,1794.0,3.3,1.3,0.768,0.083,0.3,0.023,-0.091,17971.0,VRE
2024-Q2,2,2024,10.4,1.2,0.119,1975.0,3.2,1.3,0.763,0.093,0.3,0.026,0.005,17572.0,VRE
2024-Q1,1,2024,13.1,1.5,0.122,1965.0,3.8,1.3,0.794,0.096,0.3,0.029,0.013,17123.0,VRE
2023-Q4,4,2023,12.0,1.4,0.124,1940.0,3.8,1.3,0.793,0.098,0.3,0.029,0.067,16636.0,VRE
2023-Q3,3,2023,14.4,1.6,0.119,1818.0,4.6,1.2,0.822,0.098,0.2,0.037,0.145,16166.0,VRE
2023-Q2,2,2023,16.9,1.7,0.107,1588.0,4.0,1.2,0.801,0.087,0.2,0.029,0.067,15587.0,VRE
2023-Q1,1,2023,19.9,2.0,0.103,1487.0,3.5,1.3,0.778,0.082,0.3,0.032,0.236,15146.0,VRE
2022-Q4,4,2022,21.9,1.8,0.086,1203.0,3.6,1.3,0.782,0.068,0.3,0.024,0.324,14677.0,VRE
2022-Q3,3,2022,30.8,2.0,0.066,909.0,4.4,1.2,0.815,0.053,0.2,0.025,0.593,14329.0,VRE
2022-Q2,2,2022,50.0,2.0,0.042,570.0,4.6,1.2,0.821,0.034,0.2,0.025,0.423,13979.0,VRE
2022-Q1,1,2022,83.4,2.5,0.03,400.0,4.6,1.2,0.821,0.024,0.2,0.012,-0.307,13639.0,VRE
2021-Q4,4,2021,52.0,2.2,0.044,578.0,4.2,1.2,0.808,0.034,0.2,0.004,-0.393,13473.0,VRE
2021-Q3,3,2021,30.5,2.2,0.074,953.0,4.2,1.2,0.808,0.056,0.2,0.001,-0.202,13419.0,VRE
2021-Q2,2,2021,26.6,2.4,0.093,1194.0,4.1,1.2,0.804,0.071,0.2,0.013,0.017,13409.0,VRE
2021-Q1,1,2021,27.8,2.5,0.093,1175.0,3.1,1.3,0.756,0.07,0.3,0.027,0.121,13238.0,VRE
2020-Q4,4,2020,30.0,2.4,0.085,1048.0,2.8,1.4,0.737,0.063,0.4,0.034,0.041,12894.0,VRE
2020-Q3,3,2020,27.4,2.2,0.081,1006.0,2.4,1.4,0.707,0.059,0.4,0.021,-0.059,12466.0,VRE
2020-Q2,2,2020,23.2,2.0,0.088,1070.0,2.5,1.4,0.716,0.064,0.4,0.013,-0.109,12214.0,VRE
2020-Q1,1,2020,16.0,1.6,0.097,1200.0,2.9,1.3,0.743,0.072,0.3,0.018,-0.042,12063.0,VRE
2019-Q4,4,2019,27.1,2.9,0.103,1253.0,3.0,1.3,0.751,0.077,0.3,-0.038,0.071,11845.0,VRE
2019-Q3,3,2019,28.3,2.7,0.095,1169.0,2.9,1.3,0.745,0.071,0.3,0.026,0.065,12318.0,VRE
2019-Q2,2,2019,30.8,2.8,0.092,1098.0,2.8,1.4,0.733,0.068,0.4,-0.062,0.008,12002.0,VRE
2019-Q1,1,2019,30.8,2.6,0.089,1089.0,3.1,1.3,0.753,0.065,0.3,0.021,0.029,12793.0,VRE
2018-Q4,4,2018,25.6,2.2,0.088,1058.0,3.0,1.3,0.747,0.063,0.3,0.025,0.072,12528.0,VRE
2018-Q3,3,2018,33.6,2.7,0.085,987.0,3.1,1.3,0.755,0.061,0.3,0.02,0.088,12225.0,VRE
