time,high,low,volume
2020-01-01,,,
2020-01-02,6.8,6.67,991450.0
2020-01-03,6.88,6.71,703890.0
2020-01-04,,,
2020-01-05,,,
2020-01-06,6.76,6.67,1348120.0
2020-01-07,6.76,6.71,643090.0
2020-01-08,6.69,6.49,2622960.0
2020-01-09,6.67,6.6,1149130.0
2020-01-10,6.78,6.62,2067400.0
2020-01-11,,,
2020-01-12,,,
2020-01-13,6.84,6.73,1125380.0
2020-01-14,6.82,6.75,1066740.0
2020-01-15,6.82,6.76,830260.0
2020-01-16,7.06,6.8,2384770.0
2020-01-17,7.21,7.02,2832740.0
2020-01-18,,,
2020-01-19,,,
2020-01-20,7.12,7.02,1288010.0
2020-01-21,7.19,7.04,1541100.0
2020-01-22,7.17,7.08,1729500.0
2020-01-23,,,
2020-01-24,,,
2020-01-25,,,
2020-01-26,,,
2020-01-27,,,
2020-01-28,,,
2020-01-29,,,
2020-01-30,7.0,6.69,2412920.0
2020-01-31,6.76,6.38,4457280.0
2020-02-01,,,
2020-02-02,,,
2020-02-03,6.32,6.1,3144570.0
2020-02-04,6.38,6.21,1782240.0
2020-02-05,6.38,6.25,2164080.0
2020-02-06,6.54,6.25,2870780.0
2020-02-07,6.64,6.47,2561750.0
2020-02-08,,,
2020-02-09,,,
2020-02-10,6.51,6.21,775620.0
2020-02-11,6.51,6.43,1521880.0
2020-02-12,6.58,6.47,2789960.0
2020-02-13,6.54,6.49,1264660.0
2020-02-14,6.6,6.47,1102790.0
2020-02-15,,,
2020-02-16,,,
2020-02-17,6.64,6.52,1955060.0
2020-02-18,6.54,6.43,1478110.0
2020-02-19,6.52,6.45,1668460.0
2020-02-20,6.6,6.47,1664520.0
2020-02-21,6.52,6.45,1197860.0
2020-02-22,,,
2020-02-23,,,
2020-02-24,6.34,6.01,3482920.0
2020-02-25,6.08,5.86,1693240.0
2020-02-26,6.17,5.88,1038320.0
2020-02-27,6.1,5.9,1490420.0
2020-02-28,5.99,5.84,1987700.0
2020-02-29,,,
2020-03-01,,,
2020-03-02,5.95,5.82,2114140.0
2020-03-03,6.01,5.9,2088500.0
2020-03-04,6.08,5.88,2852970.0
2020-03-05,6.27,6.08,3298460.0
2020-03-06,6.19,6.08,1362870.0
2020-03-07,,,
2020-03-08,,,
2020-03-09,5.84,5.75,3576610.0
2020-03-10,5.78,5.51,3374030.0
2020-03-11,5.86,5.36,3614130.0
2020-03-12,5.18,4.99,4606030.0
2020-03-13,5.08,4.69,4484960.0
2020-03-14,,,
2020-03-15,,,
2020-03-16,5.03,4.88,2897920.0
2020-03-17,5.25,4.73,4834780.0
2020-03-18,5.32,5.03,3190370.0
2020-03-19,5.14,4.92,2568540.0
2020-03-20,5.19,5.03,2868770.0
2020-03-21,,,
2020-03-22,,,
2020-03-23,4.95,4.77,3296350.0
2020-03-24,4.81,4.51,3009990.0
2020-03-25,4.93,4.71,2376040.0
2020-03-26,4.9,4.77,1256940.0
2020-03-27,4.82,4.57,2469460.0
2020-03-28,,,
2020-03-29,,,
2020-03-30,4.4,4.25,2427550.0
2020-03-31,4.42,4.1,1680730.0
2020-04-01,4.58,4.29,3715270.0
2020-04-02,,,
2020-04-03,4.9,4.73,4544530.0
2020-04-04,,,
2020-04-05,,,
2020-04-06,5.23,5.1,5473010.0
2020-04-07,5.38,5.18,6377610.0
2020-04-08,5.36,5.03,4091610.0
2020-04-09,5.66,5.55,5507100.0
2020-04-10,5.83,5.57,3233820.0
2020-04-11,,,
2020-04-12,,,
2020-04-13,5.75,5.57,3573400.0
2020-04-14,5.66,5.47,3902110.0
2020-04-15,5.77,5.66,3075990.0
2020-04-16,5.81,5.62,2603060.0
2020-04-17,5.92,5.77,3936040.0
2020-04-18,,,
2020-04-19,,,
2020-04-20,5.92,5.77,3326260.0
2020-04-21,5.77,5.47,4437860.0
2020-04-22,5.77,5.36,3435210.0
2020-04-23,5.92,5.7,2594810.0
2020-04-24,5.72,5.6,1507530.0
2020-04-25,,,
2020-04-26,,,
2020-04-27,5.72,5.6,2112890.0
2020-04-28,5.62,5.49,2587110.0
2020-04-29,5.62,5.53,1454150.0
2020-04-30,,,
2020-05-01,,,
2020-05-02,,,
2020-05-03,,,
2020-05-04,5.57,5.45,2180310.0
2020-05-05,5.53,5.4,1667710.0
2020-05-06,5.57,5.45,1675700.0
2020-05-07,5.66,5.53,2332040.0
2020-05-08,5.92,5.66,7919390.0
2020-05-09,,,
2020-05-10,,,
2020-05-11,6.07,5.85,6209600.0
2020-05-12,6.15,5.92,3956090.0
2020-05-13,6.13,5.87,5490540.0
2020-05-14,6.28,5.94,5857120.0
2020-05-15,6.2,5.96,3732360.0
2020-05-16,,,
2020-05-17,,,
2020-05-18,6.09,5.94,2313840.0
2020-05-19,6.26,6.09,6873020.0
2020-05-20,6.17,6.09,2577550.0
2020-05-21,6.22,6.09,3314490.0
2020-05-22,6.3,6.05,7455010.0
2020-05-23,,,
2020-05-24,,,
2020-05-25,6.26,6.13,6022830.0
2020-05-26,6.6,6.28,8120570.0
2020-05-27,6.67,6.39,7938010.0
2020-05-28,6.47,6.35,4876490.0
2020-05-29,6.39,6.28,3573780.0
2020-05-30,,,
2020-05-31,,,
2020-06-01,6.56,6.37,4455460.0
2020-06-02,6.58,6.43,6106810.0
2020-06-03,6.52,6.43,3251400.0
2020-06-04,6.84,6.62,9360040.0
2020-06-05,6.77,6.65,5731890.0
2020-06-06,,,
2020-06-07,,,
2020-06-08,6.95,6.82,5993130.0
2020-06-09,6.99,6.77,6435790.0
2020-06-10,6.9,6.6,6544090.0
2020-06-11,6.95,6.39,9349070.0
2020-06-12,6.65,6.13,7587730.0
2020-06-13,,,
2020-06-14,,,
2020-06-15,6.67,6.2,7253720.0
2020-06-16,6.54,6.32,5005720.0
2020-06-17,6.54,6.37,2911920.0
2020-06-18,6.43,6.3,1838500.0
2020-06-19,6.56,6.39,4986110.0
2020-06-20,,,
2020-06-21,,,
2020-06-22,6.65,6.41,3766890.0
2020-06-23,6.97,6.62,14025040.0
2020-06-24,7.01,6.73,5975970.0
2020-06-25,6.8,6.6,3914840.0
2020-06-26,6.95,6.62,4919890.0
2020-06-27,,,
2020-06-28,,,
2020-06-29,6.65,6.28,7502050.0
2020-06-30,6.54,6.2,3781930.0
2020-07-01,6.6,6.32,3435740.0
2020-07-02,6.56,6.45,2325600.0
2020-07-03,6.56,6.47,2288480.0
2020-07-04,,,
2020-07-05,,,
2020-07-06,6.69,6.5,3984350.0
2020-07-07,6.8,6.65,4850680.0
2020-07-08,6.73,6.58,2493090.0
2020-07-09,6.86,6.73,4876340.0
2020-07-10,6.92,6.75,9082870.0
2020-07-11,,,
2020-07-12,,,
2020-07-13,6.97,6.8,5298630.0
2020-07-14,7.16,6.82,9138070.0
2020-07-15,7.2,7.07,4340580.0
2020-07-16,7.16,7.07,3531900.0
2020-07-17,7.27,7.07,6824380.0
2020-07-18,,,
2020-07-19,,,
2020-07-20,7.3,7.05,6438130.0
2020-07-21,7.16,6.89,6953920.0
2020-07-22,7.05,6.86,3959010.0
2020-07-23,6.91,6.77,4378660.0
2020-07-24,6.8,6.36,9774930.0
2020-07-25,,,
2020-07-26,,,
2020-07-27,6.39,6.07,8310880.0
2020-07-28,6.48,6.09,6648230.0
2020-07-29,6.39,6.04,6325100.0
2020-07-30,6.34,6.2,2699550.0
2020-07-31,6.29,6.09,2832300.0
2020-08-01,,,
2020-08-02,,,
2020-08-03,6.48,6.16,5017010.0
2020-08-04,6.59,6.41,4642760.0
2020-08-05,6.7,6.45,4672060.0
2020-08-06,6.64,6.52,4168520.0
2020-08-07,6.59,6.48,2562160.0
2020-08-08,,,
2020-08-09,,,
2020-08-10,6.66,6.57,3288010.0
2020-08-11,6.73,6.57,5313900.0
2020-08-12,6.75,6.61,2877790.0
2020-08-13,6.8,6.66,3734680.0
2020-08-14,6.8,6.59,4301340.0
2020-08-15,,,
2020-08-16,,,
2020-08-17,6.66,6.5,3811840.0
2020-08-18,6.66,6.54,1931160.0
2020-08-19,6.66,6.54,2670190.0
2020-08-20,6.66,6.54,2703510.0
2020-08-21,6.7,6.54,3758250.0
2020-08-22,,,
2020-08-23,,,
2020-08-24,6.89,6.73,7044900.0
2020-08-25,6.96,6.82,4611300.0
2020-08-26,6.93,6.82,5419820.0
2020-08-27,6.91,6.82,3711300.0
2020-08-28,7.02,6.89,5869960.0
2020-08-29,,,
2020-08-30,,,
2020-08-31,6.96,6.77,3994730.0
2020-09-01,6.89,6.75,3449300.0
2020-09-02,,,
2020-09-03,7.0,6.89,4876180.0
2020-09-04,7.16,6.77,9713580.0
2020-09-05,,,
2020-09-06,,,
2020-09-07,7.23,6.98,9582630.0
2020-09-08,7.21,6.98,6831470.0
2020-09-09,7.25,7.05,7044490.0
2020-09-10,7.37,7.23,8787650.0
2020-09-11,7.27,7.16,4402790.0
2020-09-12,,,
2020-09-13,,,
2020-09-14,7.25,7.14,4644580.0
2020-09-15,7.37,7.18,7005050.0
2020-09-16,7.34,7.21,3807390.0
2020-09-17,7.32,7.21,6000380.0
2020-09-18,7.5,7.27,7903190.0
2020-09-19,,,
2020-09-20,,,
2020-09-21,7.64,7.46,8122870.0
2020-09-22,7.57,7.46,6821140.0
2020-09-23,7.66,7.55,5699700.0
2020-09-24,7.66,7.53,4564860.0
2020-09-25,7.59,7.41,7290520.0
2020-09-26,,,
2020-09-27,,,
2020-09-28,7.73,7.55,5215260.0
2020-09-29,7.82,7.62,6122220.0
2020-09-30,7.75,7.57,4432160.0
2020-10-01,8.21,7.75,10321030.0
2020-10-02,8.23,7.75,10961430.0
2020-10-03,,,
2020-10-04,,,
2020-10-05,8.35,8.12,6672820.0
2020-10-06,8.37,8.19,5228170.0
2020-10-07,8.28,8.12,5770720.0
2020-10-08,8.23,8.03,4663470.0
2020-10-09,8.32,8.14,3870610.0
2020-10-10,,,
2020-10-11,,,
2020-10-12,8.3,8.1,4849320.0
2020-10-13,8.19,8.0,4374250.0
2020-10-14,8.26,7.96,5379490.0
2020-10-15,8.37,8.23,4732880.0
2020-10-16,8.35,8.19,4444100.0
2020-10-17,,,
2020-10-18,,,
2020-10-19,8.53,8.28,9462400.0
2020-10-20,8.37,8.16,4191320.0
2020-10-21,8.35,8.07,7065620.0
2020-10-22,8.21,7.94,6686080.0
2020-10-23,8.28,8.07,4370330.0
2020-10-24,,,
2020-10-25,,,
2020-10-26,8.26,8.03,4731880.0
2020-10-27,8.05,7.84,5449930.0
2020-10-28,7.87,7.53,5918990.0
2020-10-29,7.8,7.5,4799470.0
2020-10-30,7.82,7.62,3028990.0
2020-10-31,,,
2020-11-01,,,
2020-11-02,7.82,7.71,1678320.0
2020-11-03,7.94,7.84,3118820.0
2020-11-04,8.0,7.87,4575940.0
2020-11-05,8.0,7.87,2486250.0
2020-11-06,7.91,7.78,1527160.0
2020-11-07,,,
2020-11-08,,,
2020-11-09,8.03,7.87,3963600.0
2020-11-10,8.23,8.03,8816320.0
2020-11-11,8.16,7.98,4848370.0
2020-11-12,8.07,7.96,3643040.0
2020-11-13,8.12,7.96,4197980.0
2020-11-14,,,
2020-11-15,,,
2020-11-16,8.26,8.07,6268580.0
2020-11-17,8.32,8.05,8582800.0
2020-11-18,8.48,8.3,7510860.0
2020-11-19,8.48,8.35,5201760.0
2020-11-20,8.44,8.26,6053890.0
2020-11-21,,,
2020-11-22,,,
2020-11-23,8.55,8.23,9362300.0
2020-11-24,8.71,8.48,10946270.0
2020-11-25,8.8,8.64,8630730.0
2020-11-26,8.8,8.6,5344370.0
2020-11-27,8.85,8.73,4608770.0
2020-11-28,,,
2020-11-29,,,
2020-11-30,8.94,8.76,6728330.0
2020-12-01,8.85,8.57,8794040.0
2020-12-02,9.05,8.83,7098230.0
2020-12-03,9.3,9.03,8053380.0
2020-12-04,9.26,9.12,6343360.0
2020-12-05,,,
2020-12-06,,,
2020-12-07,9.4,9.24,7082510.0
2020-12-08,10.01,9.42,11532900.0
2020-12-09,10.58,10.13,13762100.0
2020-12-10,10.6,10.22,9858070.0
2020-12-11,10.74,10.28,9023250.0
2020-12-12,,,
2020-12-13,,,
2020-12-14,11.47,10.95,11829490.0
2020-12-15,11.9,11.31,15342550.0
2020-12-16,11.77,11.4,14443400.0
2020-12-17,11.68,11.22,13209050.0
2020-12-18,12.22,11.47,14808270.0
2020-12-19,,,
2020-12-20,,,
2020-12-21,13.07,12.41,14052330.0
2020-12-22,13.66,12.98,12607350.0
2020-12-23,13.41,13.0,13975960.0
2020-12-24,13.14,12.22,15882040.0
2020-12-25,13.82,12.61,16010740.0
2020-12-26,,,
2020-12-27,,,
2020-12-28,14.71,14.18,12578470.0
2020-12-29,14.66,14.18,11912020.0
2020-12-30,14.57,14.14,10530310.0
2020-12-31,15.26,14.34,9645420.0
2021-01-01,,,
2021-01-02,,,
2021-01-03,,,
2021-01-04,15.78,15.42,9011500.0
2021-01-05,15.55,15.1,8624800.0
2021-01-06,15.94,15.05,10370000.0
2021-01-07,15.78,15.3,13783700.0
2021-01-08,15.92,15.3,11401100.0
2021-01-09,,,
2021-01-10,,,
2021-01-11,15.6,15.07,13473300.0
2021-01-12,15.74,14.82,16390400.0
2021-01-13,15.74,15.23,9755200.0
2021-01-14,16.33,15.05,22844000.0
2021-01-15,16.99,16.17,14649600.0
2021-01-16,,,
2021-01-17,,,
2021-01-18,16.85,16.44,11612500.0
2021-01-19,16.58,15.42,19694000.0
2021-01-20,15.74,14.39,14483300.0
2021-01-21,15.96,15.05,13084500.0
2021-01-22,15.83,15.23,11501200.0
2021-01-23,,,
2021-01-24,,,
2021-01-25,15.76,15.01,12151400.0
2021-01-26,15.32,14.41,10631800.0
2021-01-27,14.59,13.59,14058600.0
2021-01-28,12.88,12.66,18067700.0
2021-01-29,13.52,11.86,14006900.0
2021-01-30,,,
2021-01-31,,,
2021-02-01,13.45,12.22,15664500.0
2021-02-02,12.77,11.72,11603300.0
2021-02-03,13.55,12.77,14370500.0
2021-02-04,13.96,13.32,12070400.0
2021-02-05,14.37,13.57,12415200.0
2021-02-06,,,
2021-02-07,,,
2021-02-08,14.94,13.5,21430000.0
2021-02-09,14.55,13.5,15890800.0
2021-02-10,,,
2021-02-11,,,
2021-02-12,,,
2021-02-13,,,
2021-02-14,,,
2021-02-15,,,
2021-02-16,,,
2021-02-17,15.32,14.69,11244000.0
2021-02-18,15.39,14.94,14644800.0
2021-02-19,15.32,14.91,11921100.0
2021-02-20,,,
2021-02-21,,,
2021-02-22,15.39,14.91,13412000.0
2021-02-23,15.48,14.89,15568700.0
2021-02-24,15.71,15.05,14635500.0
2021-02-25,15.39,15.01,11141000.0
2021-02-26,15.23,14.87,13946600.0
2021-02-27,,,
2021-02-28,,,
2021-03-01,16.01,15.19,19294900.0
2021-03-02,16.19,15.8,12530900.0
2021-03-03,16.01,15.78,9827100.0
2021-03-04,15.94,15.05,15631000.0
2021-03-05,15.26,14.82,14142300.0
2021-03-06,,,
2021-03-07,,,
2021-03-08,15.71,15.21,10821800.0
2021-03-09,15.3,14.94,10483300.0
2021-03-10,15.17,14.73,10935600.0
2021-03-11,15.64,15.19,10817400.0
2021-03-12,15.55,15.23,6189600.0
2021-03-13,,,
2021-03-14,,,
2021-03-15,15.37,15.14,7094400.0
2021-03-16,15.14,14.78,12975900.0
2021-03-17,15.01,14.75,7522500.0
2021-03-18,15.28,15.05,7073300.0
2021-03-19,15.51,15.1,11156300.0
2021-03-20,,,
2021-03-21,,,
2021-03-22,15.39,15.14,7606900.0
2021-03-23,15.23,14.85,8829200.0
2021-03-24,14.94,14.14,13279700.0
2021-03-25,14.48,14.0,13265200.0
2021-03-26,14.18,13.41,10140300.0
2021-03-27,,,
2021-03-28,,,
2021-03-29,14.34,14.14,5694300.0
2021-03-30,14.55,14.23,7282100.0
2021-03-31,14.66,14.44,7641900.0
2021-04-01,15.48,14.48,21897600.0
2021-04-02,15.94,15.53,13802300.0
2021-04-03,,,
2021-04-04,,,
2021-04-05,16.19,15.69,18659500.0
2021-04-06,16.1,15.74,15886800.0
2021-04-07,16.19,15.87,13001600.0
2021-04-08,16.28,15.94,10999100.0
2021-04-09,16.28,15.96,11376200.0
2021-04-10,,,
2021-04-11,,,
2021-04-12,16.81,16.05,16962300.0
2021-04-13,16.83,16.03,17662700.0
2021-04-14,16.51,15.96,16502500.0
2021-04-15,16.4,15.83,18715900.0
2021-04-16,15.99,15.19,18210800.0
2021-04-17,,,
2021-04-18,,,
2021-04-19,15.87,15.42,11875700.0
2021-04-20,16.21,15.46,14901200.0
2021-04-21,,,
2021-04-22,15.51,14.48,14783000.0
2021-04-23,15.05,14.39,14676900.0
2021-04-24,,,
2021-04-25,,,
2021-04-26,15.1,14.41,9931300.0
2021-04-27,14.59,14.21,5350000.0
2021-04-28,14.85,14.46,8752800.0
2021-04-29,15.05,14.64,9170100.0
2021-04-30,,,
2021-05-01,,,
2021-05-02,,,
2021-05-03,,,
2021-05-04,15.01,14.41,9998200.0
2021-05-05,15.6,15.03,12386200.0
2021-05-06,15.48,14.94,10716100.0
2021-05-07,15.28,14.78,9370400.0
2021-05-08,,,
2021-05-09,,,
2021-05-10,15.92,14.73,22718700.0
2021-05-11,16.1,15.6,16042700.0
2021-05-12,15.89,15.51,10131500.0
2021-05-13,16.49,15.69,20974300.0
2021-05-14,16.37,15.99,13050200.0
2021-05-15,,,
2021-05-16,,,
2021-05-17,16.56,16.1,16948500.0
2021-05-18,16.37,15.92,11559500.0
2021-05-19,16.51,15.96,16376200.0
2021-05-20,17.56,16.42,28128900.0
2021-05-21,18.38,17.56,15936600.0
2021-05-22,,,
2021-05-23,,,
2021-05-24,18.18,17.61,16564900.0
2021-05-25,18.7,18.02,14778500.0
2021-05-26,19.02,18.47,13254600.0
2021-05-27,18.75,17.79,16156700.0
2021-05-28,19.11,18.02,17028000.0
2021-05-29,,,
2021-05-30,,,
2021-05-31,20.3,19.16,12192900.0
2021-06-01,20.66,19.75,12399700.0
2021-06-02,20.98,19.61,16616900.0
2021-06-03,22.44,21.44,14693000.0
2021-06-04,22.8,21.89,15977800.0
2021-06-05,,,
2021-06-06,,,
2021-06-07,22.49,20.75,23994300.0
2021-06-08,21.85,20.07,19617700.0
2021-06-09,21.46,19.61,21306400.0
2021-06-10,21.78,21.21,14900900.0
2021-06-11,22.9,21.16,22212500.0
2021-06-12,,,
2021-06-13,,,
2021-06-14,24.45,22.8,18579800.0
2021-06-15,24.87,23.94,14842900.0
2021-06-16,24.03,22.76,22090600.0
2021-06-17,23.89,22.36,10762100.0
2021-06-18,23.94,23.29,7798000.0
2021-06-19,,,
2021-06-20,,,
2021-06-21,23.48,22.73,12541700.0
2021-06-22,23.2,22.83,9039100.0
2021-06-23,23.62,22.87,9637700.0
2021-06-24,23.48,23.1,7398300.0
2021-06-25,24.96,23.43,23685000.0
2021-06-26,,,
2021-06-27,,,
2021-06-28,25.48,24.73,9639500.0
2021-06-29,25.94,24.92,10429100.0
2021-06-30,25.71,25.1,11623300.0
2021-07-01,27.06,25.75,13724500.0
2021-07-02,27.43,26.5,12668600.0
2021-07-03,,,
2021-07-04,,,
2021-07-05,26.78,25.48,18789800.0
2021-07-06,26.87,24.45,16593800.0
2021-07-07,25.34,23.48,18452600.0
2021-07-08,25.8,24.87,10311700.0
2021-07-09,25.57,24.22,13645400.0
2021-07-10,,,
2021-07-11,,,
2021-07-12,24.41,22.76,23911200.0
2021-07-13,24.08,22.9,12467000.0
2021-07-14,24.22,22.8,12030700.0
2021-07-15,24.96,23.24,13611900.0
2021-07-16,25.06,24.5,10805600.0
2021-07-17,,,
2021-07-18,,,
2021-07-19,24.08,22.92,16575100.0
2021-07-20,24.5,22.69,15305500.0
2021-07-21,24.64,23.89,9507600.0
2021-07-22,24.64,23.76,10004900.0
2021-07-23,24.36,23.52,12283900.0
2021-07-24,,,
2021-07-25,,,
2021-07-26,23.99,23.24,9710400.0
2021-07-27,24.82,23.99,14778900.0
2021-07-28,24.64,24.08,7034200.0
2021-07-29,25.1,24.5,12969400.0
2021-07-30,25.57,24.92,15168400.0
2021-07-31,,,
2021-08-01,,,
2021-08-02,25.85,25.1,15405800.0
2021-08-03,26.27,25.34,18144400.0
2021-08-04,26.64,26.13,11942000.0
2021-08-05,26.87,26.08,12213800.0
2021-08-06,26.82,26.22,16432800.0
2021-08-07,,,
2021-08-08,,,
2021-08-09,27.99,26.08,22821200.0
2021-08-10,28.03,27.43,12566600.0
2021-08-11,27.8,26.82,17689000.0
2021-08-12,27.38,26.68,13641400.0
2021-08-13,27.75,26.82,21481600.0
2021-08-14,,,
2021-08-15,,,
2021-08-16,29.05,28.31,16930200.0
2021-08-17,28.92,28.26,12968000.0
2021-08-18,29.05,27.99,17610600.0
2021-08-19,29.24,28.26,15710800.0
2021-08-20,29.52,28.22,26611200.0
2021-08-21,,,
2021-08-22,,,
2021-08-23,29.47,28.73,14406400.0
2021-08-24,29.57,27.75,23297300.0
2021-08-25,28.82,28.08,11074200.0
2021-08-26,28.96,27.75,12231000.0
2021-08-27,28.54,27.8,10605600.0
2021-08-28,,,
2021-08-29,,,
2021-08-30,29.05,28.22,12314000.0
2021-08-31,29.38,28.36,9650100.0
2021-09-01,28.82,28.31,9400800.0
2021-09-02,,,
2021-09-03,,,
2021-09-04,,,
2021-09-05,,,
2021-09-06,28.68,27.89,17069400.0
2021-09-07,28.54,27.8,24553700.0
2021-09-08,30.03,29.89,14560700.0
2021-09-09,30.74,29.69,20144300.0
2021-09-10,30.06,29.58,10409900.0
2021-09-11,,,
2021-09-12,,,
2021-09-13,29.72,28.97,12043700.0
2021-09-14,29.38,28.84,8359100.0
2021-09-15,29.28,28.43,7744800.0
2021-09-16,29.31,28.74,4853700.0
2021-09-17,29.82,28.7,14047100.0
2021-09-18,,,
2021-09-19,,,
2021-09-20,29.69,29.01,7586000.0
2021-09-21,28.97,28.36,9068100.0
2021-09-22,28.77,28.26,6579500.0
2021-09-23,28.97,28.36,5774900.0
2021-09-24,28.7,28.33,5155100.0
2021-09-25,,,
2021-09-26,,,
2021-09-27,28.47,27.14,10914300.0
2021-09-28,27.75,27.01,6877900.0
2021-09-29,27.52,27.01,5520900.0
2021-09-30,27.62,27.21,4365600.0
2021-10-01,27.41,26.6,10729800.0
2021-10-02,,,
2021-10-03,,,
2021-10-04,26.53,25.68,10207600.0
2021-10-05,27.62,26.6,9677500.0
2021-10-06,27.65,27.07,7264600.0
2021-10-07,27.79,26.97,8504400.0
2021-10-08,27.96,27.48,6802700.0
2021-10-09,,,
2021-10-10,,,
2021-10-11,28.43,27.82,8232600.0
2021-10-12,28.6,28.09,7551900.0
2021-10-13,28.33,27.82,7219600.0
2021-10-14,28.23,27.58,10561900.0
2021-10-15,28.09,27.62,6386300.0
2021-10-16,,,
2021-10-17,,,
2021-10-18,28.23,27.31,11323100.0
2021-10-19,28.3,27.69,8862700.0
2021-10-20,27.79,27.07,13477800.0
2021-10-21,27.45,26.94,10218000.0
2021-10-22,27.11,26.5,11207400.0
2021-10-23,,,
2021-10-24,,,
2021-10-25,26.53,25.85,15456100.0
2021-10-26,26.36,25.79,8808900.0
2021-10-27,27.48,26.4,12399100.0
2021-10-28,28.09,27.31,12968500.0
2021-10-29,27.82,27.28,11708600.0
2021-10-30,,,
2021-10-31,,,
2021-11-01,28.36,27.48,23755600.0
2021-11-02,28.84,28.09,18597700.0
2021-11-03,29.08,28.09,18570100.0
2021-11-04,29.79,28.3,24896200.0
2021-11-05,29.45,29.04,14206300.0
2021-11-06,,,
2021-11-07,,,
2021-11-08,30.5,29.25,31640500.0
2021-11-09,30.4,29.72,16144000.0
2021-11-10,31.01,30.06,19738700.0
2021-11-11,30.87,29.35,24636000.0
2021-11-12,30.67,29.89,12313600.0
2021-11-13,,,
2021-11-14,,,
2021-11-15,31.76,30.6,28456000.0
2021-11-16,31.11,30.2,16351800.0
2021-11-17,31.38,30.26,19988000.0
2021-11-18,33.28,31.89,40958900.0
2021-11-19,34.47,31.01,31044500.0
2021-11-20,,,
2021-11-21,,,
2021-11-22,33.86,32.5,20365200.0
2021-11-23,35.28,32.5,37416800.0
2021-11-24,36.91,35.76,23397200.0
2021-11-25,37.66,35.83,25420300.0
2021-11-26,37.59,35.96,30833000.0
2021-11-27,,,
2021-11-28,,,
2021-11-29,37.59,35.62,29749300.0
2021-11-30,39.15,37.32,23961600.0
2021-12-01,38.13,36.71,23255800.0
2021-12-02,37.86,36.64,21243400.0
2021-12-03,36.91,34.27,44930900.0
2021-12-04,,,
2021-12-05,,,
2021-12-06,35.49,33.25,31273800.0
2021-12-07,35.62,34.47,15874100.0
2021-12-08,35.9,35.15,13008700.0
2021-12-09,36.51,34.61,16383100.0
2021-12-10,36.51,35.69,13984900.0
2021-12-11,,,
2021-12-12,,,
2021-12-13,36.64,35.49,15527800.0
2021-12-14,36.57,35.69,14532300.0
2021-12-15,36.03,35.08,13911100.0
2021-12-16,35.28,34.27,22318500.0
2021-12-17,35.9,34.54,16143000.0
2021-12-18,,,
2021-12-19,,,
2021-12-20,36.98,35.35,18584000.0
2021-12-21,36.44,35.62,12291900.0
2021-12-22,35.83,34.47,22770800.0
2021-12-23,34.54,32.57,26281600.0
2021-12-24,33.89,32.84,8847400.0
2021-12-25,,,
2021-12-26,,,
2021-12-27,33.89,33.25,6529300.0
2021-12-28,33.62,33.11,9860100.0
2021-12-29,34.2,32.64,9809600.0
2021-12-30,35.83,34.0,16605600.0
2021-12-31,35.96,35.01,9609300.0
2022-01-01,,,
2022-01-02,,,
2022-01-03,,,
2022-01-04,36.23,35.22,16445000.0
2022-01-05,36.57,35.62,15701400.0
2022-01-06,35.96,35.22,13248000.0
2022-01-07,35.62,34.74,13974400.0
2022-01-08,,,
2022-01-09,,,
2022-01-10,35.28,33.62,17471200.0
2022-01-11,34.33,32.57,15601500.0
2022-01-12,34.27,32.64,15464300.0
2022-01-13,34.67,33.15,11392500.0
2022-01-14,33.55,32.77,6678400.0
2022-01-15,,,
2022-01-16,,,
2022-01-17,33.18,30.74,32346300.0
2022-01-18,30.6,28.6,15992300.0
2022-01-19,30.67,29.42,11085500.0
2022-01-20,31.35,30.16,9055600.0
2022-01-21,30.94,29.99,8527900.0
2022-01-22,,,
2022-01-23,,,
2022-01-24,30.06,28.13,18790500.0
2022-01-25,29.11,27.75,10236600.0
2022-01-26,29.45,28.77,8416100.0
2022-01-27,30.2,28.57,7544500.0
2022-01-28,30.57,29.31,7793600.0
2022-01-29,,,
2022-01-30,,,
2022-01-31,,,
2022-02-01,,,
2022-02-02,,,
2022-02-03,,,
2022-02-04,,,
2022-02-05,,,
2022-02-06,,,
2022-02-07,31.82,30.74,9690500.0
2022-02-08,31.28,30.53,6658100.0
2022-02-09,31.42,30.74,8230800.0
2022-02-10,31.15,30.26,6996200.0
2022-02-11,30.98,30.4,5557600.0
2022-02-12,,,
2022-02-13,,,
2022-02-14,30.33,29.58,10485300.0
2022-02-15,30.33,29.42,5733800.0
2022-02-16,30.6,30.06,4864700.0
2022-02-17,30.64,30.4,5870700.0
2022-02-18,31.08,30.13,9386200.0
2022-02-19,,,
2022-02-20,,,
2022-02-21,31.48,30.74,10975700.0
2022-02-22,31.01,30.2,7703800.0
2022-02-23,30.94,30.67,5632600.0
2022-02-24,31.21,29.48,12752500.0
2022-02-25,31.59,30.4,15679600.0
2022-02-26,,,
2022-02-27,,,
2022-02-28,31.62,30.98,7527000.0
2022-03-01,31.42,30.81,8804700.0
2022-03-02,31.11,30.23,12606700.0
2022-03-03,30.87,30.2,8443700.0
2022-03-04,32.16,31.18,20515200.0
2022-03-05,,,
2022-03-06,,,
2022-03-07,31.79,31.04,11608800.0
2022-03-08,32.71,31.28,24333500.0
2022-03-09,32.23,31.15,12310400.0
2022-03-10,32.43,31.62,8503400.0
2022-03-11,31.55,30.33,16762700.0
2022-03-12,,,
2022-03-13,,,
2022-03-14,30.4,29.11,16641300.0
2022-03-15,29.92,29.18,7812500.0
2022-03-16,30.16,29.45,7098600.0
2022-03-17,30.16,29.72,4717000.0
2022-03-18,30.2,29.65,7818900.0
2022-03-19,,,
2022-03-20,,,
2022-03-21,30.16,29.72,6957300.0
2022-03-22,30.4,29.99,6005800.0
2022-03-23,30.33,29.99,6329400.0
2022-03-24,30.16,29.69,7095000.0
2022-03-25,29.82,29.38,7927800.0
2022-03-26,,,
2022-03-27,,,
2022-03-28,29.35,28.36,10391600.0
2022-03-29,29.11,28.91,4100800.0
2022-03-30,29.31,28.53,6997900.0
2022-03-31,29.04,28.5,4239600.0
2022-04-01,29.11,28.09,7804400.0
2022-04-02,,,
2022-04-03,,,
2022-04-04,30.57,29.25,14810300.0
2022-04-05,30.81,30.03,7217300.0
2022-04-06,30.47,29.65,8151700.0
2022-04-07,30.77,29.89,9640400.0
2022-04-08,30.03,29.18,7310200.0
2022-04-09,,,
2022-04-10,,,
2022-04-11,,,
2022-04-12,29.45,28.23,7028900.0
2022-04-13,29.01,27.75,8424200.0
2022-04-14,29.14,28.43,4295500.0
2022-04-15,28.57,27.04,9691100.0
2022-04-16,,,
2022-04-17,,,
2022-04-18,27.14,25.24,16501500.0
2022-04-19,26.06,23.75,12058200.0
2022-04-20,24.43,23.55,10151300.0
2022-04-21,24.97,23.41,12545000.0
2022-04-22,24.87,23.75,7077100.0
2022-04-23,,,
2022-04-24,,,
2022-04-25,24.6,22.77,11146000.0
2022-04-26,23.41,21.27,12730000.0
2022-04-27,23.48,22.87,5114300.0
2022-04-28,23.51,22.6,6207900.0
2022-04-29,23.21,22.49,9311700.0
2022-04-30,,,
2022-05-01,,,
2022-05-02,,,
2022-05-03,,,
2022-05-04,22.94,21.71,7448400.0
2022-05-05,22.22,20.56,10130600.0
2022-05-06,20.83,19.58,15138700.0
2022-05-07,,,
2022-05-08,,,
2022-05-09,19.34,18.22,19409400.0
2022-05-10,19.03,17.61,15410200.0
2022-05-11,19.07,18.56,6152600.0
2022-05-12,18.69,17.51,15874500.0
2022-05-13,18.05,17.0,25052800.0
2022-05-14,,,
2022-05-15,,,
2022-05-16,18.73,18.46,18681800.0
2022-05-17,19.78,18.25,19673100.0
2022-05-18,20.32,19.41,24752200.0
2022-05-19,19.68,18.73,19089300.0
2022-05-20,20.02,19.27,16547700.0
2022-05-21,,,
2022-05-22,,,
2022-05-23,19.44,17.98,30832900.0
2022-05-24,19.07,17.07,21835700.0
2022-05-25,19.88,19.0,17343300.0
2022-05-26,20.49,19.54,29090600.0
2022-05-27,20.66,19.85,21093000.0
2022-05-28,,,
2022-05-29,,,
2022-05-30,20.83,20.02,14626400.0
2022-05-31,20.39,19.68,18324500.0
2022-06-01,20.29,19.47,14547600.0
2022-06-02,20.49,19.54,19231800.0
2022-06-03,20.15,19.54,17260500.0
2022-06-04,,,
2022-06-05,,,
2022-06-06,20.29,19.54,13164700.0
2022-06-07,19.64,18.49,18575400.0
2022-06-08,20.19,19.14,15160100.0
2022-06-09,20.09,19.58,7971900.0
2022-06-10,19.68,18.9,15662200.0
2022-06-11,,,
2022-06-12,,,
2022-06-13,18.32,17.61,20886700.0
2022-06-14,17.44,16.39,18121100.0
2022-06-15,16.79,15.37,19494300.0
2022-06-16,15.88,14.89,13558700.0
2022-06-17,14.59,13.98,20938200.0
2022-06-18,,,
2022-06-19,,,
2022-06-20,14.45,13.03,18264500.0
2022-06-21,13.5,12.25,24985100.0
2022-06-22,13.29,13.14,11892500.0
2022-06-23,13.9,13.44,13697300.0
2022-06-24,14.35,13.78,11929000.0
2022-06-25,,,
2022-06-26,,,
2022-06-27,14.91,13.97,13895600.0
2022-06-28,14.98,14.61,13211000.0
2022-06-29,15.17,14.42,14242800.0
2022-06-30,14.91,14.12,13242100.0
2022-07-01,14.87,13.48,15527500.0
2022-07-02,,,
2022-07-03,,,
2022-07-04,15.47,14.98,19712000.0
2022-07-05,15.29,14.8,14220100.0
2022-07-06,14.87,14.2,15164800.0
2022-07-07,14.42,14.01,9823100.0
2022-07-08,15.32,14.5,30285700.0
2022-07-09,,,
2022-07-10,,,
2022-07-11,15.89,14.95,26063700.0
2022-07-12,15.89,15.32,11926200.0
2022-07-13,15.85,15.25,17839400.0
2022-07-14,16.49,15.29,23495100.0
2022-07-15,16.34,15.85,16577600.0
2022-07-16,,,
2022-07-17,,,
2022-07-18,16.07,15.55,18016400.0
2022-07-19,15.7,15.1,19867100.0
2022-07-20,16.22,15.7,22292300.0
2022-07-21,16.22,15.85,15960000.0
2022-07-22,16.15,15.7,17909200.0
2022-07-23,,,
2022-07-24,,,
2022-07-25,15.81,15.25,18310100.0
2022-07-26,15.55,15.1,16457400.0
2022-07-27,15.32,14.87,17804700.0
2022-07-28,16.04,15.55,19481100.0
2022-07-29,16.26,15.81,20792200.0
2022-07-30,,,
2022-07-31,,,
2022-08-01,17.13,16.04,29169900.0
2022-08-02,17.76,17.2,35526300.0
2022-08-03,17.8,17.16,22269900.0
2022-08-04,17.95,17.28,20941700.0
2022-08-05,18.85,17.46,28994000.0
2022-08-06,,,
2022-08-07,,,
2022-08-08,19.04,18.29,21251600.0
2022-08-09,18.74,18.29,14949200.0
2022-08-10,18.78,18.36,14584500.0
2022-08-11,18.93,17.88,28045800.0
2022-08-12,18.7,18.06,17178600.0
2022-08-13,,,
2022-08-14,,,
2022-08-15,19.0,18.48,14575600.0
2022-08-16,18.78,18.36,11764700.0
2022-08-17,18.89,18.4,21210600.0
2022-08-18,19.15,18.25,28626400.0
2022-08-19,19.12,18.7,15752800.0
2022-08-20,,,
2022-08-21,,,
2022-08-22,19.04,18.48,16747900.0
2022-08-23,19.08,17.88,32424700.0
2022-08-24,19.3,18.89,13465300.0
2022-08-25,19.53,19.04,14782800.0
2022-08-26,19.27,18.63,23266700.0
2022-08-27,,,
2022-08-28,,,
2022-08-29,18.33,17.69,28608300.0
2022-08-30,18.63,17.95,12094600.0
2022-08-31,18.18,17.8,10846400.0
2022-09-01,,,
2022-09-02,,,
2022-09-03,,,
2022-09-04,,,
2022-09-05,18.25,17.8,10158000.0
2022-09-06,18.14,17.65,11026900.0
2022-09-07,17.99,16.94,23212800.0
2022-09-08,17.28,16.56,15977000.0
2022-09-09,16.67,16.0,33441100.0
2022-09-10,,,
2022-09-11,,,
2022-09-12,16.9,16.41,12029271.0
2022-09-13,16.56,15.92,18991201.0
2022-09-14,16.64,15.77,25870508.0
2022-09-15,16.6,16.22,9464833.0
2022-09-16,16.3,15.81,19474973.0
2022-09-17,,,
2022-09-18,,,
2022-09-19,15.89,14.95,22703393.0
2022-09-20,15.59,14.95,14155217.0
2022-09-21,15.62,15.29,8387044.0
2022-09-22,15.92,15.17,17213188.0
2022-09-23,16.0,15.44,10820828.0
2022-09-24,,,
2022-09-25,,,
2022-09-26,15.25,14.46,22913771.0
2022-09-27,15.02,14.65,10959109.0
2022-09-28,15.06,14.57,14124309.0
2022-09-29,15.17,14.5,11345289.0
2022-09-30,14.87,13.75,20634026.0
2022-10-01,,,
2022-10-02,,,
2022-10-03,14.76,13.86,15848709.0
2022-10-04,14.35,13.22,15617899.0
2022-10-05,14.12,13.67,13621147.0
2022-10-06,14.01,13.07,12076517.0
2022-10-07,12.84,12.17,24137897.0
2022-10-08,,,
2022-10-09,,,
2022-10-10,13.29,12.43,17623829.0
2022-10-11,13.07,12.17,16408313.0
2022-10-12,12.99,12.21,18588833.0
2022-10-13,13.29,12.77,12489797.0
2022-10-14,13.82,13.37,22042281.0
2022-10-15,,,
2022-10-16,,,
2022-10-17,13.52,12.96,13718850.0
2022-10-18,13.9,13.29,18801382.0
2022-10-19,13.52,13.14,12348149.0
2022-10-20,13.41,12.96,11213582.0
2022-10-21,13.11,12.17,28080452.0
2022-10-22,,,
2022-10-23,,,
2022-10-24,12.32,11.34,23359518.0
2022-10-25,12.06,10.74,23004571.0
2022-10-26,11.72,11.04,9017548.0
2022-10-27,11.91,11.27,21715087.0
2022-10-28,12.32,11.91,16266271.0
2022-10-29,,,
2022-10-30,,,
2022-10-31,12.32,11.42,20504714.0
2022-11-01,12.81,12.24,22332388.0
2022-11-02,12.81,12.39,15914347.0
2022-11-03,12.62,12.13,11304424.0
2022-11-04,12.24,11.53,25314599.0
2022-11-05,,,
2022-11-06,,,
2022-11-07,11.64,10.74,21171194.0
2022-11-08,11.38,10.37,16384974.0
2022-11-09,11.72,11.19,8617953.0
2022-11-10,11.12,10.44,18409098.0
2022-11-11,10.97,10.37,19863544.0
2022-11-12,,,
2022-11-13,,,
2022-11-14,10.89,9.91,20564468.0
2022-11-15,10.7,9.99,24240654.0
2022-11-16,11.15,9.8,27004983.0
2022-11-17,11.91,11.34,23390279.0
2022-11-18,12.47,11.53,34602374.0
2022-11-19,,,
2022-11-20,,,
2022-11-21,12.39,11.98,12531382.0
2022-11-22,12.77,11.94,29659808.0
2022-11-23,12.36,11.87,13129687.0
2022-11-24,12.02,11.45,16228506.0
2022-11-25,12.84,12.13,22574403.0
2022-11-26,,,
2022-11-27,,,
2022-11-28,13.71,13.14,32648783.0
2022-11-29,14.38,13.52,32288900.0
2022-11-30,14.57,13.86,29652377.0
2022-12-01,14.76,13.67,37118572.0
2022-12-02,14.61,13.6,29334232.0
2022-12-03,,,
2022-12-04,,,
2022-12-05,15.62,14.87,35825207.0
2022-12-06,15.74,14.68,41346135.0
2022-12-07,14.98,14.2,21184943.0
2022-12-08,15.44,14.68,34626455.0
2022-12-09,15.62,14.95,18586212.0
2022-12-10,,,
2022-12-11,,,
2022-12-12,15.59,14.35,26516074.0
2022-12-13,15.32,14.16,25358006.0
2022-12-14,15.77,15.1,20746950.0
2022-12-15,15.29,14.98,15556861.0
2022-12-16,15.47,15.02,21452250.0
2022-12-17,,,
2022-12-18,,,
2022-12-19,16.41,15.29,41736057.0
2022-12-20,15.59,14.53,26814294.0
2022-12-21,15.17,13.86,26451679.0
2022-12-22,14.68,13.97,13112129.0
2022-12-23,14.35,13.71,11366142.0
2022-12-24,,,
2022-12-25,,,
2022-12-26,13.75,12.81,18634677.0
2022-12-27,13.67,12.77,14752039.0
2022-12-28,13.86,13.37,10981604.0
2022-12-29,13.71,13.22,8749452.0
2022-12-30,13.6,13.22,6423547.0
2022-12-31,,,
2023-01-01,,,
2023-01-02,,,
2023-01-03,14.2,13.37,18049157.0
2023-01-04,14.65,14.23,10683324.0
2023-01-05,14.53,14.05,13312385.0
2023-01-06,14.72,14.2,13146799.0
2023-01-07,,,
2023-01-08,,,
2023-01-09,14.53,14.16,9713876.0
2023-01-10,14.46,13.86,11626593.0
2023-01-11,14.83,14.31,13977594.0
2023-01-12,14.65,14.35,6544004.0
2023-01-13,14.91,14.35,14329689.0
2023-01-14,,,
2023-01-15,,,
2023-01-16,14.65,14.35,7332385.0
2023-01-17,15.32,14.65,21998730.0
2023-01-18,15.77,15.25,19374325.0
2023-01-19,15.96,15.32,26459088.0
2023-01-20,,,
2023-01-21,,,
2023-01-22,,,
2023-01-23,,,
2023-01-24,,,
2023-01-25,,,
2023-01-26,,,
2023-01-27,16.22,15.66,19465713.0
2023-01-28,,,
2023-01-29,,,
2023-01-30,16.3,15.55,19245120.0
2023-01-31,16.26,15.66,17930413.0
2023-02-01,16.41,15.1,26561576.0
2023-02-02,15.32,14.95,12001258.0
2023-02-03,15.25,14.72,13220810.0
2023-02-04,,,
2023-02-05,,,
2023-02-06,15.02,14.57,11554499.0
2023-02-07,15.29,14.31,17392430.0
2023-02-08,14.8,14.05,12543367.0
2023-02-09,14.83,14.5,7435428.0
2023-02-10,14.72,14.16,9540041.0
2023-02-11,,,
2023-02-12,,,
2023-02-13,14.27,13.63,11363805.0
2023-02-14,14.2,13.9,6182287.0
2023-02-15,14.53,14.12,10346233.0
2023-02-16,14.65,14.38,9830320.0
2023-02-17,14.76,14.42,8056100.0
2023-02-18,,,
2023-02-19,,,
2023-02-20,15.59,14.57,23660400.0
2023-02-21,15.74,15.36,14064157.0
2023-02-22,15.32,14.5,24072319.0
2023-02-23,14.8,14.12,17949009.0
2023-02-24,14.83,14.27,7727509.0
2023-02-25,,,
2023-02-26,,,
2023-02-27,14.2,13.71,14837184.0
2023-02-28,14.08,13.67,11910500.0
2023-03-01,14.27,13.63,11381711.0
2023-03-02,14.35,14.01,5342534.0
2023-03-03,14.16,13.86,7384212.0
2023-03-04,,,
2023-03-05,,,
2023-03-06,14.42,14.08,10341363.0
2023-03-07,14.65,14.12,16206047.0
2023-03-08,14.87,14.27,14658207.0
2023-03-09,15.1,14.83,17712684.0
2023-03-10,14.91,14.61,13376398.0
2023-03-11,,,
2023-03-12,,,
2023-03-13,14.98,14.42,20543615.0
2023-03-14,14.8,14.27,15081817.0
2023-03-15,15.29,14.65,28464023.0
2023-03-16,15.51,15.13,19595333.0
2023-03-17,15.4,15.06,19304021.0
2023-03-18,,,
2023-03-19,,,
2023-03-20,15.21,14.65,18550666.0
2023-03-21,15.02,14.53,17549722.0
2023-03-22,15.25,14.91,12305772.0
2023-03-23,15.32,14.76,17495900.0
2023-03-24,15.51,15.32,18618046.0
2023-03-25,,,
2023-03-26,,,
2023-03-27,16.07,15.36,23499633.0
2023-03-28,16.0,15.59,18889085.0
2023-03-29,15.85,15.59,15839596.0
2023-03-30,16.3,15.74,23217412.0
2023-03-31,16.3,15.66,31987854.0
2023-04-01,,,
2023-04-02,,,
2023-04-03,16.64,16.45,31841539.0
2023-04-04,17.05,16.37,31011591.0
2023-04-05,16.98,16.6,18377358.0
2023-04-06,17.28,16.41,25229941.0
2023-04-07,16.9,16.34,25290106.0
2023-04-08,,,
2023-04-09,,,
2023-04-10,17.43,16.71,26260431.0
2023-04-11,16.98,16.37,25251784.0
2023-04-12,17.05,16.49,17025851.0
2023-04-13,16.71,16.26,17749732.0
2023-04-14,16.56,15.92,26945252.0
2023-04-15,,,
2023-04-16,,,
2023-04-17,16.15,15.89,12905735.0
2023-04-18,16.34,15.89,19093595.0
2023-04-19,16.41,15.96,13631916.0
2023-04-20,16.07,15.81,9549796.0
2023-04-21,16.67,16.04,30664870.0
2023-04-22,,,
2023-04-23,,,
2023-04-24,16.45,16.11,9654040.0
2023-04-25,16.3,15.74,18715864.0
2023-04-26,16.04,15.55,17555091.0
2023-04-27,16.11,15.85,9137445.0
2023-04-28,16.19,15.96,16661987.0
2023-04-29,,,
2023-04-30,,,
2023-05-01,,,
2023-05-02,,,
2023-05-03,,,
2023-05-04,16.45,16.0,16519160.0
2023-05-05,16.37,16.11,8505296.0
2023-05-06,,,
2023-05-07,,,
2023-05-08,16.75,16.22,28570923.0
2023-05-09,16.86,16.56,13216294.0
2023-05-10,17.05,16.71,19039489.0
2023-05-11,17.2,16.82,19760761.0
2023-05-12,17.46,16.75,27512666.0
2023-05-13,,,
2023-05-14,,,
2023-05-15,17.73,17.2,20850794.0
2023-05-16,17.39,17.16,19673645.0
2023-05-17,17.28,16.82,22651582.0
2023-05-18,17.39,16.86,27101111.0
2023-05-19,17.5,17.01,15669917.0
2023-05-20,,,
2023-05-21,,,
2023-05-22,17.43,17.16,14777225.0
2023-05-23,17.5,17.13,20311279.0
2023-05-24,17.43,17.05,24779875.0
2023-05-25,17.05,16.86,15723995.0
2023-05-26,17.05,16.9,8274343.0
2023-05-27,,,
2023-05-28,,,
2023-05-29,17.61,17.09,17601014.0
2023-05-30,17.73,17.35,14848746.0
2023-05-31,17.65,17.28,18629028.0
2023-06-01,17.73,17.31,16365685.0
2023-06-02,18.29,17.8,27310682.0
2023-06-03,,,
2023-06-04,,,
2023-06-05,18.48,17.95,18894386.0
2023-06-06,19.0,17.95,34333644.0
2023-06-07,19.08,18.7,18177686.0
2023-06-08,19.08,18.25,34760391.0
2023-06-09,18.97,18.21,22962251.0
2023-06-10,,,
2023-06-11,,,
2023-06-12,19.08,18.55,17312795.0
2023-06-13,19.3,18.85,18423638.0
2023-06-14,19.68,19.04,25257930.0
2023-06-15,19.38,19.12,14248439.0
2023-06-16,20.43,19.57,34458192.0
2023-06-17,,,
2023-06-18,,,
2023-06-19,20.05,19.6,15019524.0
2023-06-20,20.26,19.48,19257686.0
2023-06-21,20.45,19.99,19262449.0
2023-06-22,20.69,20.14,15250194.0
2023-06-23,20.45,20.1,12487115.0
2023-06-24,,,
2023-06-25,,,
2023-06-26,20.34,19.71,17388187.0
2023-06-27,20.88,20.14,20391359.0
2023-06-28,21.04,20.61,16426749.0
2023-06-29,20.81,19.87,19945873.0
2023-06-30,20.22,19.83,14519819.0
2023-07-01,,,
2023-07-02,,,
2023-07-03,20.38,20.02,13143988.0
2023-07-04,20.69,19.95,24386279.0
2023-07-05,20.84,20.45,15876698.0
2023-07-06,20.84,20.14,26810392.0
2023-07-07,20.65,20.02,14799372.0
2023-07-08,,,
2023-07-09,,,
2023-07-10,21.47,20.81,30641894.0
2023-07-11,22.21,21.39,27108971.0
2023-07-12,22.33,21.59,23050554.0
2023-07-13,22.25,21.86,16160710.0
2023-07-14,22.33,21.82,16106989.0
2023-07-15,,,
2023-07-16,,,
2023-07-17,22.8,22.29,14473721.0
2023-07-18,22.48,22.21,12419209.0
2023-07-19,22.56,22.21,10050455.0
2023-07-20,22.25,21.55,28837452.0
2023-07-21,22.48,21.74,16467602.0
2023-07-22,,,
2023-07-23,,,
2023-07-24,22.8,22.17,14538723.0
2023-07-25,22.72,22.25,14453145.0
2023-07-26,22.68,22.17,12783596.0
2023-07-27,23.19,22.56,16471380.0
2023-07-28,23.34,22.91,13134380.0
2023-07-29,,,
2023-07-30,,,
2023-07-31,23.58,22.91,15223920.0
2023-08-01,23.19,22.48,16381039.0
2023-08-02,22.76,22.33,11462854.0
2023-08-03,22.68,22.09,15214996.0
2023-08-04,22.95,22.25,14996375.0
2023-08-05,,,
2023-08-06,,,
2023-08-07,23.38,22.95,15098984.0
2023-08-08,23.3,22.64,11632979.0
2023-08-09,22.8,22.29,16623607.0
2023-08-10,22.52,21.94,23387174.0
2023-08-11,22.09,21.59,27539884.0
2023-08-12,,,
2023-08-13,,,
2023-08-14,22.95,21.94,30337854.0
2023-08-15,22.8,22.37,13187585.0
2023-08-16,22.76,22.21,14339261.0
2023-08-17,23.89,22.68,59173779.0
2023-08-18,23.73,21.86,46446022.0
2023-08-19,,,
2023-08-20,,,
2023-08-21,22.76,22.25,35544492.0
2023-08-22,23.97,21.74,51820376.0
2023-08-23,24.32,23.54,32905951.0
2023-08-24,25.06,23.54,38307085.0
2023-08-25,25.37,24.71,32442212.0
2023-08-26,,,
2023-08-27,,,
2023-08-28,25.53,25.06,26973007.0
2023-08-29,25.61,24.75,35207297.0
2023-08-30,26.47,25.06,24989416.0
2023-08-31,26.35,26.0,17644865.0
2023-09-01,,,
2023-09-02,,,
2023-09-03,,,
2023-09-04,,,
2023-09-05,26.31,25.61,27143413.0
2023-09-06,26.93,25.72,19664773.0
2023-09-07,26.66,26.0,21478871.0
2023-09-08,26.62,26.08,16661916.0
2023-09-09,,,
2023-09-10,,,
2023-09-11,26.82,26.08,34435379.0
2023-09-12,27.95,26.15,37141532.0
2023-09-13,28.57,27.71,35650752.0
2023-09-14,28.3,27.25,33918139.0
2023-09-15,28.14,27.32,23631935.0
2023-09-16,,,
2023-09-17,,,
2023-09-18,28.07,27.25,25493711.0
2023-09-19,28.26,27.48,19564239.0
2023-09-20,28.89,28.18,22959181.0
2023-09-21,28.46,27.13,49196697.0
2023-09-22,26.5,25.26,69569414.0
2023-09-23,,,
2023-09-24,,,
2023-09-25,25.84,23.69,42959790.0
2023-09-26,25.33,23.66,38712113.0
2023-09-27,25.76,24.12,32051921.0
2023-09-28,25.69,24.75,27918164.0
2023-09-29,25.69,24.83,19993319.0
2023-09-30,,,
2023-10-01,,,
2023-10-02,25.49,24.75,17216751.0
2023-10-03,24.71,23.5,42255212.0
2023-10-04,25.22,23.15,33566366.0
2023-10-05,25.29,24.59,22269067.0
2023-10-06,25.72,24.36,26504380.0
2023-10-07,,,
2023-10-08,,,
2023-10-09,26.15,25.29,21961842.0
2023-10-10,26.47,25.53,27785551.0
2023-10-11,26.54,25.41,23564775.0
2023-10-12,26.62,26.08,18154922.0
2023-10-13,26.62,25.76,22037049.0
2023-10-14,,,
2023-10-15,,,
2023-10-16,26.23,24.9,28369023.0
2023-10-17,25.69,24.55,19539356.0
2023-10-18,25.1,23.26,28502406.0
2023-10-19,24.79,23.26,28874775.0
2023-10-20,24.51,22.72,28203426.0
2023-10-21,,,
2023-10-22,,,
2023-10-23,24.47,23.73,15343055.0
2023-10-24,24.32,23.77,14257724.0
2023-10-25,24.63,24.05,14384788.0
2023-10-26,23.38,22.37,54169814.0
2023-10-27,23.26,22.45,20057135.0
2023-10-28,,,
2023-10-29,,,
2023-10-30,22.91,21.47,16795444.0
2023-10-31,21.78,20.02,36443865.0
2023-11-01,21.2,20.1,30981601.0
2023-11-02,22.64,21.47,27485870.0
2023-11-03,22.68,22.09,25389922.0
2023-11-04,,,
2023-11-05,,,
2023-11-06,22.87,22.48,17866096.0
2023-11-07,22.87,22.09,18334413.0
2023-11-08,23.66,22.09,31637254.0
2023-11-09,24.67,23.85,33989844.0
2023-11-10,24.9,23.85,32350824.0
2023-11-11,,,
2023-11-12,,,
2023-11-13,24.67,24.05,20870089.0
2023-11-14,25.14,24.47,23245528.0
2023-11-15,25.61,24.9,26914210.0
2023-11-16,25.22,24.47,19058368.0
2023-11-17,25.45,24.28,29295731.0
2023-11-18,,,
2023-11-19,,,
2023-11-20,25.53,23.93,26509391.0
2023-11-21,25.61,25.22,17294164.0
2023-11-22,25.72,25.22,22928145.0
2023-11-23,25.92,24.12,27088277.0
2023-11-24,24.98,23.97,24688304.0
2023-11-25,,,
2023-11-26,,,
2023-11-27,24.98,24.2,15104505.0
2023-11-28,24.59,23.58,21401318.0
2023-11-29,24.94,24.44,12218917.0
2023-11-30,25.1,24.44,16683603.0
2023-12-01,25.18,24.4,20047039.0
2023-12-02,,,
2023-12-03,,,
2023-12-04,26.54,25.41,45290639.0
2023-12-05,26.31,25.88,23481559.0
2023-12-06,26.43,25.96,17910458.0
2023-12-07,26.31,25.02,44220824.0
2023-12-08,25.76,25.22,18084242.0
2023-12-09,,,
2023-12-10,,,
2023-12-11,25.8,25.06,20001338.0
2023-12-12,25.76,25.37,12456871.0
2023-12-13,25.72,24.98,21552744.0
2023-12-14,25.37,24.9,15660959.0
2023-12-15,25.37,24.75,19873990.0
2023-12-16,,,
2023-12-17,,,
2023-12-18,25.1,24.71,11327005.0
2023-12-19,25.1,24.47,15690880.0
2023-12-20,25.45,24.94,13508830.0
2023-12-21,25.22,24.98,8085167.0
2023-12-22,25.72,25.14,17461200.0
2023-12-23,,,
2023-12-24,,,
2023-12-25,25.57,25.06,13956840.0
2023-12-26,25.69,25.37,14008666.0
2023-12-27,25.88,25.61,16105571.0
2023-12-28,25.88,25.49,10899256.0
2023-12-29,25.84,25.57,12793611.0
2023-12-30,,,
2023-12-31,,,
2024-01-01,,,
2024-01-02,25.92,25.37,18056240.0
2024-01-03,25.72,25.22,11410808.0
2024-01-04,26.7,25.76,58726383.0
2024-01-05,26.66,26.23,25144024.0
2024-01-06,,,
2024-01-07,,,
2024-01-08,26.93,26.54,20735618.0
2024-01-09,26.82,26.47,18989909.0
2024-01-10,26.58,26.04,23834249.0
2024-01-11,26.86,26.23,25477178.0
2024-01-12,26.54,26.04,25263290.0
2024-01-13,,,
2024-01-14,,,
2024-01-15,26.62,25.76,22252177.0
2024-01-16,26.15,25.57,19319481.0
2024-01-17,26.93,26.11,26225492.0
2024-01-18,26.58,26.27,14739610.0
2024-01-19,26.62,26.08,22395072.0
2024-01-20,,,
2024-01-21,,,
2024-01-22,26.54,26.08,16818935.0
2024-01-23,26.62,26.27,12568658.0
2024-01-24,26.86,26.31,27358980.0
2024-01-25,26.7,26.43,10944446.0
2024-01-26,26.82,26.5,14292358.0
2024-01-27,,,
2024-01-28,,,
2024-01-29,26.86,26.43,12263168.0
2024-01-30,26.66,26.39,11908039.0
2024-01-31,27.44,26.7,44828105.0
2024-02-01,27.21,26.86,11157027.0
2024-02-02,27.68,27.17,23513684.0
2024-02-03,,,
2024-02-04,,,
2024-02-05,27.44,26.93,19533742.0
2024-02-06,27.68,27.25,13200953.0
2024-02-07,27.6,27.25,15715732.0
2024-02-08,,,
2024-02-09,,,
2024-02-10,,,
2024-02-11,,,
2024-02-12,,,
2024-02-13,,,
2024-02-14,,,
2024-02-15,27.71,27.32,14894504.0
2024-02-16,27.64,27.25,18040913.0
2024-02-17,,,
2024-02-18,,,
2024-02-19,27.48,26.86,32840902.0
2024-02-20,27.95,27.52,18108398.0
2024-02-21,27.56,27.09,18558880.0
2024-02-22,27.29,26.97,14416824.0
2024-02-23,27.25,26.58,24151042.0
2024-02-24,,,
2024-02-25,,,
2024-02-26,27.6,26.58,26881680.0
2024-02-27,28.46,27.4,47053280.0
2024-02-28,28.3,27.83,26072310.0
2024-02-29,29.43,28.34,43202733.0
2024-03-01,29.43,28.89,21499365.0
2024-03-02,,,
2024-03-03,,,
2024-03-04,29.55,28.89,25354754.0
2024-03-05,29.24,28.61,31396834.0
2024-03-06,29.51,28.65,27687766.0
2024-03-07,29.63,28.77,34069906.0
2024-03-08,29.74,28.73,35890489.0
2024-03-09,,,
2024-03-10,,,
2024-03-11,29.0,28.26,24854489.0
2024-03-12,28.57,28.14,21933665.0
2024-03-13,29.74,28.34,35795637.0
2024-03-14,30.45,29.51,39376627.0
2024-03-15,29.59,28.96,27984321.0
2024-03-16,,,
2024-03-17,,,
2024-03-18,29.67,27.79,48630337.0
2024-03-19,28.89,28.22,14633252.0
2024-03-20,29.04,28.3,16369591.0
2024-03-21,29.67,29.28,27181801.0
2024-03-22,30.02,29.35,29828270.0
2024-03-23,,,
2024-03-24,,,
2024-03-25,29.9,29.12,24351652.0
2024-03-26,29.82,29.0,19519834.0
2024-03-27,30.06,29.59,18780855.0
2024-03-28,30.64,30.29,26426966.0
2024-03-29,30.53,30.06,17534673.0
2024-03-30,,,
2024-03-31,,,
2024-04-01,30.6,29.55,31100494.0
2024-04-02,30.45,29.67,21155300.0
2024-04-03,30.6,29.67,25759262.0
2024-04-04,29.82,29.39,24891684.0
2024-04-05,29.12,28.73,31254248.0
2024-04-06,,,
2024-04-07,,,
2024-04-08,28.89,28.61,12123079.0
2024-04-09,29.28,28.65,13239735.0
2024-04-10,29.35,28.85,8530255.0
2024-04-11,29.2,28.53,11891348.0
2024-04-12,29.51,28.92,19502433.0
2024-04-13,,,
2024-04-14,,,
2024-04-15,29.39,27.29,29945528.0
2024-04-16,27.56,26.62,32807259.0
2024-04-17,27.71,26.86,13937441.0
2024-04-18,,,
2024-04-19,27.17,25.8,29572429.0
2024-04-20,,,
2024-04-21,,,
2024-04-22,27.71,26.5,19504978.0
2024-04-23,27.56,26.78,16746317.0
2024-04-24,28.07,27.25,21331306.0
2024-04-25,27.83,27.4,10581757.0
2024-04-26,27.6,27.09,13823733.0
2024-04-27,,,
2024-04-28,,,
2024-04-29,,,
2024-04-30,,,
2024-05-01,,,
2024-05-02,27.56,26.78,12225106.0
2024-05-03,27.56,27.01,9167946.0
2024-05-04,,,
2024-05-05,,,
2024-05-06,28.14,27.29,16794167.0
2024-05-07,28.11,27.64,8277642.0
2024-05-08,28.03,27.4,13715391.0
2024-05-09,28.03,27.36,15346977.0
2024-05-10,27.71,27.32,12122246.0
2024-05-11,,,
2024-05-12,,,
2024-05-13,28.03,27.52,10277498.0
2024-05-14,28.03,27.6,7031709.0
2024-05-15,28.34,27.71,20299703.0
2024-05-16,28.42,28.14,13621354.0
2024-05-17,28.57,28.07,14819845.0
2024-05-18,,,
2024-05-19,,,
2024-05-20,28.96,28.5,19951399.0
2024-05-21,28.73,28.34,14042089.0
2024-05-22,29.16,28.42,22694009.0
2024-05-23,28.65,27.99,16685615.0
2024-05-24,28.46,27.17,28304549.0
2024-05-25,,,
2024-05-26,,,
2024-05-27,27.71,27.17,16847120.0
2024-05-28,27.79,27.44,13047528.0
2024-05-29,28.03,27.4,13097148.0
2024-05-30,27.36,26.78,18870788.0
2024-05-31,27.32,27.01,8444893.0
2024-06-01,,,
2024-06-02,,,
2024-06-03,27.79,27.32,12490121.0
2024-06-04,28.03,27.6,11444222.0
2024-06-05,27.95,27.64,14113081.0
2024-06-06,27.83,27.48,8637459.0
2024-06-07,27.83,27.56,6450773.0
2024-06-08,,,
2024-06-09,,,
2024-06-10,27.95,27.6,13317498.0
2024-06-11,27.95,27.52,14780527.0
2024-06-12,28.57,27.95,27353439.0
2024-06-13,28.81,28.38,13013699.0
2024-06-14,29.04,28.18,26745140.0
2024-06-15,,,
2024-06-16,,,
2024-06-17,28.3,27.91,12556329.0
2024-06-18,28.34,27.99,9696316.0
2024-06-19,28.34,27.95,9771991.0
2024-06-20,28.34,27.64,14280042.0
2024-06-21,28.11,27.71,9058648.0
2024-06-22,,,
2024-06-23,,,
2024-06-24,27.71,26.7,27194073.0
2024-06-25,27.21,26.86,6526985.0
2024-06-26,27.05,26.23,11520430.0
2024-06-27,26.97,26.62,5312071.0
2024-06-28,26.9,26.35,11367509.0
2024-06-29,,,
2024-06-30,,,
2024-07-01,26.62,26.11,7938015.0
2024-07-02,26.82,26.47,7216093.0
2024-07-03,27.01,26.82,5955115.0
2024-07-04,27.17,26.78,5768621.0
2024-07-05,27.05,26.66,7443387.0
2024-07-06,,,
2024-07-07,,,
2024-07-08,27.36,26.86,7630032.0
2024-07-09,27.25,26.78,10079685.0
2024-07-10,27.13,26.82,5766575.0
2024-07-11,27.44,26.9,11005047.0
2024-07-12,27.25,26.9,5111518.0
2024-07-13,,,
2024-07-14,,,
2024-07-15,27.09,26.78,3956074.0
2024-07-16,27.32,26.82,7481844.0
2024-07-17,27.29,26.5,14345234.0
2024-07-18,26.86,26.39,9455794.0
2024-07-19,27.48,26.93,17269020.0
2024-07-20,,,
2024-07-21,,,
2024-07-22,27.36,26.66,10114811.0
2024-07-23,27.13,26.43,12724986.0
2024-07-24,26.47,24.94,21943775.0
2024-07-25,25.49,24.83,16467648.0
2024-07-26,25.22,24.9,7000649.0
2024-07-27,,,
2024-07-28,,,
2024-07-29,25.41,25.14,5701080.0
2024-07-30,25.29,24.9,5990599.0
2024-07-31,25.22,24.75,7855574.0
2024-08-01,25.06,23.42,23885264.0
2024-08-02,24.47,23.23,15351321.0
2024-08-03,,,
2024-08-04,,,
2024-08-05,24.05,23.11,22033037.0
2024-08-06,24.2,23.15,17114832.0
2024-08-07,24.12,23.62,6529593.0
2024-08-08,23.97,23.34,11143672.0
2024-08-09,24.67,23.66,14924769.0
2024-08-10,,,
2024-08-11,,,
2024-08-12,24.98,24.36,11077676.0
2024-08-13,24.94,24.4,9400313.0
2024-08-14,24.87,24.44,7224543.0
2024-08-15,24.63,24.05,9342838.0
2024-08-16,25.53,24.32,27287670.0
2024-08-17,,,
2024-08-18,,,
2024-08-19,25.76,25.29,9676830.0
2024-08-20,25.72,25.22,13821860.0
2024-08-21,25.8,25.33,12954212.0
2024-08-22,25.96,25.53,10213777.0
2024-08-23,26.47,25.57,15982168.0
2024-08-24,,,
2024-08-25,,,
2024-08-26,26.78,26.23,19845980.0
2024-08-27,26.47,26.08,9976688.0
2024-08-28,26.74,25.88,20052141.0
2024-08-29,26.7,26.35,8717352.0
2024-08-30,26.54,26.27,8634491.0
2024-08-31,,,
2024-09-01,,,
2024-09-02,,,
2024-09-03,,,
2024-09-04,26.11,25.76,10060700.0
2024-09-05,26.35,25.69,9861126.0
2024-09-06,26.08,25.61,9540780.0
2024-09-07,,,
2024-09-08,,,
2024-09-09,26.04,25.65,10106839.0
2024-09-10,26.04,24.98,13282489.0
2024-09-11,25.45,24.87,8914278.0
2024-09-12,25.57,25.18,5943742.0
2024-09-13,25.53,25.06,11644314.0
2024-09-14,,,
2024-09-15,,,
2024-09-16,25.49,25.02,9527478.0
2024-09-17,25.53,25.02,9663573.0
2024-09-18,26.35,25.61,28157034.0
2024-09-19,26.47,26.19,24643580.0
2024-09-20,26.43,26.08,31685812.0
2024-09-21,,,
2024-09-22,,,
2024-09-23,26.95,26.45,19239479.0
2024-09-24,26.65,26.4,8616050.0
2024-09-25,27.6,26.7,27337414.0
2024-09-26,27.7,27.35,14952865.0
2024-09-27,27.75,27.4,12582615.0
2024-09-28,,,
2024-09-29,,,
2024-09-30,28.15,27.25,12755149.0
2024-10-01,28.35,27.8,14453087.0
2024-10-02,27.8,27.5,11825541.0
2024-10-03,27.95,27.35,12835696.0
2024-10-04,27.8,27.3,8506100.0
2024-10-05,,,
2024-10-06,,,
2024-10-07,27.6,27.25,9644300.0
2024-10-08,27.9,27.35,12340400.0
2024-10-09,27.6,27.1,17220400.0
2024-10-10,27.8,27.35,14886300.0
2024-10-11,27.65,27.35,8286200.0
2024-10-12,,,
2024-10-13,,,
2024-10-14,28.0,27.5,12591700.0
2024-10-15,27.9,27.25,12559000.0
2024-10-16,27.45,27.05,9811400.0
2024-10-17,27.45,26.95,11043700.0
2024-10-18,27.75,27.35,11887200.0
2024-10-19,,,
2024-10-20,,,
2024-10-21,27.4,26.9,11792200.0
2024-10-22,27.2,26.7,15345800.0
2024-10-23,27.0,26.7,8135500.0
2024-10-24,27.1,26.8,11773000.0
2024-10-25,26.9,26.7,7953400.0
2024-10-26,,,
2024-10-27,,,
2024-10-28,27.0,26.65,6128800.0
2024-10-29,27.0,26.7,5358800.0
2024-10-30,26.85,26.2,9615800.0
2024-10-31,26.6,26.3,7085500.0
2024-11-01,26.5,26.05,8377200.0
2024-11-02,,,
2024-11-03,,,
2024-11-04,26.55,25.9,13413500.0
2024-11-05,26.45,26.15,3203100.0
2024-11-06,26.6,26.2,10676500.0
2024-11-07,26.7,26.35,5991000.0
2024-11-08,26.45,26.05,7720000.0
2024-11-09,,,
2024-11-10,,,
2024-11-11,26.1,25.55,12696500.0
2024-11-12,26.15,25.55,10035100.0
2024-11-13,25.7,25.25,12418200.0
2024-11-14,25.45,24.65,12754600.0
2024-11-15,24.7,23.8,25501800.0
2024-11-16,,,
2024-11-17,,,
2024-11-18,24.6,23.8,24877000.0
2024-11-19,24.5,23.8,10705300.0
2024-11-20,24.7,23.75,17961700.0
2024-11-21,24.65,24.05,14195600.0
2024-11-22,24.6,24.25,12804200.0
2024-11-23,,,
2024-11-24,,,
2024-11-25,24.5,24.2,10156700.0
2024-11-26,24.9,24.5,9334300.0
2024-11-27,24.7,24.25,9322900.0
2024-11-28,24.55,24.25,8460700.0
2024-11-29,24.65,24.2,9018200.0
2024-11-30,,,
2024-12-01,,,
2024-12-02,24.75,24.3,7836700.0
2024-12-03,24.5,24.25,12527000.0
2024-12-04,24.3,24.0,9139300.0
2024-12-05,25.7,23.65,35613300.0
2024-12-06,26.45,25.8,33824400.0
2024-12-07,,,
2024-12-08,,,
2024-12-09,26.4,26.0,18860200.0
2024-12-10,26.4,26.0,12619100.0
2024-12-11,26.4,25.95,12560400.0
2024-12-12,26.45,26.0,12180000.0
2024-12-13,26.0,25.7,10969600.0
2024-12-14,,,
2024-12-15,,,
2024-12-16,26.2,25.75,14599300.0
2024-12-17,26.15,25.85,6199400.0
2024-12-18,26.2,25.8,7203300.0
2024-12-19,26.2,25.45,30712700.0
2024-12-20,26.25,25.9,12287800.0
2024-12-21,,,
2024-12-22,,,
2024-12-23,26.3,25.85,7842600.0
2024-12-24,25.95,25.5,12299200.0
2024-12-25,26.75,25.9,26221100.0
2024-12-26,26.6,26.35,8764400.0
2024-12-27,26.7,26.3,16346900.0
2024-12-28,,,
2024-12-29,,,
2024-12-30,26.9,26.45,11494000.0
2024-12-31,26.45,26.05,8234000.0
